Name	ScopeWizard	
File	D:\HV-filesync\xizh0002\Documents\TcXaeShell\MonoPLC\MonoPLC\SideEffectPLC\Scope Project.csv	
Starttime of export	134188735896190000	Wednesday, March 25, 2026	01:53:09.619
Endtime of export	134188737266590000	Wednesday, March 25, 2026	01:55:26.659


Name	Diag_CycleCount	Name	Diag_CycleExecTime_us	Name	Diag_EventBusDepth	Name	Diag_EventsThisCycle	Name	Diag_MaxExecTime_us
SymbolComment	 累计 cycle 数	SymbolComment	 上一 cycle 实际执行时间 (us)	SymbolComment	 cycle 开始时队列深度	SymbolComment	 本 cycle 处理的事件数	SymbolComment	 历史最大执行时间 (us)
Data-Type	UINT32	Data-Type	REAL64	Data-Type	INT16	Data-Type	INT16	Data-Type	REAL64
SampleTime[ms]	10	SampleTime[ms]	10	SampleTime[ms]	10	SampleTime[ms]	10	SampleTime[ms]	10
VariableSize	4	VariableSize	8	VariableSize	2	VariableSize	2	VariableSize	8
SymbolBased	True	SymbolBased	True	SymbolBased	True	SymbolBased	True	SymbolBased	True
IndexGroup	16448	IndexGroup	16448	IndexGroup	16448	IndexGroup	16448	IndexGroup	16448
IndexOffset	481600	IndexOffset	481584	IndexOffset	481580	IndexOffset	481574	IndexOffset	481592
SymbolName	GVL.Diag_CycleCount	SymbolName	GVL.Diag_CycleExecTime_us	SymbolName	GVL.Diag_EventBusDepth	SymbolName	GVL.Diag_EventsThisCycle	SymbolName	GVL.Diag_MaxExecTime_us
NetID	199.4.42.250.1.1	NetID	199.4.42.250.1.1	NetID	199.4.42.250.1.1	NetID	199.4.42.250.1.1	NetID	199.4.42.250.1.1
Port	851	Port	851	Port	851	Port	851	Port	851
Offset	0	Offset	0	Offset	0	Offset	0	Offset	0
ScaleFactor	1	ScaleFactor	1	ScaleFactor	1	ScaleFactor	1	ScaleFactor	1
BitMask	0xffffffffffffffff	BitMask	0xffffffffffffffff	BitMask	0xffffffffffffffff	BitMask	0xffffffffffffffff	BitMask	0xffffffffffffffff
Unit	(None)	Unit	(None)	Unit	(None)	Unit	(None)	Unit	(None)
Unit ScaleFactor	1	Unit ScaleFactor	1	Unit ScaleFactor	1	Unit ScaleFactor	1	Unit ScaleFactor	1
Unit Offset	0	Unit Offset	0	Unit Offset	0	Unit Offset	0	Unit Offset	0

0	1441	0	35,1	0	0	0	1	0	5329,9
10	1442	10	41,4	10	0	10	1	10	5329,9
20	1443	20	42,2	20	0	20	1	20	5329,9
30	1444	30	40,3	30	0	30	1	30	5329,9
40	1445	40	44,3	40	0	40	1	40	5329,9
50	1446	50	45,3	50	0	50	1	50	5329,9
60	1447	60	49,5	60	0	60	1	60	5329,9
70	1448	70	99	70	0	70	1	70	5329,9
80	1449	80	50,2	80	0	80	1	80	5329,9
90	1450	90	42,8	90	0	90	1	90	5329,9
100	1451	100	48,8	100	0	100	1	100	5329,9
110	1452	110	46,9	110	0	110	1	110	5329,9
120	1453	120	44,8	120	0	120	1	120	5329,9
130	1454	130	40,7	130	0	130	1	130	5329,9
140	1455	140	46,3	140	0	140	1	140	5329,9
150	1456	150	33	150	0	150	1	150	5329,9
160	1457	160	51,6	160	0	160	1	160	5329,9
170	1458	170	52,5	170	0	170	1	170	5329,9
180	1459	180	47,4	180	0	180	1	180	5329,9
190	1460	190	53,8	190	0	190	1	190	5329,9
200	1461	200	143,9	200	0	200	1	200	5329,9
210	1462	210	52,7	210	0	210	1	210	5329,9
220	1463	220	53,5	220	0	220	1	220	5329,9
230	1464	230	51,7	230	0	230	1	230	5329,9
240	1465	240	53,4	240	0	240	1	240	5329,9
250	1466	250	47,4	250	0	250	1	250	5329,9
260	1467	260	29	260	0	260	1	260	5329,9
270	1468	270	33,4	270	0	270	1	270	5329,9
280	1469	280	46,4	280	0	280	1	280	5329,9
290	1470	290	28,7	290	0	290	1	290	5329,9
300	1471	300	26,1	300	0	300	1	300	5329,9
310	1472	310	30,4	310	0	310	1	310	5329,9
320	1473	320	27,1	320	0	320	1	320	5329,9
330	1474	330	33,5	330	0	330	1	330	5329,9
340	1475	340	30,4	340	0	340	1	340	5329,9
350	1476	350	26,9	350	0	350	1	350	5329,9
360	1477	360	43,9	360	0	360	1	360	5329,9
370	1478	370	40	370	0	370	1	370	5329,9
380	1479	380	36,9	380	0	380	1	380	5329,9
390	1480	390	48,2	390	0	390	1	390	5329,9
400	1481	400	28,1	400	0	400	1	400	5329,9
410	1482	410	27,6	410	0	410	1	410	5329,9
420	1483	420	31,6	420	0	420	1	420	5329,9
430	1484	430	47	430	0	430	1	430	5329,9
440	1485	440	41,4	440	0	440	1	440	5329,9
450	1486	450	44,5	450	0	450	1	450	5329,9
460	1487	460	42,9	460	0	460	1	460	5329,9
470	1488	470	47,8	470	0	470	1	470	5329,9
480	1489	480	28,9	480	0	480	1	480	5329,9
490	1490	490	44,6	490	0	490	1	490	5329,9
500	1491	500	30,2	500	0	500	1	500	5329,9
510	1492	510	30,3	510	0	510	1	510	5329,9
520	1493	520	29,9	520	0	520	1	520	5329,9
530	1494	530	33,6	530	0	530	1	530	5329,9
540	1495	540	25,6	540	0	540	1	540	5329,9
550	1496	550	23,9	550	0	550	1	550	5329,9
560	1497	560	46,5	560	0	560	1	560	5329,9
570	1498	570	27,2	570	0	570	1	570	5329,9
580	1499	580	44	580	0	580	1	580	5329,9
590	1500	590	25,2	590	0	590	3	590	5329,9
600	1501	600	50,2	600	0	600	1	600	5329,9
610	1502	610	54,4	610	0	610	1	610	5329,9
620	1503	620	43,6	620	0	620	1	620	5329,9
630	1504	630	35,2	630	0	630	1	630	5329,9
640	1505	640	36,1	640	0	640	1	640	5329,9
650	1506	650	27,8	650	0	650	1	650	5329,9
660	1507	660	38,1	660	0	660	1	660	5329,9
670	1508	670	42,8	670	0	670	1	670	5329,9
680	1509	680	23,2	680	0	680	1	680	5329,9
690	1510	690	35,1	690	0	690	1	690	5329,9
700	1511	700	37	700	0	700	1	700	5329,9
710	1512	710	26,4	710	0	710	1	710	5329,9
720	1513	720	25,3	720	0	720	1	720	5329,9
730	1514	730	25,2	730	0	730	1	730	5329,9
740	1515	740	27,9	740	0	740	1	740	5329,9
750	1516	750	27,5	750	0	750	1	750	5329,9
760	1517	760	38,7	760	0	760	1	760	5329,9
770	1518	770	28,6	770	0	770	1	770	5329,9
780	1519	780	19,5	780	0	780	1	780	5329,9
790	1520	790	35,7	790	0	790	1	790	5329,9
800	1521	800	32,1	800	0	800	1	800	5329,9
810	1522	810	27,2	810	0	810	1	810	5329,9
820	1523	820	30,7	820	0	820	1	820	5329,9
830	1524	830	38,5	830	0	830	1	830	5329,9
840	1525	840	28,6	840	0	840	1	840	5329,9
850	1526	850	99,3	850	0	850	1	850	5329,9
860	1527	860	34,5	860	0	860	1	860	5329,9
870	1528	870	34,3	870	0	870	1	870	5329,9
880	1529	880	42,7	880	0	880	1	880	5329,9
890	1530	890	35,3	890	0	890	1	890	5329,9
900	1531	900	81,4	900	0	900	1	900	5329,9
910	1532	910	21,3	910	0	910	1	910	5329,9
920	1533	920	40	920	0	920	1	920	5329,9
930	1534	930	34,1	930	0	930	1	930	5329,9
940	1535	940	41,8	940	0	940	1	940	5329,9
950	1536	950	41,4	950	0	950	1	950	5329,9
960	1537	960	31	960	0	960	1	960	5329,9
970	1538	970	18,8	970	0	970	1	970	5329,9
980	1539	980	37,4	980	0	980	1	980	5329,9
990	1540	990	36,8	990	0	990	1	990	5329,9
1000	1541	1000	20,8	1000	0	1000	1	1000	5329,9
1010	1542	1010	22,4	1010	0	1010	1	1010	5329,9
1020	1543	1020	41,8	1020	0	1020	1	1020	5329,9
1030	1544	1030	36,1	1030	0	1030	1	1030	5329,9
1040	1545	1040	47,5	1040	0	1040	1	1040	5329,9
1050	1546	1050	20,6	1050	0	1050	1	1050	5329,9
1060	1547	1060	43,1	1060	0	1060	1	1060	5329,9
1070	1548	1070	24,7	1070	0	1070	1	1070	5329,9
1080	1549	1080	23,9	1080	0	1080	1	1080	5329,9
1090	1550	1090	30,4	1090	0	1090	1	1090	5329,9
1100	1551	1100	22,5	1100	0	1100	1	1100	5329,9
1110	1552	1110	34,8	1110	0	1110	1	1110	5329,9
1120	1553	1120	23,8	1120	0	1120	1	1120	5329,9
1130	1554	1130	43,1	1130	0	1130	1	1130	5329,9
1140	1555	1140	24,7	1140	0	1140	1	1140	5329,9
1150	1556	1150	28	1150	0	1150	1	1150	5329,9
1160	1557	1160	41,5	1160	0	1160	1	1160	5329,9
1170	1558	1170	39,3	1170	0	1170	1	1170	5329,9
1180	1559	1180	35,3	1180	0	1180	1	1180	5329,9
1190	1560	1190	47,2	1190	0	1190	1	1190	5329,9
1200	1561	1200	19,6	1200	0	1200	1	1200	5329,9
1210	1562	1210	34,3	1210	0	1210	1	1210	5329,9
1220	1563	1220	42	1220	0	1220	1	1220	5329,9
1230	1564	1230	36,7	1230	0	1230	1	1230	5329,9
1240	1565	1240	36,2	1240	0	1240	1	1240	5329,9
1250	1566	1250	21,8	1250	0	1250	1	1250	5329,9
1260	1567	1260	24,5	1260	0	1260	1	1260	5329,9
1270	1568	1270	45,8	1270	0	1270	1	1270	5329,9
1280	1569	1280	40,8	1280	0	1280	1	1280	5329,9
1290	1570	1290	44,4	1290	0	1290	1	1290	5329,9
1300	1571	1300	41,8	1300	0	1300	1	1300	5329,9
1310	1572	1310	33,9	1310	0	1310	1	1310	5329,9
1320	1573	1320	46,7	1320	0	1320	1	1320	5329,9
1330	1574	1330	27,8	1330	0	1330	1	1330	5329,9
1340	1575	1340	42,5	1340	0	1340	1	1340	5329,9
1350	1576	1350	40,2	1350	0	1350	1	1350	5329,9
1360	1577	1360	30,3	1360	0	1360	1	1360	5329,9
1370	1578	1370	40,6	1370	0	1370	1	1370	5329,9
1380	1579	1380	45,5	1380	0	1380	1	1380	5329,9
1390	1580	1390	48,7	1390	0	1390	1	1390	5329,9
1400	1581	1400	42,3	1400	0	1400	1	1400	5329,9
1410	1582	1410	49,5	1410	0	1410	1	1410	5329,9
1420	1583	1420	54,5	1420	0	1420	1	1420	5329,9
1430	1584	1430	30,3	1430	0	1430	1	1430	5329,9
1440	1585	1440	41,7	1440	0	1440	1	1440	5329,9
1450	1586	1450	45,6	1450	0	1450	1	1450	5329,9
1460	1587	1460	45,8	1460	0	1460	1	1460	5329,9
1470	1588	1470	43,6	1470	0	1470	1	1470	5329,9
1480	1589	1480	39,5	1480	0	1480	1	1480	5329,9
1490	1590	1490	42,8	1490	0	1490	1	1490	5329,9
1500	1591	1500	46,3	1500	0	1500	1	1500	5329,9
1510	1592	1510	43,1	1510	0	1510	1	1510	5329,9
1520	1593	1520	48,9	1520	0	1520	1	1520	5329,9
1530	1594	1530	44,3	1530	0	1530	1	1530	5329,9
1540	1595	1540	41,8	1540	0	1540	1	1540	5329,9
1550	1596	1550	54,1	1550	0	1550	1	1550	5329,9
1560	1597	1560	35,5	1560	0	1560	1	1560	5329,9
1570	1598	1570	52,6	1570	0	1570	1	1570	5329,9
1580	1599	1580	43,8	1580	0	1580	1	1580	5329,9
1590	1600	1590	45,2	1590	0	1590	3	1590	5329,9
1600	1601	1600	65,8	1600	0	1600	1	1600	5329,9
1610	1602	1610	46,7	1610	0	1610	1	1610	5329,9
1620	1603	1620	53	1620	0	1620	1	1620	5329,9
1630	1604	1630	37,3	1630	0	1630	1	1630	5329,9
1640	1605	1640	23	1640	0	1640	1	1640	5329,9
1650	1606	1650	40,3	1650	0	1650	1	1650	5329,9
1660	1607	1660	28,1	1660	0	1660	1	1660	5329,9
1670	1608	1670	43,6	1670	0	1670	1	1670	5329,9
1680	1609	1680	27,1	1680	0	1680	1	1680	5329,9
1690	1610	1690	41	1690	0	1690	1	1690	5329,9
1700	1611	1700	42,7	1700	0	1700	1	1700	5329,9
1710	1612	1710	47,6	1710	0	1710	1	1710	5329,9
1720	1613	1720	48,8	1720	0	1720	1	1720	5329,9
1730	1614	1730	47,2	1730	0	1730	1	1730	5329,9
1740	1615	1740	47	1740	0	1740	1	1740	5329,9
1750	1616	1750	32,5	1750	0	1750	1	1750	5329,9
1760	1617	1760	48,6	1760	0	1760	1	1760	5329,9
1770	1618	1770	29,2	1770	0	1770	1	1770	5329,9
1780	1619	1780	27,4	1780	0	1780	1	1780	5329,9
1790	1620	1790	46,6	1790	0	1790	1	1790	5329,9
1800	1621	1800	26,9	1800	0	1800	1	1800	5329,9
1810	1622	1810	33	1810	0	1810	1	1810	5329,9
1820	1623	1820	27,1	1820	0	1820	1	1820	5329,9
1830	1624	1830	28,3	1830	0	1830	1	1830	5329,9
1840	1625	1840	27,1	1840	0	1840	1	1840	5329,9
1850	1626	1850	25,1	1850	0	1850	1	1850	5329,9
1860	1627	1860	25,5	1860	0	1860	1	1860	5329,9
1870	1628	1870	40,6	1870	0	1870	1	1870	5329,9
1880	1629	1880	29,4	1880	0	1880	1	1880	5329,9
1890	1630	1890	26,6	1890	0	1890	1	1890	5329,9
1900	1631	1900	31,9	1900	0	1900	1	1900	5329,9
1910	1632	1910	49,9	1910	0	1910	1	1910	5329,9
1920	1633	1920	33,8	1920	0	1920	1	1920	5329,9
1930	1634	1930	38	1930	0	1930	1	1930	5329,9
1940	1635	1940	37,6	1940	0	1940	1	1940	5329,9
1950	1636	1950	34,3	1950	0	1950	1	1950	5329,9
1960	1637	1960	48,8	1960	0	1960	1	1960	5329,9
1970	1638	1970	26,7	1970	0	1970	1	1970	5329,9
1980	1639	1980	34,2	1980	0	1980	1	1980	5329,9
1990	1640	1990	33,7	1990	0	1990	1	1990	5329,9
2000	1641	2000	28,5	2000	0	2000	1	2000	5329,9
2010	1642	2010	29,8	2010	0	2010	1	2010	5329,9
2020	1643	2020	31,2	2020	0	2020	1	2020	5329,9
2030	1644	2030	39,4	2030	0	2030	1	2030	5329,9
2040	1645	2040	48,9	2040	0	2040	1	2040	5329,9
2050	1646	2050	28,4	2050	0	2050	1	2050	5329,9
2060	1647	2060	26,8	2060	0	2060	1	2060	5329,9
2070	1648	2070	44,9	2070	0	2070	1	2070	5329,9
2080	1649	2080	44,4	2080	0	2080	1	2080	5329,9
2090	1650	2090	26,2	2090	0	2090	1	2090	5329,9
2100	1651	2100	38,9	2100	0	2100	1	2100	5329,9
2110	1652	2110	28,1	2110	0	2110	1	2110	5329,9
2120	1653	2120	48,7	2120	0	2120	1	2120	5329,9
2130	1654	2130	27	2130	0	2130	1	2130	5329,9
2140	1655	2140	48,4	2140	0	2140	1	2140	5329,9
2150	1656	2150	27,2	2150	0	2150	1	2150	5329,9
2160	1657	2160	26,9	2160	0	2160	1	2160	5329,9
2170	1658	2170	44,9	2170	0	2170	1	2170	5329,9
2180	1659	2180	28,5	2180	0	2180	1	2180	5329,9
2190	1660	2190	50,1	2190	0	2190	1	2190	5329,9
2200	1661	2200	43	2200	0	2200	1	2200	5329,9
2210	1662	2210	44,1	2210	0	2210	1	2210	5329,9
2220	1663	2220	46,8	2220	0	2220	1	2220	5329,9
2230	1664	2230	27	2230	0	2230	1	2230	5329,9
2240	1665	2240	36,2	2240	0	2240	1	2240	5329,9
2250	1666	2250	46,9	2250	0	2250	1	2250	5329,9
2260	1667	2260	46,7	2260	0	2260	1	2260	5329,9
2270	1668	2270	33	2270	0	2270	1	2270	5329,9
2280	1669	2280	45	2280	0	2280	1	2280	5329,9
2290	1670	2290	44,9	2290	0	2290	1	2290	5329,9
2300	1671	2300	45,2	2300	0	2300	1	2300	5329,9
2310	1672	2310	47	2310	0	2310	1	2310	5329,9
2320	1673	2320	56	2320	0	2320	1	2320	5329,9
2330	1674	2330	30,4	2330	0	2330	1	2330	5329,9
2340	1675	2340	26,6	2340	0	2340	1	2340	5329,9
2350	1676	2350	48,9	2350	0	2350	1	2350	5329,9
2360	1677	2360	47,7	2360	0	2360	1	2360	5329,9
2370	1678	2370	47,1	2370	0	2370	1	2370	5329,9
2380	1679	2380	41,5	2380	0	2380	1	2380	5329,9
2390	1680	2390	48	2390	0	2390	1	2390	5329,9
2400	1681	2400	43,6	2400	0	2400	1	2400	5329,9
2410	1682	2410	25,5	2410	0	2410	1	2410	5329,9
2420	1683	2420	21,7	2420	0	2420	1	2420	5329,9
2430	1684	2430	42,5	2430	0	2430	1	2430	5329,9
2440	1685	2440	28,5	2440	0	2440	1	2440	5329,9
2450	1686	2450	27,2	2450	0	2450	1	2450	5329,9
2460	1687	2460	27	2460	0	2460	1	2460	5329,9
2470	1688	2470	47,6	2470	0	2470	1	2470	5329,9
2480	1689	2480	22,8	2480	0	2480	1	2480	5329,9
2490	1690	2490	34,8	2490	0	2490	1	2490	5329,9
2500	1691	2500	37,9	2500	0	2500	1	2500	5329,9
2510	1692	2510	26,8	2510	0	2510	1	2510	5329,9
2520	1693	2520	46,7	2520	0	2520	1	2520	5329,9
2530	1694	2530	30,2	2530	0	2530	1	2530	5329,9
2540	1695	2540	47,6	2540	0	2540	1	2540	5329,9
2550	1696	2550	41,6	2550	0	2550	1	2550	5329,9
2560	1697	2560	22,4	2560	0	2560	1	2560	5329,9
2570	1698	2570	39,3	2570	0	2570	1	2570	5329,9
2580	1699	2580	41,1	2580	0	2580	1	2580	5329,9
2590	1700	2590	27,5	2590	0	2590	3	2590	5329,9
2600	1701	2600	37	2600	0	2600	1	2600	5329,9
2610	1702	2610	44,3	2610	0	2610	1	2610	5329,9
2620	1703	2620	36,2	2620	0	2620	1	2620	5329,9
2630	1704	2630	39,2	2630	0	2630	1	2630	5329,9
2640	1705	2640	31,4	2640	0	2640	1	2640	5329,9
2650	1706	2650	19,8	2650	0	2650	1	2650	5329,9
2660	1707	2660	38,5	2660	0	2660	1	2660	5329,9
2670	1708	2670	36,1	2670	0	2670	1	2670	5329,9
2680	1709	2680	38,2	2680	0	2680	1	2680	5329,9
2690	1710	2690	39,6	2690	0	2690	1	2690	5329,9
2700	1711	2700	45	2700	0	2700	1	2700	5329,9
2710	1712	2710	26,9	2710	0	2710	1	2710	5329,9
2720	1713	2720	41,8	2720	0	2720	1	2720	5329,9
2730	1714	2730	34,1	2730	0	2730	1	2730	5329,9
2740	1715	2740	41,8	2740	0	2740	1	2740	5329,9
2750	1716	2750	45,3	2750	0	2750	1	2750	5329,9
2760	1717	2760	46,7	2760	0	2760	1	2760	5329,9
2770	1718	2770	47,6	2770	0	2770	1	2770	5329,9
2780	1719	2780	49,6	2780	0	2780	1	2780	5329,9
2790	1720	2790	37,9	2790	0	2790	1	2790	5329,9
2800	1721	2800	37,7	2800	0	2800	1	2800	5329,9
2810	1722	2810	41,2	2810	0	2810	1	2810	5329,9
2820	1723	2820	38,7	2820	0	2820	1	2820	5329,9
2830	1724	2830	35,3	2830	0	2830	1	2830	5329,9
2840	1725	2840	39,7	2840	0	2840	1	2840	5329,9
2850	1726	2850	35,3	2850	0	2850	1	2850	5329,9
2860	1727	2860	40,6	2860	0	2860	1	2860	5329,9
2870	1728	2870	39,5	2870	0	2870	1	2870	5329,9
2880	1729	2880	31,8	2880	0	2880	1	2880	5329,9
2890	1730	2890	36,1	2890	0	2890	1	2890	5329,9
2900	1731	2900	33,4	2900	0	2900	1	2900	5329,9
2910	1732	2910	50	2910	0	2910	1	2910	5329,9
2920	1733	2920	36,1	2920	0	2920	1	2920	5329,9
2930	1734	2930	53,6	2930	0	2930	1	2930	5329,9
2940	1735	2940	37,8	2940	0	2940	1	2940	5329,9
2950	1736	2950	56,3	2950	0	2950	1	2950	5329,9
2960	1737	2960	35,9	2960	0	2960	1	2960	5329,9
2970	1738	2970	36,2	2970	0	2970	1	2970	5329,9
2980	1739	2980	51,5	2980	0	2980	1	2980	5329,9
2990	1740	2990	50	2990	0	2990	1	2990	5329,9
3000	1741	3000	53,7	3000	0	3000	1	3000	5329,9
3010	1742	3010	46	3010	0	3010	1	3010	5329,9
3020	1743	3020	28,6	3020	0	3020	1	3020	5329,9
3030	1744	3030	50,6	3030	0	3030	1	3030	5329,9
3040	1745	3040	50,2	3040	0	3040	1	3040	5329,9
3050	1746	3050	32	3050	0	3050	1	3050	5329,9
3060	1747	3060	36,2	3060	0	3060	1	3060	5329,9
3070	1748	3070	30,5	3070	0	3070	1	3070	5329,9
3080	1749	3080	32,5	3080	0	3080	1	3080	5329,9
3090	1750	3090	41,9	3090	0	3090	1	3090	5329,9
3100	1751	3100	41,5	3100	0	3100	1	3100	5329,9
3110	1752	3110	26,5	3110	0	3110	1	3110	5329,9
3120	1753	3120	46,7	3120	0	3120	1	3120	5329,9
3130	1754	3130	35,6	3130	0	3130	1	3130	5329,9
3140	1755	3140	25,7	3140	0	3140	1	3140	5329,9
3150	1756	3150	48,1	3150	0	3150	1	3150	5329,9
3160	1757	3160	27,1	3160	0	3160	1	3160	5329,9
3170	1758	3170	33,4	3170	0	3170	1	3170	5329,9
3180	1759	3180	29,2	3180	0	3180	1	3180	5329,9
3190	1760	3190	41,4	3190	0	3190	1	3190	5329,9
3200	1761	3200	53,2	3200	0	3200	1	3200	5329,9
3210	1762	3210	51,4	3210	0	3210	1	3210	5329,9
3220	1763	3220	34,1	3220	0	3220	1	3220	5329,9
3230	1764	3230	24,2	3230	0	3230	1	3230	5329,9
3240	1765	3240	46,4	3240	0	3240	1	3240	5329,9
3250	1766	3250	43,7	3250	0	3250	1	3250	5329,9
3260	1767	3260	44,4	3260	0	3260	1	3260	5329,9
3270	1768	3270	24,5	3270	0	3270	1	3270	5329,9
3280	1769	3280	26,1	3280	0	3280	1	3280	5329,9
3290	1770	3290	49,7	3290	0	3290	1	3290	5329,9
3300	1771	3300	32	3300	0	3300	1	3300	5329,9
3310	1772	3310	46,3	3310	0	3310	1	3310	5329,9
3320	1773	3320	41,1	3320	0	3320	1	3320	5329,9
3330	1774	3330	40,7	3330	0	3330	1	3330	5329,9
3340	1775	3340	43,2	3340	0	3340	1	3340	5329,9
3350	1776	3350	42,5	3350	0	3350	1	3350	5329,9
3360	1777	3360	36,6	3360	0	3360	1	3360	5329,9
3370	1778	3370	45	3370	0	3370	1	3370	5329,9
3380	1779	3380	41,4	3380	0	3380	1	3380	5329,9
3390	1780	3390	48,2	3390	0	3390	1	3390	5329,9
3400	1781	3400	49,7	3400	0	3400	1	3400	5329,9
3410	1782	3410	45,3	3410	0	3410	1	3410	5329,9
3420	1783	3420	52,1	3420	0	3420	1	3420	5329,9
3430	1784	3430	51,2	3430	0	3430	1	3430	5329,9
3440	1785	3440	46	3440	0	3440	1	3440	5329,9
3450	1786	3450	42,6	3450	0	3450	1	3450	5329,9
3460	1787	3460	44,7	3460	0	3460	1	3460	5329,9
3470	1788	3470	41,1	3470	0	3470	1	3470	5329,9
3480	1789	3480	49,6	3480	0	3480	1	3480	5329,9
3490	1790	3490	41,6	3490	0	3490	1	3490	5329,9
3500	1791	3500	44	3500	0	3500	1	3500	5329,9
3510	1792	3510	47,6	3510	0	3510	1	3510	5329,9
3520	1793	3520	115,2	3520	0	3520	1	3520	5329,9
3530	1794	3530	35,1	3530	0	3530	1	3530	5329,9
3540	1795	3540	32	3540	0	3540	1	3540	5329,9
3550	1796	3550	26,3	3550	0	3550	1	3550	5329,9
3560	1797	3560	40,8	3560	0	3560	1	3560	5329,9
3570	1798	3570	46,7	3570	0	3570	1	3570	5329,9
3580	1799	3580	47,8	3580	0	3580	1	3580	5329,9
3590	1800	3590	51,9	3590	0	3590	3	3590	5329,9
3600	1801	3600	66,1	3600	0	3600	1	3600	5329,9
3610	1802	3610	50,2	3610	0	3610	1	3610	5329,9
3620	1803	3620	46,3	3620	0	3620	1	3620	5329,9
3630	1804	3630	41	3630	0	3630	1	3630	5329,9
3640	1805	3640	41,9	3640	0	3640	1	3640	5329,9
3650	1806	3650	42,2	3650	0	3650	1	3650	5329,9
3660	1807	3660	44,6	3660	0	3660	1	3660	5329,9
3670	1808	3670	50,1	3670	0	3670	1	3670	5329,9
3680	1809	3680	36,3	3680	0	3680	1	3680	5329,9
3690	1810	3690	41,1	3690	0	3690	1	3690	5329,9
3700	1811	3700	47,2	3700	0	3700	1	3700	5329,9
3710	1812	3710	42	3710	0	3710	1	3710	5329,9
3720	1813	3720	27,5	3720	0	3720	1	3720	5329,9
3730	1814	3730	45,3	3730	0	3730	1	3730	5329,9
3740	1815	3740	50,3	3740	0	3740	1	3740	5329,9
3750	1816	3750	46,1	3750	0	3750	1	3750	5329,9
3760	1817	3760	44,4	3760	0	3760	1	3760	5329,9
3770	1818	3770	46,2	3770	0	3770	1	3770	5329,9
3780	1819	3780	42,5	3780	0	3780	1	3780	5329,9
3790	1820	3790	41,8	3790	0	3790	1	3790	5329,9
3800	1821	3800	44,7	3800	0	3800	1	3800	5329,9
3810	1822	3810	45,3	3810	0	3810	1	3810	5329,9
3820	1823	3820	47,6	3820	0	3820	1	3820	5329,9
3830	1824	3830	52,3	3830	0	3830	1	3830	5329,9
3840	1825	3840	30	3840	0	3840	1	3840	5329,9
3850	1826	3850	48,5	3850	0	3850	1	3850	5329,9
3860	1827	3860	42,8	3860	0	3860	1	3860	5329,9
3870	1828	3870	44,5	3870	0	3870	1	3870	5329,9
3880	1829	3880	58	3880	0	3880	1	3880	5329,9
3890	1830	3890	38,3	3890	0	3890	1	3890	5329,9
3900	1831	3900	51	3900	0	3900	1	3900	5329,9
3910	1832	3910	44,3	3910	0	3910	1	3910	5329,9
3920	1833	3920	47,3	3920	0	3920	1	3920	5329,9
3930	1834	3930	40,1	3930	0	3930	1	3930	5329,9
3940	1835	3940	55,5	3940	0	3940	1	3940	5329,9
3950	1836	3950	47	3950	0	3950	1	3950	5329,9
3960	1837	3960	46	3960	0	3960	1	3960	5329,9
3970	1838	3970	44,6	3970	0	3970	1	3970	5329,9
3980	1839	3980	42,1	3980	0	3980	1	3980	5329,9
3990	1840	3990	36,3	3990	0	3990	1	3990	5329,9
4000	1841	4000	49,8	4000	0	4000	1	4000	5329,9
4010	1842	4010	46,3	4010	0	4010	1	4010	5329,9
4020	1843	4020	47,3	4020	0	4020	1	4020	5329,9
4030	1844	4030	48,1	4030	0	4030	1	4030	5329,9
4040	1845	4040	53,1	4040	0	4040	1	4040	5329,9
4050	1846	4050	43,4	4050	0	4050	1	4050	5329,9
4060	1847	4060	44,3	4060	0	4060	1	4060	5329,9
4070	1848	4070	49,9	4070	0	4070	1	4070	5329,9
4080	1849	4080	44	4080	0	4080	1	4080	5329,9
4090	1850	4090	43,1	4090	0	4090	1	4090	5329,9
4100	1851	4100	32,2	4100	0	4100	1	4100	5329,9
4110	1852	4110	32,8	4110	0	4110	1	4110	5329,9
4120	1853	4120	45,5	4120	0	4120	1	4120	5329,9
4130	1854	4130	46,4	4130	0	4130	1	4130	5329,9
4140	1855	4140	45,1	4140	0	4140	1	4140	5329,9
4150	1856	4150	50	4150	0	4150	1	4150	5329,9
4160	1857	4160	45,8	4160	0	4160	1	4160	5329,9
4170	1858	4170	47,4	4170	0	4170	1	4170	5329,9
4180	1859	4180	45,3	4180	0	4180	1	4180	5329,9
4190	1860	4190	44,1	4190	0	4190	1	4190	5329,9
4200	1861	4200	48,1	4200	0	4200	1	4200	5329,9
4210	1862	4210	43,9	4210	0	4210	1	4210	5329,9
4220	1863	4220	40,5	4220	0	4220	1	4220	5329,9
4230	1864	4230	40,2	4230	0	4230	1	4230	5329,9
4240	1865	4240	42,5	4240	0	4240	1	4240	5329,9
4250	1866	4250	47,5	4250	0	4250	1	4250	5329,9
4260	1867	4260	41,4	4260	0	4260	1	4260	5329,9
4270	1868	4270	52,7	4270	0	4270	1	4270	5329,9
4280	1869	4280	46,8	4280	0	4280	1	4280	5329,9
4290	1870	4290	47,8	4290	0	4290	1	4290	5329,9
4300	1871	4300	47,3	4300	0	4300	1	4300	5329,9
4310	1872	4310	48,9	4310	0	4310	1	4310	5329,9
4320	1873	4320	30,7	4320	0	4320	1	4320	5329,9
4330	1874	4330	43,8	4330	0	4330	1	4330	5329,9
4340	1875	4340	47	4340	0	4340	1	4340	5329,9
4350	1876	4350	44,5	4350	0	4350	1	4350	5329,9
4360	1877	4360	43	4360	0	4360	1	4360	5329,9
4370	1878	4370	45,4	4370	0	4370	1	4370	5329,9
4380	1879	4380	25,2	4380	0	4380	1	4380	5329,9
4390	1880	4390	43,3	4390	0	4390	1	4390	5329,9
4400	1881	4400	26,2	4400	0	4400	1	4400	5329,9
4410	1882	4410	25,4	4410	0	4410	1	4410	5329,9
4420	1883	4420	27,2	4420	0	4420	1	4420	5329,9
4430	1884	4430	26,2	4430	0	4430	1	4430	5329,9
4440	1885	4440	26,5	4440	0	4440	1	4440	5329,9
4450	1886	4450	23,5	4450	0	4450	1	4450	5329,9
4460	1887	4460	24,4	4460	0	4460	1	4460	5329,9
4470	1888	4470	28,7	4470	0	4470	1	4470	5329,9
4480	1889	4480	26,9	4480	0	4480	1	4480	5329,9
4490	1890	4490	26,9	4490	0	4490	1	4490	5329,9
4500	1891	4500	24,8	4500	0	4500	1	4500	5329,9
4510	1892	4510	46,5	4510	0	4510	1	4510	5329,9
4520	1893	4520	25,8	4520	0	4520	1	4520	5329,9
4530	1894	4530	26,2	4530	0	4530	1	4530	5329,9
4540	1895	4540	26,5	4540	0	4540	1	4540	5329,9
4550	1896	4550	29,2	4550	0	4550	1	4550	5329,9
4560	1897	4560	27,6	4560	0	4560	1	4560	5329,9
4570	1898	4570	28,7	4570	0	4570	1	4570	5329,9
4580	1899	4580	46,3	4580	0	4580	1	4580	5329,9
4590	1900	4590	42,8	4590	0	4590	3	4590	5329,9
4600	1901	4600	67,5	4600	0	4600	1	4600	5329,9
4610	1902	4610	30,2	4610	0	4610	1	4610	5329,9
4620	1903	4620	50,4	4620	0	4620	1	4620	5329,9
4630	1904	4630	43	4630	0	4630	1	4630	5329,9
4640	1905	4640	53,7	4640	0	4640	1	4640	5329,9
4650	1906	4650	44,2	4650	0	4650	1	4650	5329,9
4660	1907	4660	47,2	4660	0	4660	1	4660	5329,9
4670	1908	4670	39,9	4670	0	4670	1	4670	5329,9
4680	1909	4680	41	4680	0	4680	1	4680	5329,9
4690	1910	4690	47,4	4690	0	4690	1	4690	5329,9
4700	1911	4700	42,9	4700	0	4700	1	4700	5329,9
4710	1912	4710	43,7	4710	0	4710	1	4710	5329,9
4720	1913	4720	43,9	4720	0	4720	1	4720	5329,9
4730	1914	4730	40,8	4730	0	4730	1	4730	5329,9
4740	1915	4740	47,5	4740	0	4740	1	4740	5329,9
4750	1916	4750	45,3	4750	0	4750	1	4750	5329,9
4760	1917	4760	48,3	4760	0	4760	1	4760	5329,9
4770	1918	4770	54,5	4770	0	4770	1	4770	5329,9
4780	1919	4780	48,2	4780	0	4780	1	4780	5329,9
4790	1920	4790	43	4790	0	4790	1	4790	5329,9
4800	1921	4800	50,2	4800	0	4800	1	4800	5329,9
4810	1922	4810	44,5	4810	0	4810	1	4810	5329,9
4820	1923	4820	45,8	4820	0	4820	1	4820	5329,9
4830	1924	4830	45,5	4830	0	4830	1	4830	5329,9
4840	1925	4840	46,8	4840	0	4840	1	4840	5329,9
4850	1926	4850	52,3	4850	0	4850	1	4850	5329,9
4860	1927	4860	36,7	4860	0	4860	1	4860	5329,9
4870	1928	4870	37,3	4870	0	4870	1	4870	5329,9
4880	1929	4880	53,9	4880	0	4880	1	4880	5329,9
4890	1930	4890	41,4	4890	0	4890	1	4890	5329,9
4900	1931	4900	50	4900	0	4900	1	4900	5329,9
4910	1932	4910	48,2	4910	0	4910	1	4910	5329,9
4920	1933	4920	46,3	4920	0	4920	1	4920	5329,9
4930	1934	4930	42,9	4930	0	4930	1	4930	5329,9
4940	1935	4940	42,1	4940	0	4940	1	4940	5329,9
4950	1936	4950	50	4950	0	4950	1	4950	5329,9
4960	1937	4960	43,2	4960	0	4960	1	4960	5329,9
4970	1938	4970	37,3	4970	0	4970	1	4970	5329,9
4980	1939	4980	44,9	4980	0	4980	1	4980	5329,9
4990	1940	4990	45,8	4990	0	4990	1	4990	5329,9
5000	1941	5000	40,6	5000	0	5000	1	5000	5329,9
5010	1942	5010	42,1	5010	0	5010	1	5010	5329,9
5020	1943	5020	45,2	5020	0	5020	1	5020	5329,9
5030	1944	5030	43,5	5030	0	5030	1	5030	5329,9
5040	1945	5040	43	5040	0	5040	1	5040	5329,9
5050	1946	5050	41,4	5050	0	5050	1	5050	5329,9
5060	1947	5060	54,6	5060	0	5060	1	5060	5329,9
5070	1948	5070	42,5	5070	0	5070	1	5070	5329,9
5080	1949	5080	56,8	5080	0	5080	1	5080	5329,9
5090	1950	5090	44,1	5090	0	5090	1	5090	5329,9
5100	1951	5100	42,5	5100	0	5100	1	5100	5329,9
5110	1952	5110	45,3	5110	0	5110	1	5110	5329,9
5120	1953	5120	31,3	5120	0	5120	1	5120	5329,9
5130	1954	5130	41,4	5130	0	5130	1	5130	5329,9
5140	1955	5140	46	5140	0	5140	1	5140	5329,9
5150	1956	5150	31,8	5150	0	5150	1	5150	5329,9
5160	1957	5160	50,6	5160	0	5160	1	5160	5329,9
5170	1958	5170	45,1	5170	0	5170	1	5170	5329,9
5180	1959	5180	34,3	5180	0	5180	1	5180	5329,9
5190	1960	5190	33,9	5190	0	5190	1	5190	5329,9
5200	1961	5200	25,7	5200	0	5200	1	5200	5329,9
5210	1962	5210	28,3	5210	0	5210	1	5210	5329,9
5220	1963	5220	25,6	5220	0	5220	1	5220	5329,9
5230	1964	5230	26,4	5230	0	5230	1	5230	5329,9
5240	1965	5240	24,6	5240	0	5240	1	5240	5329,9
5250	1966	5250	25,6	5250	0	5250	1	5250	5329,9
5260	1967	5260	25,4	5260	0	5260	1	5260	5329,9
5270	1968	5270	48,4	5270	0	5270	1	5270	5329,9
5280	1969	5280	26,4	5280	0	5280	1	5280	5329,9
5290	1970	5290	46,2	5290	0	5290	1	5290	5329,9
5300	1971	5300	25,6	5300	0	5300	1	5300	5329,9
5310	1972	5310	26	5310	0	5310	1	5310	5329,9
5320	1973	5320	26,1	5320	0	5320	1	5320	5329,9
5330	1974	5330	23,8	5330	0	5330	1	5330	5329,9
5340	1975	5340	29,8	5340	0	5340	1	5340	5329,9
5350	1976	5350	25,6	5350	0	5350	1	5350	5329,9
5360	1977	5360	28,9	5360	0	5360	1	5360	5329,9
5370	1978	5370	27,3	5370	0	5370	1	5370	5329,9
5380	1979	5380	26,2	5380	0	5380	1	5380	5329,9
5390	1980	5390	26,5	5390	0	5390	1	5390	5329,9
5400	1981	5400	34,1	5400	0	5400	1	5400	5329,9
5410	1982	5410	27,7	5410	0	5410	1	5410	5329,9
5420	1983	5420	21	5420	0	5420	1	5420	5329,9
5430	1984	5430	45,6	5430	0	5430	1	5430	5329,9
5440	1985	5440	37,2	5440	0	5440	1	5440	5329,9
5450	1986	5450	52,4	5450	0	5450	1	5450	5329,9
5460	1987	5460	26,2	5460	0	5460	1	5460	5329,9
5470	1988	5470	35,2	5470	0	5470	1	5470	5329,9
5480	1989	5480	27,1	5480	0	5480	1	5480	5329,9
5490	1990	5490	40,9	5490	0	5490	1	5490	5329,9
5500	1991	5500	54,3	5500	0	5500	1	5500	5329,9
5510	1992	5510	28,4	5510	0	5510	1	5510	5329,9
5520	1993	5520	44,5	5520	0	5520	1	5520	5329,9
5530	1994	5530	50,1	5530	0	5530	1	5530	5329,9
5540	1995	5540	35,5	5540	0	5540	1	5540	5329,9
5550	1996	5550	38,3	5550	0	5550	1	5550	5329,9
5560	1997	5560	41,8	5560	0	5560	1	5560	5329,9
5570	1998	5570	47,1	5570	0	5570	1	5570	5329,9
5580	1999	5580	26,2	5580	0	5580	1	5580	5329,9
5590	2000	5590	53,2	5590	0	5590	3	5590	5329,9
5600	2001	5600	65,8	5600	0	5600	1	5600	5329,9
5610	2002	5610	48,3	5610	0	5610	1	5610	5329,9
5620	2003	5620	53,3	5620	0	5620	5	5620	5329,9
5630	2004	5630	66,6	5630	0	5630	1	5630	5329,9
5640	2005	5640	49,2	5640	0	5640	1	5640	5329,9
5650	2006	5650	31,7	5650	0	5650	1	5650	5329,9
5660	2007	5660	27,1	5660	0	5660	1	5660	5329,9
5670	2008	5670	27,9	5670	0	5670	1	5670	5329,9
5680	2009	5680	42,6	5680	0	5680	1	5680	5329,9
5690	2010	5690	28,2	5690	0	5690	1	5690	5329,9
5700	2011	5700	44,8	5700	0	5700	1	5700	5329,9
5710	2012	5710	55	5710	0	5710	1	5710	5329,9
5720	2013	5720	38,7	5720	0	5720	1	5720	5329,9
5730	2014	5730	31,7	5730	0	5730	1	5730	5329,9
5740	2015	5740	41,9	5740	0	5740	1	5740	5329,9
5750	2016	5750	30,8	5750	0	5750	1	5750	5329,9
5760	2017	5760	30,4	5760	0	5760	1	5760	5329,9
5770	2018	5770	42	5770	0	5770	1	5770	5329,9
5780	2019	5780	26,7	5780	0	5780	1	5780	5329,9
5790	2020	5790	26,9	5790	0	5790	1	5790	5329,9
5800	2021	5800	51	5800	0	5800	1	5800	5329,9
5810	2022	5810	32,9	5810	0	5810	1	5810	5329,9
5820	2023	5820	32,8	5820	0	5820	1	5820	5329,9
5830	2024	5830	36,9	5830	0	5830	1	5830	5329,9
5840	2025	5840	39	5840	0	5840	1	5840	5329,9
5850	2026	5850	42	5850	0	5850	1	5850	5329,9
5860	2027	5860	26,6	5860	0	5860	1	5860	5329,9
5870	2028	5870	27,7	5870	0	5870	1	5870	5329,9
5880	2029	5880	28,3	5880	0	5880	1	5880	5329,9
5890	2030	5890	23,6	5890	0	5890	1	5890	5329,9
5900	2031	5900	30	5900	0	5900	1	5900	5329,9
5910	2032	5910	44,6	5910	0	5910	1	5910	5329,9
5920	2033	5920	47,3	5920	0	5920	1	5920	5329,9
5930	2034	5930	25,8	5930	0	5930	1	5930	5329,9
5940	2035	5940	46,6	5940	0	5940	1	5940	5329,9
5950	2036	5950	21,6	5950	0	5950	1	5950	5329,9
5960	2037	5960	21	5960	0	5960	1	5960	5329,9
5970	2038	5970	39,6	5970	0	5970	1	5970	5329,9
5980	2039	5980	27,1	5980	0	5980	1	5980	5329,9
5990	2040	5990	43,5	5990	0	5990	1	5990	5329,9
6000	2041	6000	53	6000	0	6000	1	6000	5329,9
6010	2042	6010	21,1	6010	0	6010	1	6010	5329,9
6020	2043	6020	71,8	6020	0	6020	1	6020	5329,9
6030	2044	6030	26,9	6030	0	6030	1	6030	5329,9
6040	2045	6040	34,6	6040	0	6040	1	6040	5329,9
6050	2046	6050	28,1	6050	0	6050	1	6050	5329,9
6060	2047	6060	26,5	6060	0	6060	1	6060	5329,9
6070	2048	6070	40,7	6070	0	6070	1	6070	5329,9
6080	2049	6080	26,2	6080	0	6080	1	6080	5329,9
6090	2050	6090	42,7	6090	0	6090	1	6090	5329,9
6100	2051	6100	27,9	6100	0	6100	1	6100	5329,9
6110	2052	6110	29,5	6110	0	6110	1	6110	5329,9
6120	2053	6120	51,4	6120	0	6120	1	6120	5329,9
6130	2054	6130	29,9	6130	0	6130	1	6130	5329,9
6140	2055	6140	22,4	6140	0	6140	1	6140	5329,9
6150	2056	6150	26,9	6150	0	6150	1	6150	5329,9
6160	2057	6160	27	6160	0	6160	1	6160	5329,9
6170	2058	6170	47,7	6170	0	6170	1	6170	5329,9
6180	2059	6180	51,3	6180	0	6180	1	6180	5329,9
6190	2060	6190	46,4	6190	0	6190	1	6190	5329,9
6200	2061	6200	28	6200	0	6200	1	6200	5329,9
6210	2062	6210	28,2	6210	0	6210	1	6210	5329,9
6220	2063	6220	39,1	6220	0	6220	1	6220	5329,9
6230	2064	6230	51	6230	0	6230	1	6230	5329,9
6240	2065	6240	45,5	6240	0	6240	1	6240	5329,9
6250	2066	6250	27,5	6250	0	6250	1	6250	5329,9
6260	2067	6260	25,7	6260	0	6260	1	6260	5329,9
6270	2068	6270	25,3	6270	0	6270	1	6270	5329,9
6280	2069	6280	26,3	6280	0	6280	1	6280	5329,9
6290	2070	6290	25,9	6290	0	6290	1	6290	5329,9
6300	2071	6300	26,3	6300	0	6300	1	6300	5329,9
6310	2072	6310	51,9	6310	0	6310	1	6310	5329,9
6320	2073	6320	31	6320	0	6320	1	6320	5329,9
6330	2074	6330	42,5	6330	0	6330	1	6330	5329,9
6340	2075	6340	36,9	6340	0	6340	1	6340	5329,9
6350	2076	6350	37,4	6350	0	6350	1	6350	5329,9
6360	2077	6360	25,1	6360	0	6360	1	6360	5329,9
6370	2078	6370	49,2	6370	0	6370	1	6370	5329,9
6380	2079	6380	49,5	6380	0	6380	1	6380	5329,9
6390	2080	6390	46,2	6390	0	6390	1	6390	5329,9
6400	2081	6400	56,8	6400	0	6400	1	6400	5329,9
6410	2082	6410	43,9	6410	0	6410	1	6410	5329,9
6420	2083	6420	52	6420	0	6420	1	6420	5329,9
6430	2084	6430	55,3	6430	0	6430	1	6430	5329,9
6440	2085	6440	41,6	6440	0	6440	1	6440	5329,9
6450	2086	6450	40	6450	0	6450	1	6450	5329,9
6460	2087	6460	47,1	6460	0	6460	1	6460	5329,9
6470	2088	6470	90	6470	0	6470	1	6470	5329,9
6480	2089	6480	45,3	6480	0	6480	1	6480	5329,9
6490	2090	6490	41,6	6490	0	6490	1	6490	5329,9
6500	2091	6500	39,5	6500	0	6500	1	6500	5329,9
6510	2092	6510	48,4	6510	0	6510	1	6510	5329,9
6520	2093	6520	40,9	6520	0	6520	1	6520	5329,9
6530	2094	6530	43,3	6530	0	6530	1	6530	5329,9
6540	2095	6540	43,6	6540	0	6540	1	6540	5329,9
6550	2096	6550	41,4	6550	0	6550	1	6550	5329,9
6560	2097	6560	47,8	6560	0	6560	1	6560	5329,9
6570	2098	6570	44,2	6570	0	6570	1	6570	5329,9
6580	2099	6580	44,2	6580	0	6580	1	6580	5329,9
6590	2100	6590	52	6590	0	6590	3	6590	5329,9
6600	2101	6600	66,5	6600	0	6600	1	6600	5329,9
6610	2102	6610	44,2	6610	0	6610	1	6610	5329,9
6620	2103	6620	42,7	6620	0	6620	1	6620	5329,9
6630	2104	6630	43,7	6630	0	6630	1	6630	5329,9
6640	2105	6640	48,6	6640	0	6640	1	6640	5329,9
6650	2106	6650	40,8	6650	0	6650	1	6650	5329,9
6660	2107	6660	55,6	6660	0	6660	1	6660	5329,9
6670	2108	6670	46,9	6670	0	6670	1	6670	5329,9
6680	2109	6680	48,2	6680	0	6680	1	6680	5329,9
6690	2110	6690	47,4	6690	0	6690	1	6690	5329,9
6700	2111	6700	49,5	6700	0	6700	1	6700	5329,9
6710	2112	6710	54,6	6710	0	6710	1	6710	5329,9
6720	2113	6720	53,8	6720	0	6720	1	6720	5329,9
6730	2114	6730	56,5	6730	0	6730	1	6730	5329,9
6740	2115	6740	51,9	6740	0	6740	1	6740	5329,9
6750	2116	6750	48,9	6750	0	6750	1	6750	5329,9
6760	2117	6760	56,9	6760	0	6760	1	6760	5329,9
6770	2118	6770	42,3	6770	0	6770	1	6770	5329,9
6780	2119	6780	46,9	6780	0	6780	1	6780	5329,9
6790	2120	6790	57	6790	0	6790	1	6790	5329,9
6800	2121	6800	39,5	6800	0	6800	1	6800	5329,9
6810	2122	6810	40,5	6810	0	6810	1	6810	5329,9
6820	2123	6820	38,2	6820	0	6820	1	6820	5329,9
6830	2124	6830	49,5	6830	0	6830	1	6830	5329,9
6840	2125	6840	45,4	6840	0	6840	1	6840	5329,9
6850	2126	6850	49,3	6850	0	6850	1	6850	5329,9
6860	2127	6860	49,5	6860	0	6860	1	6860	5329,9
6870	2128	6870	55,1	6870	0	6870	1	6870	5329,9
6880	2129	6880	48,9	6880	0	6880	1	6880	5329,9
6890	2130	6890	48,3	6890	0	6890	1	6890	5329,9
6900	2131	6900	38,1	6900	0	6900	1	6900	5329,9
6910	2132	6910	36,2	6910	0	6910	1	6910	5329,9
6920	2133	6920	53,8	6920	0	6920	1	6920	5329,9
6930	2134	6930	43,8	6930	0	6930	1	6930	5329,9
6940	2135	6940	42,5	6940	0	6940	1	6940	5329,9
6950	2136	6950	27,3	6950	0	6950	1	6950	5329,9
6960	2137	6960	28,7	6960	0	6960	1	6960	5329,9
6970	2138	6970	33,1	6970	0	6970	1	6970	5329,9
6980	2139	6980	43,7	6980	0	6980	1	6980	5329,9
6990	2140	6990	64,8	6990	0	6990	1	6990	5329,9
7000	2141	7000	27,7	7000	0	7000	1	7000	5329,9
7010	2142	7010	27,4	7010	0	7010	1	7010	5329,9
7020	2143	7020	31,9	7020	0	7020	1	7020	5329,9
7030	2144	7030	47,5	7030	0	7030	1	7030	5329,9
7040	2145	7040	45	7040	0	7040	1	7040	5329,9
7050	2146	7050	36,5	7050	0	7050	1	7050	5329,9
7060	2147	7060	34,8	7060	0	7060	1	7060	5329,9
7070	2148	7070	44,6	7070	0	7070	1	7070	5329,9
7080	2149	7080	28,7	7080	0	7080	1	7080	5329,9
7090	2150	7090	35,7	7090	0	7090	1	7090	5329,9
7100	2151	7100	28	7100	0	7100	1	7100	5329,9
7110	2152	7110	28,6	7110	0	7110	1	7110	5329,9
7120	2153	7120	27,4	7120	0	7120	1	7120	5329,9
7130	2154	7130	26	7130	0	7130	1	7130	5329,9
7140	2155	7140	27,2	7140	0	7140	1	7140	5329,9
7150	2156	7150	28,4	7150	0	7150	1	7150	5329,9
7160	2157	7160	30,7	7160	0	7160	1	7160	5329,9
7170	2158	7170	27,6	7170	0	7170	1	7170	5329,9
7180	2159	7180	41,6	7180	0	7180	1	7180	5329,9
7190	2160	7190	28,9	7190	0	7190	1	7190	5329,9
7200	2161	7200	57,1	7200	0	7200	1	7200	5329,9
7210	2162	7210	53,2	7210	0	7210	1	7210	5329,9
7220	2163	7220	25,8	7220	0	7220	1	7220	5329,9
7230	2164	7230	47,1	7230	0	7230	1	7230	5329,9
7240	2165	7240	59,3	7240	0	7240	1	7240	5329,9
7250	2166	7250	42	7250	0	7250	1	7250	5329,9
7260	2167	7260	46,9	7260	0	7260	1	7260	5329,9
7270	2168	7270	43,7	7270	0	7270	1	7270	5329,9
7280	2169	7280	45,4	7280	0	7280	1	7280	5329,9
7290	2170	7290	50,9	7290	0	7290	1	7290	5329,9
7300	2171	7300	46,3	7300	0	7300	1	7300	5329,9
7310	2172	7310	47	7310	0	7310	1	7310	5329,9
7320	2173	7320	52	7320	0	7320	1	7320	5329,9
7330	2174	7330	47,3	7330	0	7330	1	7330	5329,9
7340	2175	7340	41,2	7340	0	7340	1	7340	5329,9
7350	2176	7350	48,4	7350	0	7350	1	7350	5329,9
7360	2177	7360	46,9	7360	0	7360	1	7360	5329,9
7370	2178	7370	49,8	7370	0	7370	1	7370	5329,9
7380	2179	7380	44,4	7380	0	7380	1	7380	5329,9
7390	2180	7390	45,4	7390	0	7390	1	7390	5329,9
7400	2181	7400	48,1	7400	0	7400	1	7400	5329,9
7410	2182	7410	34,1	7410	0	7410	1	7410	5329,9
7420	2183	7420	35,9	7420	0	7420	1	7420	5329,9
7430	2184	7430	43,1	7430	0	7430	1	7430	5329,9
7440	2185	7440	48,6	7440	0	7440	1	7440	5329,9
7450	2186	7450	42,8	7450	0	7450	1	7450	5329,9
7460	2187	7460	44,3	7460	0	7460	1	7460	5329,9
7470	2188	7470	44,2	7470	0	7470	1	7470	5329,9
7480	2189	7480	51,2	7480	0	7480	1	7480	5329,9
7490	2190	7490	48	7490	0	7490	1	7490	5329,9
7500	2191	7500	50,9	7500	0	7500	1	7500	5329,9
7510	2192	7510	53	7510	0	7510	1	7510	5329,9
7520	2193	7520	50,3	7520	0	7520	1	7520	5329,9
7530	2194	7530	54,9	7530	0	7530	1	7530	5329,9
7540	2195	7540	51,4	7540	0	7540	1	7540	5329,9
7550	2196	7550	56	7550	0	7550	1	7550	5329,9
7560	2197	7560	51,5	7560	0	7560	1	7560	5329,9
7570	2198	7570	52,8	7570	0	7570	1	7570	5329,9
7580	2199	7580	46,3	7580	0	7580	1	7580	5329,9
7590	2200	7590	27,4	7590	0	7590	3	7590	5329,9
7600	2201	7600	38,3	7600	0	7600	1	7600	5329,9
7610	2202	7610	28,1	7610	0	7610	1	7610	5329,9
7620	2203	7620	28,8	7620	0	7620	1	7620	5329,9
7630	2204	7630	29,5	7630	0	7630	1	7630	5329,9
7640	2205	7640	28,7	7640	0	7640	1	7640	5329,9
7650	2206	7650	28,6	7650	0	7650	1	7650	5329,9
7660	2207	7660	31	7660	0	7660	1	7660	5329,9
7670	2208	7670	26,5	7670	0	7670	1	7670	5329,9
7680	2209	7680	26,9	7680	0	7680	1	7680	5329,9
7690	2210	7690	27,9	7690	0	7690	1	7690	5329,9
7700	2211	7700	31,6	7700	0	7700	1	7700	5329,9
7710	2212	7710	32	7710	0	7710	1	7710	5329,9
7720	2213	7720	29,7	7720	0	7720	1	7720	5329,9
7730	2214	7730	29	7730	0	7730	1	7730	5329,9
7740	2215	7740	25,7	7740	0	7740	1	7740	5329,9
7750	2216	7750	26,1	7750	0	7750	1	7750	5329,9
7760	2217	7760	49	7760	0	7760	1	7760	5329,9
7770	2218	7770	46,9	7770	0	7770	1	7770	5329,9
7780	2219	7780	27,4	7780	0	7780	1	7780	5329,9
7790	2220	7790	31	7790	0	7790	1	7790	5329,9
7800	2221	7800	43,8	7800	0	7800	1	7800	5329,9
7810	2222	7810	27,5	7810	0	7810	1	7810	5329,9
7820	2223	7820	37,6	7820	0	7820	1	7820	5329,9
7830	2224	7830	30,2	7830	0	7830	1	7830	5329,9
7840	2225	7840	33,1	7840	0	7840	1	7840	5329,9
7850	2226	7850	26	7850	0	7850	1	7850	5329,9
7860	2227	7860	26,6	7860	0	7860	1	7860	5329,9
7870	2228	7870	26,3	7870	0	7870	1	7870	5329,9
7880	2229	7880	45,6	7880	0	7880	1	7880	5329,9
7890	2230	7890	44,4	7890	0	7890	1	7890	5329,9
7900	2231	7900	39,4	7900	0	7900	1	7900	5329,9
7910	2232	7910	34,8	7910	0	7910	1	7910	5329,9
7920	2233	7920	32,3	7920	0	7920	1	7920	5329,9
7930	2234	7930	26	7930	0	7930	1	7930	5329,9
7940	2235	7940	32,3	7940	0	7940	1	7940	5329,9
7950	2236	7950	37,3	7950	0	7950	1	7950	5329,9
7960	2237	7960	36	7960	0	7960	1	7960	5329,9
7970	2238	7970	29,5	7970	0	7970	1	7970	5329,9
7980	2239	7980	40,5	7980	0	7980	1	7980	5329,9
7990	2240	7990	53,5	7990	0	7990	1	7990	5329,9
8000	2241	8000	55,8	8000	0	8000	1	8000	5329,9
8010	2242	8010	40,8	8010	0	8010	1	8010	5329,9
8020	2243	8020	40,3	8020	0	8020	1	8020	5329,9
8030	2244	8030	48,6	8030	0	8030	1	8030	5329,9
8040	2245	8040	53,6	8040	0	8040	1	8040	5329,9
8050	2246	8050	47,3	8050	0	8050	1	8050	5329,9
8060	2247	8060	40,8	8060	0	8060	1	8060	5329,9
8070	2248	8070	48	8070	0	8070	1	8070	5329,9
8080	2249	8080	49,5	8080	0	8080	1	8080	5329,9
8090	2250	8090	46,5	8090	0	8090	1	8090	5329,9
8100	2251	8100	26,4	8100	0	8100	1	8100	5329,9
8110	2252	8110	56	8110	0	8110	1	8110	5329,9
8120	2253	8120	46,8	8120	0	8120	1	8120	5329,9
8130	2254	8130	45,3	8130	0	8130	1	8130	5329,9
8140	2255	8140	37,5	8140	0	8140	1	8140	5329,9
8150	2256	8150	41,2	8150	0	8150	1	8150	5329,9
8160	2257	8160	40,8	8160	0	8160	1	8160	5329,9
8170	2258	8170	39,7	8170	0	8170	1	8170	5329,9
8180	2259	8180	40,4	8180	0	8180	1	8180	5329,9
8190	2260	8190	33,3	8190	0	8190	1	8190	5329,9
8200	2261	8200	47,9	8200	0	8200	1	8200	5329,9
8210	2262	8210	47,6	8210	0	8210	1	8210	5329,9
8220	2263	8220	43,2	8220	0	8220	1	8220	5329,9
8230	2264	8230	49,9	8230	0	8230	1	8230	5329,9
8240	2265	8240	37,6	8240	0	8240	1	8240	5329,9
8250	2266	8250	39,4	8250	0	8250	1	8250	5329,9
8260	2267	8260	41,1	8260	0	8260	1	8260	5329,9
8270	2268	8270	44,1	8270	0	8270	1	8270	5329,9
8280	2269	8280	45	8280	0	8280	1	8280	5329,9
8290	2270	8290	50,2	8290	0	8290	1	8290	5329,9
8300	2271	8300	54,9	8300	0	8300	1	8300	5329,9
8310	2272	8310	45,1	8310	0	8310	1	8310	5329,9
8320	2273	8320	45,5	8320	0	8320	1	8320	5329,9
8330	2274	8330	59,1	8330	0	8330	1	8330	5329,9
8340	2275	8340	41,4	8340	0	8340	1	8340	5329,9
8350	2276	8350	43,2	8350	0	8350	1	8350	5329,9
8360	2277	8360	48,3	8360	0	8360	1	8360	5329,9
8370	2278	8370	49,3	8370	0	8370	1	8370	5329,9
8380	2279	8380	43	8380	0	8380	1	8380	5329,9
8390	2280	8390	40,3	8390	0	8390	1	8390	5329,9
8400	2281	8400	40,7	8400	0	8400	1	8400	5329,9
8410	2282	8410	49,2	8410	0	8410	1	8410	5329,9
8420	2283	8420	45,8	8420	0	8420	1	8420	5329,9
8430	2284	8430	55,8	8430	0	8430	1	8430	5329,9
8440	2285	8440	43,7	8440	0	8440	1	8440	5329,9
8450	2286	8450	53,5	8450	0	8450	1	8450	5329,9
8460	2287	8460	68,7	8460	0	8460	1	8460	5329,9
8470	2288	8470	47,2	8470	0	8470	1	8470	5329,9
8480	2289	8480	43,6	8480	0	8480	1	8480	5329,9
8490	2290	8490	41,4	8490	0	8490	1	8490	5329,9
8500	2291	8500	50,2	8500	0	8500	1	8500	5329,9
8510	2292	8510	42,2	8510	0	8510	1	8510	5329,9
8520	2293	8520	45,8	8520	0	8520	1	8520	5329,9
8530	2294	8530	54,4	8530	0	8530	1	8530	5329,9
8540	2295	8540	56	8540	0	8540	1	8540	5329,9
8550	2296	8550	29,1	8550	0	8550	1	8550	5329,9
8560	2297	8560	47,3	8560	0	8560	1	8560	5329,9
8570	2298	8570	52,3	8570	0	8570	1	8570	5329,9
8580	2299	8580	26,6	8580	0	8580	1	8580	5329,9
8590	2300	8590	45,3	8590	0	8590	3	8590	5329,9
8600	2301	8600	65,4	8600	0	8600	1	8600	5329,9
8610	2302	8610	48,1	8610	0	8610	1	8610	5329,9
8620	2303	8620	41,4	8620	0	8620	1	8620	5329,9
8630	2304	8630	52	8630	0	8630	3	8630	5329,9
8640	2305	8640	61,4	8640	0	8640	1	8640	5329,9
8650	2306	8650	41,4	8650	0	8650	1	8650	5329,9
8660	2307	8660	47	8660	0	8660	1	8660	5329,9
8670	2308	8670	28,7	8670	0	8670	1	8670	5329,9
8680	2309	8680	45,1	8680	0	8680	1	8680	5329,9
8690	2310	8690	42,4	8690	0	8690	1	8690	5329,9
8700	2311	8700	24,9	8700	0	8700	1	8700	5329,9
8710	2312	8710	39,9	8710	0	8710	1	8710	5329,9
8720	2313	8720	46,3	8720	0	8720	1	8720	5329,9
8730	2314	8730	40,3	8730	0	8730	1	8730	5329,9
8740	2315	8740	46,2	8740	0	8740	1	8740	5329,9
8750	2316	8750	47,2	8750	0	8750	1	8750	5329,9
8760	2317	8760	51,3	8760	0	8760	1	8760	5329,9
8770	2318	8770	44,9	8770	0	8770	1	8770	5329,9
8780	2319	8780	40,1	8780	0	8780	1	8780	5329,9
8790	2320	8790	43,4	8790	0	8790	1	8790	5329,9
8800	2321	8800	40,1	8800	0	8800	1	8800	5329,9
8810	2322	8810	45,8	8810	0	8810	1	8810	5329,9
8820	2323	8820	41,9	8820	0	8820	1	8820	5329,9
8830	2324	8830	43,8	8830	0	8830	1	8830	5329,9
8840	2325	8840	42,3	8840	0	8840	1	8840	5329,9
8850	2326	8850	47,9	8850	0	8850	1	8850	5329,9
8860	2327	8860	54,9	8860	0	8860	1	8860	5329,9
8870	2328	8870	41,5	8870	0	8870	1	8870	5329,9
8880	2329	8880	51,4	8880	0	8880	1	8880	5329,9
8890	2330	8890	40,5	8890	0	8890	1	8890	5329,9
8900	2331	8900	46,5	8900	0	8900	1	8900	5329,9
8910	2332	8910	43,7	8910	0	8910	1	8910	5329,9
8920	2333	8920	46,2	8920	0	8920	1	8920	5329,9
8930	2334	8930	110,9	8930	0	8930	1	8930	5329,9
8940	2335	8940	45,1	8940	0	8940	1	8940	5329,9
8950	2336	8950	41,1	8950	0	8950	1	8950	5329,9
8960	2337	8960	44,4	8960	0	8960	1	8960	5329,9
8970	2338	8970	44,2	8970	0	8970	1	8970	5329,9
8980	2339	8980	29,2	8980	0	8980	1	8980	5329,9
8990	2340	8990	45,7	8990	0	8990	1	8990	5329,9
9000	2341	9000	46,2	9000	0	9000	1	9000	5329,9
9010	2342	9010	47,2	9010	0	9010	1	9010	5329,9
9020	2343	9020	42	9020	0	9020	1	9020	5329,9
9030	2344	9030	42,8	9030	0	9030	1	9030	5329,9
9040	2345	9040	31,5	9040	0	9040	1	9040	5329,9
9050	2346	9050	42,8	9050	0	9050	1	9050	5329,9
9060	2347	9060	56,6	9060	0	9060	1	9060	5329,9
9070	2348	9070	41,5	9070	0	9070	1	9070	5329,9
9080	2349	9080	42,5	9080	0	9080	1	9080	5329,9
9090	2350	9090	42,5	9090	0	9090	1	9090	5329,9
9100	2351	9100	39,8	9100	0	9100	1	9100	5329,9
9110	2352	9110	45,5	9110	0	9110	1	9110	5329,9
9120	2353	9120	45,6	9120	0	9120	1	9120	5329,9
9130	2354	9130	40,4	9130	0	9130	1	9130	5329,9
9140	2355	9140	45,6	9140	0	9140	1	9140	5329,9
9150	2356	9150	40,3	9150	0	9150	1	9150	5329,9
9160	2357	9160	55,7	9160	0	9160	1	9160	5329,9
9170	2358	9170	42,1	9170	0	9170	1	9170	5329,9
9180	2359	9180	55,9	9180	0	9180	1	9180	5329,9
9190	2360	9190	42,9	9190	0	9190	1	9190	5329,9
9200	2361	9200	52,5	9200	0	9200	1	9200	5329,9
9210	2362	9210	43,4	9210	0	9210	1	9210	5329,9
9220	2363	9220	44,9	9220	0	9220	1	9220	5329,9
9230	2364	9230	51,6	9230	0	9230	1	9230	5329,9
9240	2365	9240	45,4	9240	0	9240	1	9240	5329,9
9250	2366	9250	43,2	9250	0	9250	1	9250	5329,9
9260	2367	9260	43,3	9260	0	9260	1	9260	5329,9
9270	2368	9270	41,3	9270	0	9270	1	9270	5329,9
9280	2369	9280	47,3	9280	0	9280	1	9280	5329,9
9290	2370	9290	26,3	9290	0	9290	1	9290	5329,9
9300	2371	9300	27,3	9300	0	9300	1	9300	5329,9
9310	2372	9310	49,2	9310	0	9310	1	9310	5329,9
9320	2373	9320	43,1	9320	0	9320	1	9320	5329,9
9330	2374	9330	45,2	9330	0	9330	1	9330	5329,9
9340	2375	9340	44,9	9340	0	9340	1	9340	5329,9
9350	2376	9350	35,5	9350	0	9350	1	9350	5329,9
9360	2377	9360	47,5	9360	0	9360	1	9360	5329,9
9370	2378	9370	48,5	9370	0	9370	1	9370	5329,9
9380	2379	9380	47	9380	0	9380	1	9380	5329,9
9390	2380	9390	42,9	9390	0	9390	1	9390	5329,9
9400	2381	9400	51,2	9400	0	9400	1	9400	5329,9
9410	2382	9410	51,3	9410	0	9410	1	9410	5329,9
9420	2383	9420	52,4	9420	0	9420	1	9420	5329,9
9430	2384	9430	49,1	9430	0	9430	1	9430	5329,9
9440	2385	9440	44,4	9440	0	9440	1	9440	5329,9
9450	2386	9450	44,3	9450	0	9450	1	9450	5329,9
9460	2387	9460	44,3	9460	0	9460	1	9460	5329,9
9470	2388	9470	48,7	9470	0	9470	1	9470	5329,9
9480	2389	9480	47,3	9480	0	9480	1	9480	5329,9
9490	2390	9490	48,3	9490	0	9490	1	9490	5329,9
9500	2391	9500	40,5	9500	0	9500	1	9500	5329,9
9510	2392	9510	43,4	9510	0	9510	1	9510	5329,9
9520	2393	9520	25,5	9520	0	9520	1	9520	5329,9
9530	2394	9530	43,6	9530	0	9530	1	9530	5329,9
9540	2395	9540	44,2	9540	0	9540	1	9540	5329,9
9550	2396	9550	36,9	9550	0	9550	1	9550	5329,9
9560	2397	9560	43,8	9560	0	9560	1	9560	5329,9
9570	2398	9570	43,9	9570	0	9570	1	9570	5329,9
9580	2399	9580	56,5	9580	0	9580	1	9580	5329,9
9590	2400	9590	43,2	9590	0	9590	3	9590	5329,9
9600	2401	9600	72,8	9600	0	9600	1	9600	5329,9
9610	2402	9610	48,4	9610	0	9610	1	9610	5329,9
9620	2403	9620	56,4	9620	0	9620	1	9620	5329,9
9630	2404	9630	61,9	9630	0	9630	1	9630	5329,9
9640	2405	9640	53	9640	0	9640	1	9640	5329,9
9650	2406	9650	51,7	9650	0	9650	1	9650	5329,9
9660	2407	9660	46,7	9660	0	9660	1	9660	5329,9
9670	2408	9670	42,7	9670	0	9670	1	9670	5329,9
9680	2409	9680	37,8	9680	0	9680	1	9680	5329,9
9690	2410	9690	42,2	9690	0	9690	1	9690	5329,9
9700	2411	9700	45,2	9700	0	9700	1	9700	5329,9
9710	2412	9710	43,4	9710	0	9710	1	9710	5329,9
9720	2413	9720	52,2	9720	0	9720	1	9720	5329,9
9730	2414	9730	46,9	9730	0	9730	1	9730	5329,9
9740	2415	9740	51,3	9740	0	9740	1	9740	5329,9
9750	2416	9750	41	9750	0	9750	1	9750	5329,9
9760	2417	9760	44,3	9760	0	9760	1	9760	5329,9
9770	2418	9770	40,4	9770	0	9770	1	9770	5329,9
9780	2419	9780	40,7	9780	0	9780	1	9780	5329,9
9790	2420	9790	44,4	9790	0	9790	1	9790	5329,9
9800	2421	9800	55,1	9800	0	9800	1	9800	5329,9
9810	2422	9810	42,8	9810	0	9810	1	9810	5329,9
9820	2423	9820	42,7	9820	0	9820	1	9820	5329,9
9830	2424	9830	50,7	9830	0	9830	1	9830	5329,9
9840	2425	9840	44,7	9840	0	9840	1	9840	5329,9
9850	2426	9850	44,5	9850	0	9850	1	9850	5329,9
9860	2427	9860	41,9	9860	0	9860	1	9860	5329,9
9870	2428	9870	45,5	9870	0	9870	1	9870	5329,9
9880	2429	9880	45,8	9880	0	9880	1	9880	5329,9
9890	2430	9890	49,9	9890	0	9890	1	9890	5329,9
9900	2431	9900	50,5	9900	0	9900	1	9900	5329,9
9910	2432	9910	49,7	9910	0	9910	1	9910	5329,9
9920	2433	9920	48,9	9920	0	9920	1	9920	5329,9
9930	2434	9930	49,8	9930	0	9930	1	9930	5329,9
9940	2435	9940	46,3	9940	0	9940	1	9940	5329,9
9950	2436	9950	49,9	9950	0	9950	1	9950	5329,9
9960	2437	9960	46,1	9960	0	9960	1	9960	5329,9
9970	2438	9970	48,3	9970	0	9970	1	9970	5329,9
9980	2439	9980	48,3	9980	0	9980	1	9980	5329,9
9990	2440	9990	49,2	9990	0	9990	1	9990	5329,9
10000	2441	10000	48,6	10000	0	10000	1	10000	5329,9
10010	2442	10010	54,9	10010	0	10010	1	10010	5329,9
10020	2443	10020	54	10020	0	10020	1	10020	5329,9
10030	2444	10030	55,2	10030	0	10030	1	10030	5329,9
10040	2445	10040	50,8	10040	0	10040	1	10040	5329,9
10050	2446	10050	40,1	10050	0	10050	1	10050	5329,9
10060	2447	10060	32,4	10060	0	10060	1	10060	5329,9
10070	2448	10070	51,2	10070	0	10070	1	10070	5329,9
10080	2449	10080	50,7	10080	0	10080	1	10080	5329,9
10090	2450	10090	36,7	10090	0	10090	1	10090	5329,9
10100	2451	10100	35,4	10100	0	10100	1	10100	5329,9
10110	2452	10110	42,5	10110	0	10110	1	10110	5329,9
10120	2453	10120	35	10120	0	10120	1	10120	5329,9
10130	2454	10130	33,7	10130	0	10130	1	10130	5329,9
10140	2455	10140	32,6	10140	0	10140	1	10140	5329,9
10150	2456	10150	44,3	10150	0	10150	1	10150	5329,9
10160	2457	10160	49,9	10160	0	10160	1	10160	5329,9
10170	2458	10170	46,9	10170	0	10170	1	10170	5329,9
10180	2459	10180	53,4	10180	0	10180	1	10180	5329,9
10190	2460	10190	47,8	10190	0	10190	1	10190	5329,9
10200	2461	10200	28,1	10200	0	10200	1	10200	5329,9
10210	2462	10210	29,3	10210	0	10210	1	10210	5329,9
10220	2463	10220	39,1	10220	0	10220	1	10220	5329,9
10230	2464	10230	34,5	10230	0	10230	1	10230	5329,9
10240	2465	10240	27,4	10240	0	10240	1	10240	5329,9
10250	2466	10250	27,9	10250	0	10250	1	10250	5329,9
10260	2467	10260	31,6	10260	0	10260	1	10260	5329,9
10270	2468	10270	38,4	10270	0	10270	1	10270	5329,9
10280	2469	10280	23,9	10280	0	10280	1	10280	5329,9
10290	2470	10290	38	10290	0	10290	1	10290	5329,9
10300	2471	10300	28,9	10300	0	10300	1	10300	5329,9
10310	2472	10310	44,2	10310	0	10310	1	10310	5329,9
10320	2473	10320	35,4	10320	0	10320	1	10320	5329,9
10330	2474	10330	31	10330	0	10330	1	10330	5329,9
10340	2475	10340	51,4	10340	0	10340	1	10340	5329,9
10350	2476	10350	44,5	10350	0	10350	1	10350	5329,9
10360	2477	10360	27,8	10360	0	10360	1	10360	5329,9
10370	2478	10370	34,4	10370	0	10370	1	10370	5329,9
10380	2479	10380	19,6	10380	0	10380	1	10380	5329,9
10390	2480	10390	50,3	10390	0	10390	1	10390	5329,9
10400	2481	10400	40	10400	0	10400	1	10400	5329,9
10410	2482	10410	71,4	10410	0	10410	1	10410	5329,9
10420	2483	10420	44,7	10420	0	10420	1	10420	5329,9
10430	2484	10430	45,7	10430	0	10430	1	10430	5329,9
10440	2485	10440	45,7	10440	0	10440	1	10440	5329,9
10450	2486	10450	41,6	10450	0	10450	1	10450	5329,9
10460	2487	10460	46,1	10460	0	10460	1	10460	5329,9
10470	2488	10470	49	10470	0	10470	1	10470	5329,9
10480	2489	10480	45,2	10480	0	10480	1	10480	5329,9
10490	2490	10490	48,7	10490	0	10490	1	10490	5329,9
10500	2491	10500	40,5	10500	0	10500	1	10500	5329,9
10510	2492	10510	44,5	10510	0	10510	1	10510	5329,9
10520	2493	10520	34,3	10520	0	10520	1	10520	5329,9
10530	2494	10530	31,4	10530	0	10530	1	10530	5329,9
10540	2495	10540	34,8	10540	0	10540	1	10540	5329,9
10550	2496	10550	40,9	10550	0	10550	1	10550	5329,9
10560	2497	10560	26	10560	0	10560	1	10560	5329,9
10570	2498	10570	43,8	10570	0	10570	1	10570	5329,9
10580	2499	10580	41	10580	0	10580	1	10580	5329,9
10590	2500	10590	39,4	10590	0	10590	3	10590	5329,9
10600	2501	10600	74,3	10600	0	10600	1	10600	5329,9
10610	2502	10610	47,2	10610	0	10610	1	10610	5329,9
10620	2503	10620	41,7	10620	0	10620	1	10620	5329,9
10630	2504	10630	50,7	10630	0	10630	3	10630	5329,9
10640	2505	10640	63,5	10640	0	10640	1	10640	5329,9
10650	2506	10650	54,6	10650	0	10650	1	10650	5329,9
10660	2507	10660	44,7	10660	0	10660	1	10660	5329,9
10670	2508	10670	50,4	10670	0	10670	1	10670	5329,9
10680	2509	10680	48,4	10680	0	10680	1	10680	5329,9
10690	2510	10690	45,9	10690	0	10690	1	10690	5329,9
10700	2511	10700	53,4	10700	0	10700	1	10700	5329,9
10710	2512	10710	42,7	10710	0	10710	1	10710	5329,9
10720	2513	10720	25	10720	0	10720	1	10720	5329,9
10730	2514	10730	43,2	10730	0	10730	1	10730	5329,9
10740	2515	10740	46,1	10740	0	10740	1	10740	5329,9
10750	2516	10750	36,9	10750	0	10750	1	10750	5329,9
10760	2517	10760	40,3	10760	0	10760	1	10760	5329,9
10770	2518	10770	54,5	10770	0	10770	1	10770	5329,9
10780	2519	10780	49,6	10780	0	10780	1	10780	5329,9
10790	2520	10790	48,8	10790	0	10790	1	10790	5329,9
10800	2521	10800	54	10800	0	10800	1	10800	5329,9
10810	2522	10810	45,1	10810	0	10810	1	10810	5329,9
10820	2523	10820	42,6	10820	0	10820	1	10820	5329,9
10830	2524	10830	41	10830	0	10830	1	10830	5329,9
10840	2525	10840	41,3	10840	0	10840	1	10840	5329,9
10850	2526	10850	43,7	10850	0	10850	1	10850	5329,9
10860	2527	10860	40	10860	0	10860	1	10860	5329,9
10870	2528	10870	44,9	10870	0	10870	1	10870	5329,9
10880	2529	10880	44,4	10880	0	10880	1	10880	5329,9
10890	2530	10890	44,2	10890	0	10890	1	10890	5329,9
10900	2531	10900	43,1	10900	0	10900	1	10900	5329,9
10910	2532	10910	36,8	10910	0	10910	1	10910	5329,9
10920	2533	10920	45,1	10920	0	10920	1	10920	5329,9
10930	2534	10930	40,7	10930	0	10930	1	10930	5329,9
10940	2535	10940	44,7	10940	0	10940	1	10940	5329,9
10950	2536	10950	48	10950	0	10950	1	10950	5329,9
10960	2537	10960	48,3	10960	0	10960	1	10960	5329,9
10970	2538	10970	48,5	10970	0	10970	1	10970	5329,9
10980	2539	10980	49,5	10980	0	10980	1	10980	5329,9
10990	2540	10990	46,4	10990	0	10990	1	10990	5329,9
11000	2541	11000	50,9	11000	0	11000	1	11000	5329,9
11010	2542	11010	45,6	11010	0	11010	1	11010	5329,9
11020	2543	11020	41,2	11020	0	11020	1	11020	5329,9
11030	2544	11030	39,3	11030	0	11030	1	11030	5329,9
11040	2545	11040	41,5	11040	0	11040	1	11040	5329,9
11050	2546	11050	42	11050	0	11050	1	11050	5329,9
11060	2547	11060	35	11060	0	11060	1	11060	5329,9
11070	2548	11070	48,4	11070	0	11070	1	11070	5329,9
11080	2549	11080	47	11080	0	11080	1	11080	5329,9
11090	2550	11090	45,5	11090	0	11090	1	11090	5329,9
11100	2551	11100	45,3	11100	0	11100	1	11100	5329,9
11110	2552	11110	48,3	11110	0	11110	1	11110	5329,9
11120	2553	11120	40,7	11120	0	11120	1	11120	5329,9
11130	2554	11130	53,9	11130	0	11130	1	11130	5329,9
11140	2555	11140	47	11140	0	11140	1	11140	5329,9
11150	2556	11150	51,8	11150	0	11150	1	11150	5329,9
11160	2557	11160	54,6	11160	0	11160	1	11160	5329,9
11170	2558	11170	49,8	11170	0	11170	1	11170	5329,9
11180	2559	11180	54,4	11180	0	11180	1	11180	5329,9
11190	2560	11190	221,6	11190	0	11190	1	11190	5329,9
11200	2561	11200	28,2	11200	0	11200	1	11200	5329,9
11210	2562	11210	49,7	11210	0	11210	1	11210	5329,9
11220	2563	11220	53,1	11220	0	11220	1	11220	5329,9
11230	2564	11230	47,6	11230	0	11230	1	11230	5329,9
11240	2565	11240	47,4	11240	0	11240	1	11240	5329,9
11250	2566	11250	46,4	11250	0	11250	1	11250	5329,9
11260	2567	11260	50,5	11260	0	11260	1	11260	5329,9
11270	2568	11270	41,9	11270	0	11270	1	11270	5329,9
11280	2569	11280	48,9	11280	0	11280	1	11280	5329,9
11290	2570	11290	44,8	11290	0	11290	1	11290	5329,9
11300	2571	11300	49,3	11300	0	11300	1	11300	5329,9
11310	2572	11310	50,1	11310	0	11310	1	11310	5329,9
11320	2573	11320	47,2	11320	0	11320	1	11320	5329,9
11330	2574	11330	35,3	11330	0	11330	1	11330	5329,9
11340	2575	11340	50,4	11340	0	11340	1	11340	5329,9
11350	2576	11350	48,5	11350	0	11350	1	11350	5329,9
11360	2577	11360	56,5	11360	0	11360	1	11360	5329,9
11370	2578	11370	54	11370	0	11370	1	11370	5329,9
11380	2579	11380	44,5	11380	0	11380	1	11380	5329,9
11390	2580	11390	49,9	11390	0	11390	1	11390	5329,9
11400	2581	11400	52,7	11400	0	11400	1	11400	5329,9
11410	2582	11410	40,1	11410	0	11410	1	11410	5329,9
11420	2583	11420	38	11420	0	11420	1	11420	5329,9
11430	2584	11430	51,9	11430	0	11430	1	11430	5329,9
11440	2585	11440	53,8	11440	0	11440	1	11440	5329,9
11450	2586	11450	38,1	11450	0	11450	1	11450	5329,9
11460	2587	11460	37,6	11460	0	11460	1	11460	5329,9
11470	2588	11470	52,9	11470	0	11470	1	11470	5329,9
11480	2589	11480	36,4	11480	0	11480	1	11480	5329,9
11490	2590	11490	51,8	11490	0	11490	1	11490	5329,9
11500	2591	11500	50,3	11500	0	11500	1	11500	5329,9
11510	2592	11510	53,5	11510	0	11510	1	11510	5329,9
11520	2593	11520	53,8	11520	0	11520	1	11520	5329,9
11530	2594	11530	50,8	11530	0	11530	1	11530	5329,9
11540	2595	11540	31,2	11540	0	11540	1	11540	5329,9
11550	2596	11550	40,2	11550	0	11550	1	11550	5329,9
11560	2597	11560	51,5	11560	0	11560	1	11560	5329,9
11570	2598	11570	52,2	11570	0	11570	1	11570	5329,9
11580	2599	11580	28,3	11580	0	11580	1	11580	5329,9
11590	2600	11590	49,3	11590	0	11590	3	11590	5329,9
11600	2601	11600	52,6	11600	0	11600	1	11600	5329,9
11610	2602	11610	48,2	11610	0	11610	1	11610	5329,9
11620	2603	11620	36,6	11620	0	11620	1	11620	5329,9
11630	2604	11630	30,9	11630	0	11630	1	11630	5329,9
11640	2605	11640	33,7	11640	0	11640	1	11640	5329,9
11650	2606	11650	25,9	11650	0	11650	1	11650	5329,9
11660	2607	11660	27	11660	0	11660	1	11660	5329,9
11670	2608	11670	32,8	11670	0	11670	1	11670	5329,9
11680	2609	11680	33,5	11680	0	11680	1	11680	5329,9
11690	2610	11690	37,9	11690	0	11690	1	11690	5329,9
11700	2611	11700	38,3	11700	0	11700	1	11700	5329,9
11710	2612	11710	27	11710	0	11710	1	11710	5329,9
11720	2613	11720	39,4	11720	0	11720	1	11720	5329,9
11730	2614	11730	48,2	11730	0	11730	1	11730	5329,9
11740	2615	11740	47,9	11740	0	11740	1	11740	5329,9
11750	2616	11750	26,3	11750	0	11750	1	11750	5329,9
11760	2617	11760	31,6	11760	0	11760	1	11760	5329,9
11770	2618	11770	38,4	11770	0	11770	1	11770	5329,9
11780	2619	11780	39,2	11780	0	11780	1	11780	5329,9
11790	2620	11790	46,5	11790	0	11790	1	11790	5329,9
11800	2621	11800	27,1	11800	0	11800	1	11800	5329,9
11810	2622	11810	46,8	11810	0	11810	1	11810	5329,9
11820	2623	11820	57,5	11820	0	11820	1	11820	5329,9
11830	2624	11830	47,6	11830	0	11830	1	11830	5329,9
11840	2625	11840	47,8	11840	0	11840	1	11840	5329,9
11850	2626	11850	26,7	11850	0	11850	1	11850	5329,9
11860	2627	11860	26,8	11860	0	11860	1	11860	5329,9
11870	2628	11870	44,3	11870	0	11870	1	11870	5329,9
11880	2629	11880	46,9	11880	0	11880	1	11880	5329,9
11890	2630	11890	26,3	11890	0	11890	1	11890	5329,9
11900	2631	11900	59,8	11900	0	11900	1	11900	5329,9
11910	2632	11910	37,8	11910	0	11910	1	11910	5329,9
11920	2633	11920	51,8	11920	0	11920	1	11920	5329,9
11930	2634	11930	45,2	11930	0	11930	1	11930	5329,9
11940	2635	11940	53,3	11940	0	11940	1	11940	5329,9
11950	2636	11950	45,7	11950	0	11950	1	11950	5329,9
11960	2637	11960	43,5	11960	0	11960	1	11960	5329,9
11970	2638	11970	38,7	11970	0	11970	1	11970	5329,9
11980	2639	11980	27,8	11980	0	11980	1	11980	5329,9
11990	2640	11990	31	11990	0	11990	1	11990	5329,9
12000	2641	12000	47,4	12000	0	12000	1	12000	5329,9
12010	2642	12010	31	12010	0	12010	1	12010	5329,9
12020	2643	12020	45,5	12020	0	12020	1	12020	5329,9
12030	2644	12030	55,3	12030	0	12030	1	12030	5329,9
12040	2645	12040	44,8	12040	0	12040	1	12040	5329,9
12050	2646	12050	44,4	12050	0	12050	1	12050	5329,9
12060	2647	12060	48,2	12060	0	12060	1	12060	5329,9
12070	2648	12070	23,9	12070	0	12070	1	12070	5329,9
12080	2649	12080	149,4	12080	0	12080	1	12080	5329,9
12090	2650	12090	53,4	12090	0	12090	1	12090	5329,9
12100	2651	12100	51,5	12100	0	12100	1	12100	5329,9
12110	2652	12110	41,6	12110	0	12110	1	12110	5329,9
12120	2653	12120	34,3	12120	0	12120	1	12120	5329,9
12130	2654	12130	52	12130	0	12130	1	12130	5329,9
12140	2655	12140	41,6	12140	0	12140	1	12140	5329,9
12150	2656	12150	47,4	12150	0	12150	1	12150	5329,9
12160	2657	12160	45,9	12160	0	12160	1	12160	5329,9
12170	2658	12170	46,3	12170	0	12170	1	12170	5329,9
12180	2659	12180	50,8	12180	0	12180	1	12180	5329,9
12190	2660	12190	44,9	12190	0	12190	1	12190	5329,9
12200	2661	12200	45,6	12200	0	12200	1	12200	5329,9
12210	2662	12210	41,4	12210	0	12210	1	12210	5329,9
12220	2663	12220	27,2	12220	0	12220	1	12220	5329,9
12230	2664	12230	54,1	12230	0	12230	1	12230	5329,9
12240	2665	12240	38,7	12240	0	12240	1	12240	5329,9
12250	2666	12250	41,2	12250	0	12250	1	12250	5329,9
12260	2667	12260	41,2	12260	0	12260	1	12260	5329,9
12270	2668	12270	41,9	12270	0	12270	1	12270	5329,9
12280	2669	12280	44,2	12280	0	12280	1	12280	5329,9
12290	2670	12290	47,9	12290	0	12290	1	12290	5329,9
12300	2671	12300	48	12300	0	12300	1	12300	5329,9
12310	2672	12310	46,1	12310	0	12310	1	12310	5329,9
12320	2673	12320	48,1	12320	0	12320	1	12320	5329,9
12330	2674	12330	42,9	12330	0	12330	1	12330	5329,9
12340	2675	12340	47,2	12340	0	12340	1	12340	5329,9
12350	2676	12350	49,8	12350	0	12350	1	12350	5329,9
12360	2677	12360	30,5	12360	0	12360	1	12360	5329,9
12370	2678	12370	43,9	12370	0	12370	1	12370	5329,9
12380	2679	12380	40,4	12380	0	12380	1	12380	5329,9
12390	2680	12390	31,1	12390	0	12390	1	12390	5329,9
12400	2681	12400	20,5	12400	0	12400	1	12400	5329,9
12410	2682	12410	39,7	12410	0	12410	1	12410	5329,9
12420	2683	12420	26,8	12420	0	12420	1	12420	5329,9
12430	2684	12430	60,6	12430	0	12430	1	12430	5329,9
12440	2685	12440	45,3	12440	0	12440	1	12440	5329,9
12450	2686	12450	23,9	12450	0	12450	1	12450	5329,9
12460	2687	12460	44,5	12460	0	12460	1	12460	5329,9
12470	2688	12470	66,8	12470	0	12470	1	12470	5329,9
12480	2689	12480	45,5	12480	0	12480	1	12480	5329,9
12490	2690	12490	53	12490	0	12490	1	12490	5329,9
12500	2691	12500	43,8	12500	0	12500	1	12500	5329,9
12510	2692	12510	45,2	12510	0	12510	1	12510	5329,9
12520	2693	12520	47	12520	0	12520	1	12520	5329,9
12530	2694	12530	43,8	12530	0	12530	1	12530	5329,9
12540	2695	12540	48	12540	0	12540	1	12540	5329,9
12550	2696	12550	50,9	12550	0	12550	1	12550	5329,9
12560	2697	12560	44,9	12560	0	12560	1	12560	5329,9
12570	2698	12570	37,5	12570	0	12570	1	12570	5329,9
12580	2699	12580	46,3	12580	0	12580	1	12580	5329,9
12590	2700	12590	55,7	12590	0	12590	3	12590	5329,9
12600	2701	12600	73,8	12600	0	12600	1	12600	5329,9
12610	2702	12610	50	12610	0	12610	1	12610	5329,9
12620	2703	12620	53,1	12620	0	12620	1	12620	5329,9
12630	2704	12630	49,4	12630	0	12630	1	12630	5329,9
12640	2705	12640	45	12640	0	12640	1	12640	5329,9
12650	2706	12650	49,3	12650	0	12650	1	12650	5329,9
12660	2707	12660	49,9	12660	0	12660	1	12660	5329,9
12670	2708	12670	48,2	12670	0	12670	1	12670	5329,9
12680	2709	12680	48,4	12680	0	12680	1	12680	5329,9
12690	2710	12690	47,8	12690	0	12690	1	12690	5329,9
12700	2711	12700	40,5	12700	0	12700	1	12700	5329,9
12710	2712	12710	47,6	12710	0	12710	1	12710	5329,9
12720	2713	12720	44,1	12720	0	12720	1	12720	5329,9
12730	2714	12730	50,3	12730	0	12730	1	12730	5329,9
12740	2715	12740	55,1	12740	0	12740	1	12740	5329,9
12750	2716	12750	49,8	12750	0	12750	1	12750	5329,9
12760	2717	12760	53	12760	0	12760	1	12760	5329,9
12770	2718	12770	46,8	12770	0	12770	1	12770	5329,9
12780	2719	12780	33,7	12780	0	12780	1	12780	5329,9
12790	2720	12790	47,1	12790	0	12790	1	12790	5329,9
12800	2721	12800	33	12800	0	12800	1	12800	5329,9
12810	2722	12810	46,3	12810	0	12810	1	12810	5329,9
12820	2723	12820	44,6	12820	0	12820	1	12820	5329,9
12830	2724	12830	42,1	12830	0	12830	1	12830	5329,9
12840	2725	12840	48,6	12840	0	12840	1	12840	5329,9
12850	2726	12850	43,1	12850	0	12850	1	12850	5329,9
12860	2727	12860	40,7	12860	0	12860	1	12860	5329,9
12870	2728	12870	40,5	12870	0	12870	1	12870	5329,9
12880	2729	12880	41,4	12880	0	12880	1	12880	5329,9
12890	2730	12890	50	12890	0	12890	1	12890	5329,9
12900	2731	12900	52,2	12900	0	12900	1	12900	5329,9
12910	2732	12910	44,6	12910	0	12910	1	12910	5329,9
12920	2733	12920	45,8	12920	0	12920	1	12920	5329,9
12930	2734	12930	43	12930	0	12930	1	12930	5329,9
12940	2735	12940	47,9	12940	0	12940	1	12940	5329,9
12950	2736	12950	51,4	12950	0	12950	1	12950	5329,9
12960	2737	12960	31,6	12960	0	12960	1	12960	5329,9
12970	2738	12970	39	12970	0	12970	1	12970	5329,9
12980	2739	12980	42,1	12980	0	12980	1	12980	5329,9
12990	2740	12990	46,4	12990	0	12990	1	12990	5329,9
13000	2741	13000	47,5	13000	0	13000	1	13000	5329,9
13010	2742	13010	59,7	13010	0	13010	1	13010	5329,9
13020	2743	13020	44,1	13020	0	13020	1	13020	5329,9
13030	2744	13030	42,1	13030	0	13030	1	13030	5329,9
13040	2745	13040	24,6	13040	0	13040	1	13040	5329,9
13050	2746	13050	27,2	13050	0	13050	1	13050	5329,9
13060	2747	13060	24,4	13060	0	13060	1	13060	5329,9
13070	2748	13070	38,8	13070	0	13070	1	13070	5329,9
13080	2749	13080	45,2	13080	0	13080	1	13080	5329,9
13090	2750	13090	45,2	13090	0	13090	1	13090	5329,9
13100	2751	13100	56,5	13100	0	13100	1	13100	5329,9
13110	2752	13110	43,8	13110	0	13110	1	13110	5329,9
13120	2753	13120	51,9	13120	0	13120	1	13120	5329,9
13130	2754	13130	46,3	13130	0	13130	1	13130	5329,9
13140	2755	13140	41,4	13140	0	13140	1	13140	5329,9
13150	2756	13150	47,9	13150	0	13150	1	13150	5329,9
13160	2757	13160	55,4	13160	0	13160	1	13160	5329,9
13170	2758	13170	41,5	13170	0	13170	1	13170	5329,9
13180	2759	13180	55,6	13180	0	13180	1	13180	5329,9
13190	2760	13190	47,9	13190	0	13190	1	13190	5329,9
13200	2761	13200	46,3	13200	0	13200	1	13200	5329,9
13210	2762	13210	46,6	13210	0	13210	1	13210	5329,9
13220	2763	13220	49	13220	0	13220	1	13220	5329,9
13230	2764	13230	36,3	13230	0	13230	1	13230	5329,9
13240	2765	13240	27,6	13240	0	13240	1	13240	5329,9
13250	2766	13250	38	13250	0	13250	1	13250	5329,9
13260	2767	13260	45	13260	0	13260	1	13260	5329,9
13270	2768	13270	38,8	13270	0	13270	1	13270	5329,9
13280	2769	13280	49,2	13280	0	13280	1	13280	5329,9
13290	2770	13290	45,7	13290	0	13290	1	13290	5329,9
13300	2771	13300	37,2	13300	0	13300	1	13300	5329,9
13310	2772	13310	48,8	13310	0	13310	1	13310	5329,9
13320	2773	13320	40,4	13320	0	13320	1	13320	5329,9
13330	2774	13330	31,5	13330	0	13330	1	13330	5329,9
13340	2775	13340	46,3	13340	0	13340	1	13340	5329,9
13350	2776	13350	53	13350	0	13350	1	13350	5329,9
13360	2777	13360	26,9	13360	0	13360	1	13360	5329,9
13370	2778	13370	28,7	13370	0	13370	1	13370	5329,9
13380	2779	13380	29,8	13380	0	13380	1	13380	5329,9
13390	2780	13390	40,4	13390	0	13390	1	13390	5329,9
13400	2781	13400	49,4	13400	0	13400	1	13400	5329,9
13410	2782	13410	49	13410	0	13410	1	13410	5329,9
13420	2783	13420	48	13420	0	13420	1	13420	5329,9
13430	2784	13430	27,5	13430	0	13430	1	13430	5329,9
13440	2785	13440	43,8	13440	0	13440	1	13440	5329,9
13450	2786	13450	42	13450	0	13450	1	13450	5329,9
13460	2787	13460	37,9	13460	0	13460	1	13460	5329,9
13470	2788	13470	28,2	13470	0	13470	1	13470	5329,9
13480	2789	13480	53,8	13480	0	13480	1	13480	5329,9
13490	2790	13490	43,7	13490	0	13490	1	13490	5329,9
13500	2791	13500	28,5	13500	0	13500	1	13500	5329,9
13510	2792	13510	27,8	13510	0	13510	1	13510	5329,9
13520	2793	13520	47,3	13520	0	13520	1	13520	5329,9
13530	2794	13530	47	13530	0	13530	1	13530	5329,9
13540	2795	13540	46,1	13540	0	13540	1	13540	5329,9
13550	2796	13550	52,2	13550	0	13550	1	13550	5329,9
13560	2797	13560	51,9	13560	0	13560	1	13560	5329,9
13570	2798	13570	28,2	13570	0	13570	1	13570	5329,9
13580	2799	13580	27,5	13580	0	13580	1	13580	5329,9
13590	2800	13590	53,1	13590	0	13590	3	13590	5329,9
13600	2801	13600	62,9	13600	0	13600	1	13600	5329,9
13610	2802	13610	49,8	13610	0	13610	1	13610	5329,9
13620	2803	13620	48,3	13620	0	13620	1	13620	5329,9
13630	2804	13630	51,9	13630	0	13630	1	13630	5329,9
13640	2805	13640	32,4	13640	0	13640	1	13640	5329,9
13650	2806	13650	52,2	13650	0	13650	1	13650	5329,9
13660	2807	13660	50,4	13660	0	13660	1	13660	5329,9
13670	2808	13670	29,6	13670	0	13670	1	13670	5329,9
13680	2809	13680	56,5	13680	0	13680	1	13680	5329,9
13690	2810	13690	47,3	13690	0	13690	1	13690	5329,9
13700	2811	13700	42,6	13700	0	13700	1	13700	5329,9
13710	2812	13710	39,9	13710	0	13710	1	13710	5329,9
13720	2813	13720	54	13720	0	13720	1	13720	5329,9
13730	2814	13730	43,8	13730	0	13730	1	13730	5329,9
13740	2815	13740	50,6	13740	0	13740	1	13740	5329,9
13750	2816	13750	43,9	13750	0	13750	1	13750	5329,9
13760	2817	13760	36,9	13760	0	13760	1	13760	5329,9
13770	2818	13770	36,4	13770	0	13770	1	13770	5329,9
13780	2819	13780	32,9	13780	0	13780	1	13780	5329,9
13790	2820	13790	32,8	13790	0	13790	1	13790	5329,9
13800	2821	13800	47,6	13800	0	13800	1	13800	5329,9
13810	2822	13810	55,3	13810	0	13810	1	13810	5329,9
13820	2823	13820	44,5	13820	0	13820	1	13820	5329,9
13830	2824	13830	45,8	13830	0	13830	1	13830	5329,9
13840	2825	13840	44,9	13840	0	13840	1	13840	5329,9
13850	2826	13850	45,2	13850	0	13850	1	13850	5329,9
13860	2827	13860	95,7	13860	0	13860	1	13860	5329,9
13870	2828	13870	29,8	13870	0	13870	1	13870	5329,9
13880	2829	13880	48,6	13880	0	13880	1	13880	5329,9
13890	2830	13890	60,4	13890	0	13890	1	13890	5329,9
13900	2831	13900	49,3	13900	0	13900	1	13900	5329,9
13910	2832	13910	47,1	13910	0	13910	1	13910	5329,9
13920	2833	13920	54,8	13920	0	13920	1	13920	5329,9
13930	2834	13930	54,1	13930	0	13930	1	13930	5329,9
13940	2835	13940	47,7	13940	0	13940	1	13940	5329,9
13950	2836	13950	30	13950	0	13950	1	13950	5329,9
13960	2837	13960	38,7	13960	0	13960	1	13960	5329,9
13970	2838	13970	35,1	13970	0	13970	1	13970	5329,9
13980	2839	13980	27,9	13980	0	13980	1	13980	5329,9
13990	2840	13990	44,6	13990	0	13990	1	13990	5329,9
14000	2841	14000	43,5	14000	0	14000	1	14000	5329,9
14010	2842	14010	46,7	14010	0	14010	1	14010	5329,9
14020	2843	14020	49,1	14020	0	14020	1	14020	5329,9
14030	2844	14030	53,2	14030	0	14030	1	14030	5329,9
14040	2845	14040	38,4	14040	0	14040	1	14040	5329,9
14050	2846	14050	31,9	14050	0	14050	1	14050	5329,9
14060	2847	14060	52,4	14060	0	14060	1	14060	5329,9
14070	2848	14070	47,1	14070	0	14070	1	14070	5329,9
14080	2849	14080	45,5	14080	0	14080	1	14080	5329,9
14090	2850	14090	31,3	14090	0	14090	1	14090	5329,9
14100	2851	14100	32,5	14100	0	14100	1	14100	5329,9
14110	2852	14110	52,1	14110	0	14110	1	14110	5329,9
14120	2853	14120	30,1	14120	0	14120	1	14120	5329,9
14130	2854	14130	32,4	14130	0	14130	1	14130	5329,9
14140	2855	14140	39,1	14140	0	14140	1	14140	5329,9
14150	2856	14150	30,7	14150	0	14150	1	14150	5329,9
14160	2857	14160	55,7	14160	0	14160	1	14160	5329,9
14170	2858	14170	47,1	14170	0	14170	1	14170	5329,9
14180	2859	14180	53,8	14180	0	14180	1	14180	5329,9
14190	2860	14190	39,1	14190	0	14190	1	14190	5329,9
14200	2861	14200	37,8	14200	0	14200	1	14200	5329,9
14210	2862	14210	49,5	14210	0	14210	1	14210	5329,9
14220	2863	14220	52,2	14220	0	14220	1	14220	5329,9
14230	2864	14230	36,2	14230	0	14230	1	14230	5329,9
14240	2865	14240	39,8	14240	0	14240	1	14240	5329,9
14250	2866	14250	36,1	14250	0	14250	1	14250	5329,9
14260	2867	14260	33,5	14260	0	14260	1	14260	5329,9
14270	2868	14270	42,8	14270	0	14270	1	14270	5329,9
14280	2869	14280	25,3	14280	0	14280	1	14280	5329,9
14290	2870	14290	33,4	14290	0	14290	1	14290	5329,9
14300	2871	14300	33,4	14300	0	14300	1	14300	5329,9
14310	2872	14310	41,1	14310	0	14310	1	14310	5329,9
14320	2873	14320	32,9	14320	0	14320	1	14320	5329,9
14330	2874	14330	33,3	14330	0	14330	1	14330	5329,9
14340	2875	14340	52,8	14340	0	14340	1	14340	5329,9
14350	2876	14350	50	14350	0	14350	1	14350	5329,9
14360	2877	14360	42,5	14360	0	14360	1	14360	5329,9
14370	2878	14370	46	14370	0	14370	1	14370	5329,9
14380	2879	14380	33,9	14380	0	14380	1	14380	5329,9
14390	2880	14390	27,5	14390	0	14390	1	14390	5329,9
14400	2881	14400	40,9	14400	0	14400	1	14400	5329,9
14410	2882	14410	25,5	14410	0	14410	1	14410	5329,9
14420	2883	14420	44,8	14420	0	14420	1	14420	5329,9
14430	2884	14430	44,8	14430	0	14430	1	14430	5329,9
14440	2885	14440	44,7	14440	0	14440	1	14440	5329,9
14450	2886	14450	63,8	14450	0	14450	1	14450	5329,9
14460	2887	14460	33,6	14460	0	14460	1	14460	5329,9
14470	2888	14470	49	14470	0	14470	1	14470	5329,9
14480	2889	14480	52,3	14480	0	14480	1	14480	5329,9
14490	2890	14490	40,7	14490	0	14490	1	14490	5329,9
14500	2891	14500	25,6	14500	0	14500	1	14500	5329,9
14510	2892	14510	49,7	14510	0	14510	1	14510	5329,9
14520	2893	14520	31,1	14520	0	14520	1	14520	5329,9
14530	2894	14530	46,9	14530	0	14530	1	14530	5329,9
14540	2895	14540	51,7	14540	0	14540	1	14540	5329,9
14550	2896	14550	34,1	14550	0	14550	1	14550	5329,9
14560	2897	14560	31	14560	0	14560	1	14560	5329,9
14570	2898	14570	49,9	14570	0	14570	1	14570	5329,9
14580	2899	14580	44,6	14580	0	14580	1	14580	5329,9
14590	2900	14590	47,6	14590	0	14590	3	14590	5329,9
14600	2901	14600	70,7	14600	0	14600	1	14600	5329,9
14610	2902	14610	56,7	14610	0	14610	1	14610	5329,9
14620	2903	14620	35,6	14620	0	14620	1	14620	5329,9
14630	2904	14630	48,9	14630	0	14630	1	14630	5329,9
14640	2905	14640	26,8	14640	0	14640	1	14640	5329,9
14650	2906	14650	55,9	14650	0	14650	3	14650	5329,9
14660	2907	14660	55,9	14660	0	14660	1	14660	5329,9
14670	2908	14670	30,4	14670	0	14670	1	14670	5329,9
14680	2909	14680	30,5	14680	0	14680	1	14680	5329,9
14690	2910	14690	27,2	14690	0	14690	1	14690	5329,9
14700	2911	14700	26,6	14700	0	14700	1	14700	5329,9
14710	2912	14710	44,8	14710	0	14710	1	14710	5329,9
14720	2913	14720	39,2	14720	0	14720	1	14720	5329,9
14730	2914	14730	46,4	14730	0	14730	1	14730	5329,9
14740	2915	14740	49	14740	0	14740	1	14740	5329,9
14750	2916	14750	47	14750	0	14750	1	14750	5329,9
14760	2917	14760	47,3	14760	0	14760	1	14760	5329,9
14770	2918	14770	47	14770	0	14770	1	14770	5329,9
14780	2919	14780	28,6	14780	0	14780	1	14780	5329,9
14790	2920	14790	57,2	14790	0	14790	1	14790	5329,9
14800	2921	14800	48,9	14800	0	14800	1	14800	5329,9
14810	2922	14810	62,1	14810	0	14810	1	14810	5329,9
14820	2923	14820	42,2	14820	0	14820	1	14820	5329,9
14830	2924	14830	51,3	14830	0	14830	1	14830	5329,9
14840	2925	14840	59,6	14840	0	14840	1	14840	5329,9
14850	2926	14850	34	14850	0	14850	1	14850	5329,9
14860	2927	14860	50,9	14860	0	14860	1	14860	5329,9
14870	2928	14870	45,2	14870	0	14870	1	14870	5329,9
14880	2929	14880	57,1	14880	0	14880	1	14880	5329,9
14890	2930	14890	37,4	14890	0	14890	1	14890	5329,9
14900	2931	14900	46,7	14900	0	14900	1	14900	5329,9
14910	2932	14910	45,4	14910	0	14910	1	14910	5329,9
14920	2933	14920	39,2	14920	0	14920	1	14920	5329,9
14930	2934	14930	28,3	14930	0	14930	1	14930	5329,9
14940	2935	14940	28,4	14940	0	14940	1	14940	5329,9
14950	2936	14950	45,7	14950	0	14950	1	14950	5329,9
14960	2937	14960	44	14960	0	14960	1	14960	5329,9
14970	2938	14970	239,8	14970	0	14970	1	14970	5329,9
14980	2939	14980	32,8	14980	0	14980	1	14980	5329,9
14990	2940	14990	58,2	14990	0	14990	1	14990	5329,9
15000	2941	15000	48,2	15000	0	15000	1	15000	5329,9
15010	2942	15010	28,2	15010	0	15010	1	15010	5329,9
15020	2943	15020	28	15020	0	15020	1	15020	5329,9
15030	2944	15030	27,2	15030	0	15030	1	15030	5329,9
15040	2945	15040	31,2	15040	0	15040	1	15040	5329,9
15050	2946	15050	39,5	15050	0	15050	1	15050	5329,9
15060	2947	15060	26,1	15060	0	15060	1	15060	5329,9
15070	2948	15070	28,2	15070	0	15070	1	15070	5329,9
15080	2949	15080	35,6	15080	0	15080	1	15080	5329,9
15090	2950	15090	37,9	15090	0	15090	1	15090	5329,9
15100	2951	15100	29,6	15100	0	15100	1	15100	5329,9
15110	2952	15110	46,2	15110	0	15110	1	15110	5329,9
15120	2953	15120	29,2	15120	0	15120	1	15120	5329,9
15130	2954	15130	51	15130	0	15130	1	15130	5329,9
15140	2955	15140	49,1	15140	0	15140	1	15140	5329,9
15150	2956	15150	27	15150	0	15150	1	15150	5329,9
15160	2957	15160	52,8	15160	0	15160	1	15160	5329,9
15170	2958	15170	51	15170	0	15170	1	15170	5329,9
15180	2959	15180	29,9	15180	0	15180	1	15180	5329,9
15190	2960	15190	50,4	15190	0	15190	1	15190	5329,9
15200	2961	15200	50,1	15200	0	15200	1	15200	5329,9
15210	2962	15210	45,9	15210	0	15210	1	15210	5329,9
15220	2963	15220	40,7	15220	0	15220	1	15220	5329,9
15230	2964	15230	28,1	15230	0	15230	1	15230	5329,9
15240	2965	15240	52,3	15240	0	15240	1	15240	5329,9
15250	2966	15250	54,5	15250	0	15250	1	15250	5329,9
15260	2967	15260	38,2	15260	0	15260	1	15260	5329,9
15270	2968	15270	27,1	15270	0	15270	1	15270	5329,9
15280	2969	15280	27,4	15280	0	15280	1	15280	5329,9
15290	2970	15290	37,8	15290	0	15290	1	15290	5329,9
15300	2971	15300	37	15300	0	15300	1	15300	5329,9
15310	2972	15310	38,3	15310	0	15310	1	15310	5329,9
15320	2973	15320	27,7	15320	0	15320	1	15320	5329,9
15330	2974	15330	39	15330	0	15330	1	15330	5329,9
15340	2975	15340	36,5	15340	0	15340	1	15340	5329,9
15350	2976	15350	47,8	15350	0	15350	1	15350	5329,9
15360	2977	15360	26,2	15360	0	15360	1	15360	5329,9
15370	2978	15370	44,2	15370	0	15370	1	15370	5329,9
15380	2979	15380	23,5	15380	0	15380	1	15380	5329,9
15390	2980	15390	39,6	15390	0	15390	1	15390	5329,9
15400	2981	15400	27,4	15400	0	15400	1	15400	5329,9
15410	2982	15410	56,1	15410	0	15410	1	15410	5329,9
15420	2983	15420	47,7	15420	0	15420	1	15420	5329,9
15430	2984	15430	45,3	15430	0	15430	1	15430	5329,9
15440	2985	15440	45,5	15440	0	15440	1	15440	5329,9
15450	2986	15450	36,4	15450	0	15450	1	15450	5329,9
15460	2987	15460	35,7	15460	0	15460	1	15460	5329,9
15470	2988	15470	29,6	15470	0	15470	1	15470	5329,9
15480	2989	15480	50,7	15480	0	15480	1	15480	5329,9
15490	2990	15490	26,1	15490	0	15490	1	15490	5329,9
15500	2991	15500	50,9	15500	0	15500	1	15500	5329,9
15510	2992	15510	48,5	15510	0	15510	1	15510	5329,9
15520	2993	15520	35,9	15520	0	15520	1	15520	5329,9
15530	2994	15530	30,8	15530	0	15530	1	15530	5329,9
15540	2995	15540	26,1	15540	0	15540	1	15540	5329,9
15550	2996	15550	26	15550	0	15550	1	15550	5329,9
15560	2997	15560	43,5	15560	0	15560	1	15560	5329,9
15570	2998	15570	42,7	15570	0	15570	1	15570	5329,9
15580	2999	15580	48,4	15580	0	15580	1	15580	5329,9
15590	3000	15590	33	15590	0	15590	3	15590	5329,9
15600	3001	15600	48,1	15600	0	15600	1	15600	5329,9
15610	3002	15610	35,2	15610	0	15610	1	15610	5329,9
15620	3003	15620	37,5	15620	0	15620	1	15620	5329,9
15630	3004	15630	53,6	15630	0	15630	1	15630	5329,9
15640	3005	15640	27,6	15640	0	15640	1	15640	5329,9
15650	3006	15650	34,9	15650	0	15650	1	15650	5329,9
15660	3007	15660	47	15660	0	15660	1	15660	5329,9
15670	3008	15670	46,3	15670	0	15670	1	15670	5329,9
15680	3009	15680	43,9	15680	0	15680	1	15680	5329,9
15690	3010	15690	49,3	15690	0	15690	1	15690	5329,9
15700	3011	15700	51,1	15700	0	15700	1	15700	5329,9
15710	3012	15710	46	15710	0	15710	1	15710	5329,9
15720	3013	15720	54,2	15720	0	15720	1	15720	5329,9
15730	3014	15730	31	15730	0	15730	1	15730	5329,9
15740	3015	15740	48,2	15740	0	15740	1	15740	5329,9
15750	3016	15750	42,6	15750	0	15750	1	15750	5329,9
15760	3017	15760	44,6	15760	0	15760	1	15760	5329,9
15770	3018	15770	50,8	15770	0	15770	1	15770	5329,9
15780	3019	15780	43,6	15780	0	15780	1	15780	5329,9
15790	3020	15790	48,3	15790	0	15790	1	15790	5329,9
15800	3021	15800	45,3	15800	0	15800	1	15800	5329,9
15810	3022	15810	35,3	15810	0	15810	1	15810	5329,9
15820	3023	15820	44	15820	0	15820	1	15820	5329,9
15830	3024	15830	46,9	15830	0	15830	1	15830	5329,9
15840	3025	15840	40,3	15840	0	15840	1	15840	5329,9
15850	3026	15850	34,6	15850	0	15850	1	15850	5329,9
15860	3027	15860	46,6	15860	0	15860	1	15860	5329,9
15870	3028	15870	34,4	15870	0	15870	1	15870	5329,9
15880	3029	15880	37	15880	0	15880	1	15880	5329,9
15890	3030	15890	30,8	15890	0	15890	1	15890	5329,9
15900	3031	15900	46,5	15900	0	15900	1	15900	5329,9
15910	3032	15910	49,1	15910	0	15910	1	15910	5329,9
15920	3033	15920	47,6	15920	0	15920	1	15920	5329,9
15930	3034	15930	44,8	15930	0	15930	1	15930	5329,9
15940	3035	15940	44,5	15940	0	15940	1	15940	5329,9
15950	3036	15950	44	15950	0	15950	1	15950	5329,9
15960	3037	15960	54,3	15960	0	15960	1	15960	5329,9
15970	3038	15970	51	15970	0	15970	1	15970	5329,9
15980	3039	15980	35,9	15980	0	15980	1	15980	5329,9
15990	3040	15990	49,7	15990	0	15990	1	15990	5329,9
16000	3041	16000	47,7	16000	0	16000	1	16000	5329,9
16010	3042	16010	37,8	16010	0	16010	1	16010	5329,9
16020	3043	16020	41,9	16020	0	16020	1	16020	5329,9
16030	3044	16030	32,5	16030	0	16030	1	16030	5329,9
16040	3045	16040	45,5	16040	0	16040	1	16040	5329,9
16050	3046	16050	41,7	16050	0	16050	1	16050	5329,9
16060	3047	16060	41,8	16060	0	16060	1	16060	5329,9
16070	3048	16070	49,6	16070	0	16070	1	16070	5329,9
16080	3049	16080	33,6	16080	0	16080	1	16080	5329,9
16090	3050	16090	26,6	16090	0	16090	1	16090	5329,9
16100	3051	16100	31,2	16100	0	16100	1	16100	5329,9
16110	3052	16110	38,7	16110	0	16110	1	16110	5329,9
16120	3053	16120	37	16120	0	16120	1	16120	5329,9
16130	3054	16130	35,6	16130	0	16130	1	16130	5329,9
16140	3055	16140	32,8	16140	0	16140	1	16140	5329,9
16150	3056	16150	36,4	16150	0	16150	1	16150	5329,9
16160	3057	16160	29,3	16160	0	16160	1	16160	5329,9
16170	3058	16170	47,8	16170	0	16170	1	16170	5329,9
16180	3059	16180	24,5	16180	0	16180	1	16180	5329,9
16190	3060	16190	24,7	16190	0	16190	1	16190	5329,9
16200	3061	16200	40,2	16200	0	16200	1	16200	5329,9
16210	3062	16210	54,3	16210	0	16210	1	16210	5329,9
16220	3063	16220	45,8	16220	0	16220	1	16220	5329,9
16230	3064	16230	47,2	16230	0	16230	1	16230	5329,9
16240	3065	16240	45,7	16240	0	16240	1	16240	5329,9
16250	3066	16250	38,2	16250	0	16250	1	16250	5329,9
16260	3067	16260	46,4	16260	0	16260	1	16260	5329,9
16270	3068	16270	51,4	16270	0	16270	1	16270	5329,9
16280	3069	16280	34,4	16280	0	16280	1	16280	5329,9
16290	3070	16290	36,6	16290	0	16290	1	16290	5329,9
16300	3071	16300	27,2	16300	0	16300	1	16300	5329,9
16310	3072	16310	46,5	16310	0	16310	1	16310	5329,9
16320	3073	16320	28	16320	0	16320	1	16320	5329,9
16330	3074	16330	45,2	16330	0	16330	1	16330	5329,9
16340	3075	16340	43,1	16340	0	16340	1	16340	5329,9
16350	3076	16350	48,2	16350	0	16350	1	16350	5329,9
16360	3077	16360	46,7	16360	0	16360	1	16360	5329,9
16370	3078	16370	47,9	16370	0	16370	1	16370	5329,9
16380	3079	16380	46,4	16380	0	16380	1	16380	5329,9
16390	3080	16390	53,8	16390	0	16390	1	16390	5329,9
16400	3081	16400	54,2	16400	0	16400	1	16400	5329,9
16410	3082	16410	47,2	16410	0	16410	1	16410	5329,9
16420	3083	16420	49,2	16420	0	16420	1	16420	5329,9
16430	3084	16430	47,6	16430	0	16430	1	16430	5329,9
16440	3085	16440	47,7	16440	0	16440	1	16440	5329,9
16450	3086	16450	42,6	16450	0	16450	1	16450	5329,9
16460	3087	16460	33,6	16460	0	16460	1	16460	5329,9
16470	3088	16470	36,6	16470	0	16470	1	16470	5329,9
16480	3089	16480	46,1	16480	0	16480	1	16480	5329,9
16490	3090	16490	37,7	16490	0	16490	1	16490	5329,9
16500	3091	16500	43,9	16500	0	16500	1	16500	5329,9
16510	3092	16510	42,4	16510	0	16510	1	16510	5329,9
16520	3093	16520	44,7	16520	0	16520	1	16520	5329,9
16530	3094	16530	51,4	16530	0	16530	1	16530	5329,9
16540	3095	16540	47,4	16540	0	16540	1	16540	5329,9
16550	3096	16550	45,3	16550	0	16550	1	16550	5329,9
16560	3097	16560	44	16560	0	16560	1	16560	5329,9
16570	3098	16570	49,3	16570	0	16570	1	16570	5329,9
16580	3099	16580	40,8	16580	0	16580	1	16580	5329,9
16590	3100	16590	34,1	16590	0	16590	3	16590	5329,9
16600	3101	16600	56,3	16600	0	16600	1	16600	5329,9
16610	3102	16610	55,8	16610	0	16610	1	16610	5329,9
16620	3103	16620	53,1	16620	0	16620	1	16620	5329,9
16630	3104	16630	42	16630	0	16630	1	16630	5329,9
16640	3105	16640	39,3	16640	0	16640	1	16640	5329,9
16650	3106	16650	37,1	16650	0	16650	1	16650	5329,9
16660	3107	16660	36,3	16660	0	16660	1	16660	5329,9
16670	3108	16670	48,6	16670	0	16670	1	16670	5329,9
16680	3109	16680	51,1	16680	0	16680	1	16680	5329,9
16690	3110	16690	32,8	16690	0	16690	1	16690	5329,9
16700	3111	16700	50,3	16700	0	16700	1	16700	5329,9
16710	3112	16710	50,7	16710	0	16710	1	16710	5329,9
16720	3113	16720	35,8	16720	0	16720	1	16720	5329,9
16730	3114	16730	48,7	16730	0	16730	1	16730	5329,9
16740	3115	16740	35,2	16740	0	16740	1	16740	5329,9
16750	3116	16750	35,2	16750	0	16750	1	16750	5329,9
16760	3117	16760	53,3	16760	0	16760	1	16760	5329,9
16770	3118	16770	55,1	16770	0	16770	1	16770	5329,9
16780	3119	16780	49,4	16780	0	16780	1	16780	5329,9
16790	3120	16790	31	16790	0	16790	1	16790	5329,9
16800	3121	16800	44,2	16800	0	16800	1	16800	5329,9
16810	3122	16810	36,8	16810	0	16810	1	16810	5329,9
16820	3123	16820	47,6	16820	0	16820	1	16820	5329,9
16830	3124	16830	35,3	16830	0	16830	1	16830	5329,9
16840	3125	16840	26,9	16840	0	16840	1	16840	5329,9
16850	3126	16850	37,4	16850	0	16850	1	16850	5329,9
16860	3127	16860	26,4	16860	0	16860	1	16860	5329,9
16870	3128	16870	48,5	16870	0	16870	1	16870	5329,9
16880	3129	16880	31,8	16880	0	16880	1	16880	5329,9
16890	3130	16890	45,4	16890	0	16890	1	16890	5329,9
16900	3131	16900	47,3	16900	0	16900	1	16900	5329,9
16910	3132	16910	46,5	16910	0	16910	1	16910	5329,9
16920	3133	16920	52,8	16920	0	16920	1	16920	5329,9
16930	3134	16930	36,6	16930	0	16930	1	16930	5329,9
16940	3135	16940	34,3	16940	0	16940	1	16940	5329,9
16950	3136	16950	46,9	16950	0	16950	1	16950	5329,9
16960	3137	16960	46,6	16960	0	16960	1	16960	5329,9
16970	3138	16970	38,2	16970	0	16970	1	16970	5329,9
16980	3139	16980	53,5	16980	0	16980	1	16980	5329,9
16990	3140	16990	37,6	16990	0	16990	1	16990	5329,9
17000	3141	17000	29,5	17000	0	17000	1	17000	5329,9
17010	3142	17010	44,7	17010	0	17010	1	17010	5329,9
17020	3143	17020	44,9	17020	0	17020	1	17020	5329,9
17030	3144	17030	48,9	17030	0	17030	1	17030	5329,9
17040	3145	17040	38	17040	0	17040	1	17040	5329,9
17050	3146	17050	46,8	17050	0	17050	1	17050	5329,9
17060	3147	17060	36,1	17060	0	17060	1	17060	5329,9
17070	3148	17070	33,4	17070	0	17070	1	17070	5329,9
17080	3149	17080	33,7	17080	0	17080	1	17080	5329,9
17090	3150	17090	49,9	17090	0	17090	1	17090	5329,9
17100	3151	17100	42,9	17100	0	17100	1	17100	5329,9
17110	3152	17110	32,2	17110	0	17110	1	17110	5329,9
17120	3153	17120	38,8	17120	0	17120	1	17120	5329,9
17130	3154	17130	37,4	17130	0	17130	1	17130	5329,9
17140	3155	17140	41,1	17140	0	17140	1	17140	5329,9
17150	3156	17150	29	17150	0	17150	1	17150	5329,9
17160	3157	17160	40,9	17160	0	17160	1	17160	5329,9
17170	3158	17170	32,9	17170	0	17170	1	17170	5329,9
17180	3159	17180	44,2	17180	0	17180	1	17180	5329,9
17190	3160	17190	34,3	17190	0	17190	1	17190	5329,9
17200	3161	17200	35	17200	0	17200	1	17200	5329,9
17210	3162	17210	27,4	17210	0	17210	1	17210	5329,9
17220	3163	17220	35,7	17220	0	17220	1	17220	5329,9
17230	3164	17230	25,1	17230	0	17230	1	17230	5329,9
17240	3165	17240	31,9	17240	0	17240	1	17240	5329,9
17250	3166	17250	29,3	17250	0	17250	1	17250	5329,9
17260	3167	17260	35,1	17260	0	17260	1	17260	5329,9
17270	3168	17270	50	17270	0	17270	1	17270	5329,9
17280	3169	17280	35,5	17280	0	17280	1	17280	5329,9
17290	3170	17290	54,2	17290	0	17290	1	17290	5329,9
17300	3171	17300	42,7	17300	0	17300	1	17300	5329,9
17310	3172	17310	34,4	17310	0	17310	1	17310	5329,9
17320	3173	17320	47,3	17320	0	17320	1	17320	5329,9
17330	3174	17330	63,8	17330	0	17330	1	17330	5329,9
17340	3175	17340	50,6	17340	0	17340	1	17340	5329,9
17350	3176	17350	49,6	17350	0	17350	1	17350	5329,9
17360	3177	17360	45,7	17360	0	17360	1	17360	5329,9
17370	3178	17370	51,8	17370	0	17370	1	17370	5329,9
17380	3179	17380	41,8	17380	0	17380	1	17380	5329,9
17390	3180	17390	45,7	17390	0	17390	1	17390	5329,9
17400	3181	17400	44,8	17400	0	17400	1	17400	5329,9
17410	3182	17410	49	17410	0	17410	1	17410	5329,9
17420	3183	17420	45,8	17420	0	17420	1	17420	5329,9
17430	3184	17430	44,2	17430	0	17430	1	17430	5329,9
17440	3185	17440	45,8	17440	0	17440	1	17440	5329,9
17450	3186	17450	27,3	17450	0	17450	1	17450	5329,9
17460	3187	17460	43,5	17460	0	17460	1	17460	5329,9
17470	3188	17470	44,6	17470	0	17470	1	17470	5329,9
17480	3189	17480	28,5	17480	0	17480	1	17480	5329,9
17490	3190	17490	31,3	17490	0	17490	1	17490	5329,9
17500	3191	17500	40,7	17500	0	17500	1	17500	5329,9
17510	3192	17510	28,2	17510	0	17510	1	17510	5329,9
17520	3193	17520	53,7	17520	0	17520	1	17520	5329,9
17530	3194	17530	46,1	17530	0	17530	1	17530	5329,9
17540	3195	17540	48,8	17540	0	17540	1	17540	5329,9
17550	3196	17550	30,9	17550	0	17550	1	17550	5329,9
17560	3197	17560	50,4	17560	0	17560	1	17560	5329,9
17570	3198	17570	45,6	17570	0	17570	1	17570	5329,9
17580	3199	17580	45,5	17580	0	17580	1	17580	5329,9
17590	3200	17590	50,3	17590	0	17590	3	17590	5329,9
17600	3201	17600	70,9	17600	0	17600	1	17600	5329,9
17610	3202	17610	46,7	17610	0	17610	1	17610	5329,9
17620	3203	17620	51,6	17620	0	17620	1	17620	5329,9
17630	3204	17630	42,3	17630	0	17630	1	17630	5329,9
17640	3205	17640	47,8	17640	0	17640	1	17640	5329,9
17650	3206	17650	35,7	17650	0	17650	1	17650	5329,9
17660	3207	17660	52,4	17660	0	17660	3	17660	5329,9
17670	3208	17670	69,4	17670	0	17670	1	17670	5329,9
17680	3209	17680	45,5	17680	0	17680	1	17680	5329,9
17690	3210	17690	51,9	17690	0	17690	1	17690	5329,9
17700	3211	17700	47,8	17700	0	17700	1	17700	5329,9
17710	3212	17710	49,2	17710	0	17710	1	17710	5329,9
17720	3213	17720	53,2	17720	0	17720	1	17720	5329,9
17730	3214	17730	66,4	17730	0	17730	1	17730	5329,9
17740	3215	17740	55,9	17740	0	17740	1	17740	5329,9
17750	3216	17750	48,4	17750	0	17750	1	17750	5329,9
17760	3217	17760	47,2	17760	0	17760	1	17760	5329,9
17770	3218	17770	47,9	17770	0	17770	1	17770	5329,9
17780	3219	17780	49,4	17780	0	17780	1	17780	5329,9
17790	3220	17790	51,9	17790	0	17790	1	17790	5329,9
17800	3221	17800	49	17800	0	17800	1	17800	5329,9
17810	3222	17810	45	17810	0	17810	1	17810	5329,9
17820	3223	17820	49,2	17820	0	17820	1	17820	5329,9
17830	3224	17830	23,4	17830	0	17830	1	17830	5329,9
17840	3225	17840	40,2	17840	0	17840	1	17840	5329,9
17850	3226	17850	50,7	17850	0	17850	1	17850	5329,9
17860	3227	17860	45,5	17860	0	17860	1	17860	5329,9
17870	3228	17870	48,4	17870	0	17870	1	17870	5329,9
17880	3229	17880	50,4	17880	0	17880	1	17880	5329,9
17890	3230	17890	44,6	17890	0	17890	1	17890	5329,9
17900	3231	17900	48,8	17900	0	17900	1	17900	5329,9
17910	3232	17910	40,3	17910	0	17910	1	17910	5329,9
17920	3233	17920	43,8	17920	0	17920	1	17920	5329,9
17930	3234	17930	46,9	17930	0	17930	1	17930	5329,9
17940	3235	17940	47,5	17940	0	17940	1	17940	5329,9
17950	3236	17950	45,8	17950	0	17950	1	17950	5329,9
17960	3237	17960	47,4	17960	0	17960	1	17960	5329,9
17970	3238	17970	44,9	17970	0	17970	1	17970	5329,9
17980	3239	17980	43	17980	0	17980	1	17980	5329,9
17990	3240	17990	46,6	17990	0	17990	1	17990	5329,9
18000	3241	18000	43,6	18000	0	18000	1	18000	5329,9
18010	3242	18010	29,4	18010	0	18010	1	18010	5329,9
18020	3243	18020	45	18020	0	18020	1	18020	5329,9
18030	3244	18030	41,8	18030	0	18030	1	18030	5329,9
18040	3245	18040	47,2	18040	0	18040	1	18040	5329,9
18050	3246	18050	50,2	18050	0	18050	1	18050	5329,9
18060	3247	18060	50,7	18060	0	18060	1	18060	5329,9
18070	3248	18070	43,2	18070	0	18070	1	18070	5329,9
18080	3249	18080	42,1	18080	0	18080	1	18080	5329,9
18090	3250	18090	51,3	18090	0	18090	1	18090	5329,9
18100	3251	18100	50,1	18100	0	18100	1	18100	5329,9
18110	3252	18110	47,9	18110	0	18110	1	18110	5329,9
18120	3253	18120	49,8	18120	0	18120	1	18120	5329,9
18130	3254	18130	27,1	18130	0	18130	1	18130	5329,9
18140	3255	18140	47,5	18140	0	18140	1	18140	5329,9
18150	3256	18150	44,5	18150	0	18150	1	18150	5329,9
18160	3257	18160	29,8	18160	0	18160	1	18160	5329,9
18170	3258	18170	47,6	18170	0	18170	1	18170	5329,9
18180	3259	18180	28,8	18180	0	18180	1	18180	5329,9
18190	3260	18190	54,4	18190	0	18190	1	18190	5329,9
18200	3261	18200	46,2	18200	0	18200	1	18200	5329,9
18210	3262	18210	54,9	18210	0	18210	1	18210	5329,9
18220	3263	18220	46,7	18220	0	18220	1	18220	5329,9
18230	3264	18230	46,8	18230	0	18230	1	18230	5329,9
18240	3265	18240	47,9	18240	0	18240	1	18240	5329,9
18250	3266	18250	44,1	18250	0	18250	1	18250	5329,9
18260	3267	18260	57	18260	0	18260	1	18260	5329,9
18270	3268	18270	40	18270	0	18270	1	18270	5329,9
18280	3269	18280	52,3	18280	0	18280	1	18280	5329,9
18290	3270	18290	43,4	18290	0	18290	1	18290	5329,9
18300	3271	18300	43	18300	0	18300	1	18300	5329,9
18310	3272	18310	44,2	18310	0	18310	1	18310	5329,9
18320	3273	18320	41,3	18320	0	18320	1	18320	5329,9
18330	3274	18330	41,9	18330	0	18330	1	18330	5329,9
18340	3275	18340	42,3	18340	0	18340	1	18340	5329,9
18350	3276	18350	47,6	18350	0	18350	1	18350	5329,9
18360	3277	18360	43,6	18360	0	18360	1	18360	5329,9
18370	3278	18370	45	18370	0	18370	1	18370	5329,9
18380	3279	18380	52,2	18380	0	18380	1	18380	5329,9
18390	3280	18390	47,4	18390	0	18390	1	18390	5329,9
18400	3281	18400	46,8	18400	0	18400	1	18400	5329,9
18410	3282	18410	48	18410	0	18410	1	18410	5329,9
18420	3283	18420	55,8	18420	0	18420	1	18420	5329,9
18430	3284	18430	50,7	18430	0	18430	1	18430	5329,9
18440	3285	18440	51,8	18440	0	18440	1	18440	5329,9
18450	3286	18450	40,9	18450	0	18450	1	18450	5329,9
18460	3287	18460	33,5	18460	0	18460	1	18460	5329,9
18470	3288	18470	26,9	18470	0	18470	1	18470	5329,9
18480	3289	18480	27,7	18480	0	18480	1	18480	5329,9
18490	3290	18490	29,8	18490	0	18490	1	18490	5329,9
18500	3291	18500	49,9	18500	0	18500	1	18500	5329,9
18510	3292	18510	66,9	18510	0	18510	1	18510	5329,9
18520	3293	18520	44,9	18520	0	18520	1	18520	5329,9
18530	3294	18530	43,4	18530	0	18530	1	18530	5329,9
18540	3295	18540	51,5	18540	0	18540	1	18540	5329,9
18550	3296	18550	51,3	18550	0	18550	1	18550	5329,9
18560	3297	18560	43,3	18560	0	18560	1	18560	5329,9
18570	3298	18570	40,7	18570	0	18570	1	18570	5329,9
18580	3299	18580	51,6	18580	0	18580	1	18580	5329,9
18590	3300	18590	47,5	18590	0	18590	3	18590	5329,9
18600	3301	18600	70,9	18600	0	18600	1	18600	5329,9
18610	3302	18610	51,6	18610	0	18610	1	18610	5329,9
18620	3303	18620	50,2	18620	0	18620	1	18620	5329,9
18630	3304	18630	44,9	18630	0	18630	1	18630	5329,9
18640	3305	18640	40,7	18640	0	18640	1	18640	5329,9
18650	3306	18650	43,4	18650	0	18650	1	18650	5329,9
18660	3307	18660	33,5	18660	0	18660	1	18660	5329,9
18670	3308	18670	44	18670	0	18670	1	18670	5329,9
18680	3309	18680	39,9	18680	0	18680	1	18680	5329,9
18690	3310	18690	47,1	18690	0	18690	1	18690	5329,9
18700	3311	18700	39,6	18700	0	18700	1	18700	5329,9
18710	3312	18710	44,6	18710	0	18710	1	18710	5329,9
18720	3313	18720	43,1	18720	0	18720	1	18720	5329,9
18730	3314	18730	47,3	18730	0	18730	1	18730	5329,9
18740	3315	18740	40,6	18740	0	18740	1	18740	5329,9
18750	3316	18750	44,9	18750	0	18750	1	18750	5329,9
18760	3317	18760	52,6	18760	0	18760	1	18760	5329,9
18770	3318	18770	41,5	18770	0	18770	1	18770	5329,9
18780	3319	18780	40,6	18780	0	18780	1	18780	5329,9
18790	3320	18790	41,3	18790	0	18790	1	18790	5329,9
18800	3321	18800	50,8	18800	0	18800	1	18800	5329,9
18810	3322	18810	43,3	18810	0	18810	1	18810	5329,9
18820	3323	18820	45,6	18820	0	18820	1	18820	5329,9
18830	3324	18830	39,4	18830	0	18830	1	18830	5329,9
18840	3325	18840	22,7	18840	0	18840	1	18840	5329,9
18850	3326	18850	32,9	18850	0	18850	1	18850	5329,9
18860	3327	18860	58,3	18860	0	18860	1	18860	5329,9
18870	3328	18870	44,7	18870	0	18870	1	18870	5329,9
18880	3329	18880	39,3	18880	0	18880	1	18880	5329,9
18890	3330	18890	39,1	18890	0	18890	1	18890	5329,9
18900	3331	18900	40	18900	0	18900	1	18900	5329,9
18910	3332	18910	42,7	18910	0	18910	1	18910	5329,9
18920	3333	18920	41,5	18920	0	18920	1	18920	5329,9
18930	3334	18930	39,1	18930	0	18930	1	18930	5329,9
18940	3335	18940	45,5	18940	0	18940	1	18940	5329,9
18950	3336	18950	41,6	18950	0	18950	1	18950	5329,9
18960	3337	18960	45,2	18960	0	18960	1	18960	5329,9
18970	3338	18970	43,3	18970	0	18970	1	18970	5329,9
18980	3339	18980	39,5	18980	0	18980	1	18980	5329,9
18990	3340	18990	40,4	18990	0	18990	1	18990	5329,9
19000	3341	19000	40,2	19000	0	19000	1	19000	5329,9
19010	3342	19010	40,7	19010	0	19010	1	19010	5329,9
19020	3343	19020	49,9	19020	0	19020	1	19020	5329,9
19030	3344	19030	47,1	19030	0	19030	1	19030	5329,9
19040	3345	19040	43	19040	0	19040	1	19040	5329,9
19050	3346	19050	47,1	19050	0	19050	1	19050	5329,9
19060	3347	19060	50,4	19060	0	19060	1	19060	5329,9
19070	3348	19070	55,8	19070	0	19070	1	19070	5329,9
19080	3349	19080	52,3	19080	0	19080	1	19080	5329,9
19090	3350	19090	42,2	19090	0	19090	1	19090	5329,9
19100	3351	19100	45,7	19100	0	19100	1	19100	5329,9
19110	3352	19110	46,5	19110	0	19110	1	19110	5329,9
19120	3353	19120	49,2	19120	0	19120	1	19120	5329,9
19130	3354	19130	41,6	19130	0	19130	1	19130	5329,9
19140	3355	19140	51,4	19140	0	19140	1	19140	5329,9
19150	3356	19150	43	19150	0	19150	1	19150	5329,9
19160	3357	19160	46,8	19160	0	19160	1	19160	5329,9
19170	3358	19170	42,2	19170	0	19170	1	19170	5329,9
19180	3359	19180	40,4	19180	0	19180	1	19180	5329,9
19190	3360	19190	48,3	19190	0	19190	1	19190	5329,9
19200	3361	19200	44,8	19200	0	19200	1	19200	5329,9
19210	3362	19210	43,6	19210	0	19210	1	19210	5329,9
19220	3363	19220	42,7	19220	0	19220	1	19220	5329,9
19230	3364	19230	49,5	19230	0	19230	1	19230	5329,9
19240	3365	19240	49,1	19240	0	19240	1	19240	5329,9
19250	3366	19250	130,7	19250	0	19250	1	19250	5329,9
19260	3367	19260	48,4	19260	0	19260	1	19260	5329,9
19270	3368	19270	38,7	19270	0	19270	1	19270	5329,9
19280	3369	19280	37,2	19280	0	19280	1	19280	5329,9
19290	3370	19290	39,2	19290	0	19290	1	19290	5329,9
19300	3371	19300	29,1	19300	0	19300	1	19300	5329,9
19310	3372	19310	49,2	19310	0	19310	1	19310	5329,9
19320	3373	19320	52	19320	0	19320	1	19320	5329,9
19330	3374	19330	47,1	19330	0	19330	1	19330	5329,9
19340	3375	19340	43,1	19340	0	19340	1	19340	5329,9
19350	3376	19350	40	19350	0	19350	1	19350	5329,9
19360	3377	19360	46,7	19360	0	19360	1	19360	5329,9
19370	3378	19370	43,6	19370	0	19370	1	19370	5329,9
19380	3379	19380	39,3	19380	0	19380	1	19380	5329,9
19390	3380	19390	43,3	19390	0	19390	1	19390	5329,9
19400	3381	19400	66,8	19400	0	19400	1	19400	5329,9
19410	3382	19410	44,1	19410	0	19410	1	19410	5329,9
19420	3383	19420	41,8	19420	0	19420	1	19420	5329,9
19430	3384	19430	44,4	19430	0	19430	1	19430	5329,9
19440	3385	19440	47,1	19440	0	19440	1	19440	5329,9
19450	3386	19450	55,8	19450	0	19450	1	19450	5329,9
19460	3387	19460	57,5	19460	0	19460	1	19460	5329,9
19470	3388	19470	40,4	19470	0	19470	1	19470	5329,9
19480	3389	19480	52	19480	0	19480	1	19480	5329,9
19490	3390	19490	46,5	19490	0	19490	1	19490	5329,9
19500	3391	19500	53,2	19500	0	19500	1	19500	5329,9
19510	3392	19510	45,1	19510	0	19510	1	19510	5329,9
19520	3393	19520	42,8	19520	0	19520	1	19520	5329,9
19530	3394	19530	49,9	19530	0	19530	1	19530	5329,9
19540	3395	19540	42,5	19540	0	19540	1	19540	5329,9
19550	3396	19550	43,6	19550	0	19550	1	19550	5329,9
19560	3397	19560	49,6	19560	0	19560	1	19560	5329,9
19570	3398	19570	43,9	19570	0	19570	1	19570	5329,9
19580	3399	19580	49,7	19580	0	19580	1	19580	5329,9
19590	3400	19590	39,5	19590	0	19590	3	19590	5329,9
19600	3401	19600	67,7	19600	0	19600	1	19600	5329,9
19610	3402	19610	44	19610	0	19610	1	19610	5329,9
19620	3403	19620	48,7	19620	0	19620	1	19620	5329,9
19630	3404	19630	42,6	19630	0	19630	1	19630	5329,9
19640	3405	19640	49,9	19640	0	19640	1	19640	5329,9
19650	3406	19650	45,7	19650	0	19650	1	19650	5329,9
19660	3407	19660	45,8	19660	0	19660	1	19660	5329,9
19670	3408	19670	48,8	19670	0	19670	1	19670	5329,9
19680	3409	19680	45,5	19680	0	19680	1	19680	5329,9
19690	3410	19690	43,1	19690	0	19690	1	19690	5329,9
19700	3411	19700	40	19700	0	19700	1	19700	5329,9
19710	3412	19710	42,1	19710	0	19710	1	19710	5329,9
19720	3413	19720	45,1	19720	0	19720	1	19720	5329,9
19730	3414	19730	30,8	19730	0	19730	1	19730	5329,9
19740	3415	19740	41,7	19740	0	19740	1	19740	5329,9
19750	3416	19750	41,7	19750	0	19750	1	19750	5329,9
19760	3417	19760	49,2	19760	0	19760	1	19760	5329,9
19770	3418	19770	52,2	19770	0	19770	1	19770	5329,9
19780	3419	19780	47,2	19780	0	19780	1	19780	5329,9
19790	3420	19790	50,6	19790	0	19790	1	19790	5329,9
19800	3421	19800	42,1	19800	0	19800	1	19800	5329,9
19810	3422	19810	40,8	19810	0	19810	1	19810	5329,9
19820	3423	19820	45,8	19820	0	19820	1	19820	5329,9
19830	3424	19830	46	19830	0	19830	1	19830	5329,9
19840	3425	19840	51,2	19840	0	19840	1	19840	5329,9
19850	3426	19850	53,7	19850	0	19850	1	19850	5329,9
19860	3427	19860	46,9	19860	0	19860	1	19860	5329,9
19870	3428	19870	45	19870	0	19870	1	19870	5329,9
19880	3429	19880	50,3	19880	0	19880	1	19880	5329,9
19890	3430	19890	48,2	19890	0	19890	1	19890	5329,9
19900	3431	19900	48	19900	0	19900	1	19900	5329,9
19910	3432	19910	57,6	19910	0	19910	1	19910	5329,9
19920	3433	19920	54,1	19920	0	19920	1	19920	5329,9
19930	3434	19930	65,9	19930	0	19930	1	19930	5329,9
19940	3435	19940	54,6	19940	0	19940	1	19940	5329,9
19950	3436	19950	55,7	19950	0	19950	1	19950	5329,9
19960	3437	19960	37,9	19960	0	19960	1	19960	5329,9
19970	3438	19970	41,9	19970	0	19970	1	19970	5329,9
19980	3439	19980	44,9	19980	0	19980	1	19980	5329,9
19990	3440	19990	35,8	19990	0	19990	1	19990	5329,9
20000	3441	20000	36,8	20000	0	20000	1	20000	5329,9
20010	3442	20010	36,7	20010	0	20010	1	20010	5329,9
20020	3443	20020	34,9	20020	0	20020	1	20020	5329,9
20030	3444	20030	37,2	20030	0	20030	1	20030	5329,9
20040	3445	20040	32,5	20040	0	20040	1	20040	5329,9
20050	3446	20050	36,2	20050	0	20050	1	20050	5329,9
20060	3447	20060	53,2	20060	0	20060	1	20060	5329,9
20070	3448	20070	50,7	20070	0	20070	1	20070	5329,9
20080	3449	20080	33,3	20080	0	20080	1	20080	5329,9
20090	3450	20090	43,3	20090	0	20090	1	20090	5329,9
20100	3451	20100	50	20100	0	20100	1	20100	5329,9
20110	3452	20110	53,2	20110	0	20110	1	20110	5329,9
20120	3453	20120	51,6	20120	0	20120	1	20120	5329,9
20130	3454	20130	46,2	20130	0	20130	1	20130	5329,9
20140	3455	20140	48,8	20140	0	20140	1	20140	5329,9
20150	3456	20150	45,8	20150	0	20150	1	20150	5329,9
20160	3457	20160	32,8	20160	0	20160	1	20160	5329,9
20170	3458	20170	41,3	20170	0	20170	1	20170	5329,9
20180	3459	20180	26,4	20180	0	20180	1	20180	5329,9
20190	3460	20190	30,3	20190	0	20190	1	20190	5329,9
20200	3461	20200	25,2	20200	0	20200	1	20200	5329,9
20210	3462	20210	52	20210	0	20210	1	20210	5329,9
20220	3463	20220	51,7	20220	0	20220	1	20220	5329,9
20230	3464	20230	50,1	20230	0	20230	1	20230	5329,9
20240	3465	20240	52,7	20240	0	20240	1	20240	5329,9
20250	3466	20250	30,6	20250	0	20250	1	20250	5329,9
20260	3467	20260	50	20260	0	20260	1	20260	5329,9
20270	3468	20270	51,7	20270	0	20270	1	20270	5329,9
20280	3469	20280	49,1	20280	0	20280	1	20280	5329,9
20290	3470	20290	27,8	20290	0	20290	1	20290	5329,9
20300	3471	20300	47	20300	0	20300	1	20300	5329,9
20310	3472	20310	38,2	20310	0	20310	1	20310	5329,9
20320	3473	20320	26,5	20320	0	20320	1	20320	5329,9
20330	3474	20330	25,4	20330	0	20330	1	20330	5329,9
20340	3475	20340	46	20340	0	20340	1	20340	5329,9
20350	3476	20350	26,1	20350	0	20350	1	20350	5329,9
20360	3477	20360	26,3	20360	0	20360	1	20360	5329,9
20370	3478	20370	34,5	20370	0	20370	1	20370	5329,9
20380	3479	20380	45,4	20380	0	20380	1	20380	5329,9
20390	3480	20390	45,3	20390	0	20390	1	20390	5329,9
20400	3481	20400	35,7	20400	0	20400	1	20400	5329,9
20410	3482	20410	42,3	20410	0	20410	1	20410	5329,9
20420	3483	20420	44,3	20420	0	20420	1	20420	5329,9
20430	3484	20430	43,6	20430	0	20430	1	20430	5329,9
20440	3485	20440	28	20440	0	20440	1	20440	5329,9
20450	3486	20450	42,1	20450	0	20450	1	20450	5329,9
20460	3487	20460	34,2	20460	0	20460	1	20460	5329,9
20470	3488	20470	27,6	20470	0	20470	1	20470	5329,9
20480	3489	20480	40,6	20480	0	20480	1	20480	5329,9
20490	3490	20490	45,7	20490	0	20490	1	20490	5329,9
20500	3491	20500	44,4	20500	0	20500	1	20500	5329,9
20510	3492	20510	54,2	20510	0	20510	1	20510	5329,9
20520	3493	20520	61,2	20520	0	20520	1	20520	5329,9
20530	3494	20530	30	20530	0	20530	1	20530	5329,9
20540	3495	20540	39,3	20540	0	20540	1	20540	5329,9
20550	3496	20550	46,1	20550	0	20550	1	20550	5329,9
20560	3497	20560	46,2	20560	0	20560	1	20560	5329,9
20570	3498	20570	45,4	20570	0	20570	1	20570	5329,9
20580	3499	20580	42,6	20580	0	20580	1	20580	5329,9
20590	3500	20590	50,1	20590	0	20590	3	20590	5329,9
20600	3501	20600	62,9	20600	0	20600	1	20600	5329,9
20610	3502	20610	48,8	20610	0	20610	1	20610	5329,9
20620	3503	20620	54,8	20620	0	20620	1	20620	5329,9
20630	3504	20630	45,4	20630	0	20630	1	20630	5329,9
20640	3505	20640	50,5	20640	0	20640	1	20640	5329,9
20650	3506	20650	43,9	20650	0	20650	3	20650	5329,9
20660	3507	20660	59,8	20660	0	20660	1	20660	5329,9
20670	3508	20670	40,9	20670	0	20670	1	20670	5329,9
20680	3509	20680	50,7	20680	0	20680	1	20680	5329,9
20690	3510	20690	55,1	20690	0	20690	1	20690	5329,9
20700	3511	20700	48,6	20700	0	20700	1	20700	5329,9
20710	3512	20710	48	20710	0	20710	1	20710	5329,9
20720	3513	20720	43,9	20720	0	20720	1	20720	5329,9
20730	3514	20730	39,6	20730	0	20730	1	20730	5329,9
20740	3515	20740	49,4	20740	0	20740	1	20740	5329,9
20750	3516	20750	50,2	20750	0	20750	1	20750	5329,9
20760	3517	20760	46,4	20760	0	20760	1	20760	5329,9
20770	3518	20770	49,5	20770	0	20770	1	20770	5329,9
20780	3519	20780	49,2	20780	0	20780	1	20780	5329,9
20790	3520	20790	49,6	20790	0	20790	1	20790	5329,9
20800	3521	20800	46,4	20800	0	20800	1	20800	5329,9
20810	3522	20810	48	20810	0	20810	1	20810	5329,9
20820	3523	20820	27,8	20820	0	20820	1	20820	5329,9
20830	3524	20830	44	20830	0	20830	1	20830	5329,9
20840	3525	20840	171,8	20840	0	20840	1	20840	5329,9
20850	3526	20850	50,5	20850	0	20850	1	20850	5329,9
20860	3527	20860	47,1	20860	0	20860	1	20860	5329,9
20870	3528	20870	45,4	20870	0	20870	1	20870	5329,9
20880	3529	20880	47,9	20880	0	20880	1	20880	5329,9
20890	3530	20890	39,9	20890	0	20890	1	20890	5329,9
20900	3531	20900	49,1	20900	0	20900	1	20900	5329,9
20910	3532	20910	26	20910	0	20910	1	20910	5329,9
20920	3533	20920	45,8	20920	0	20920	1	20920	5329,9
20930	3534	20930	27,8	20930	0	20930	1	20930	5329,9
20940	3535	20940	27,8	20940	0	20940	1	20940	5329,9
20950	3536	20950	28	20950	0	20950	1	20950	5329,9
20960	3537	20960	61,6	20960	0	20960	1	20960	5329,9
20970	3538	20970	57	20970	0	20970	1	20970	5329,9
20980	3539	20980	42,5	20980	0	20980	1	20980	5329,9
20990	3540	20990	51,5	20990	0	20990	1	20990	5329,9
21000	3541	21000	59	21000	0	21000	1	21000	5329,9
21010	3542	21010	44,4	21010	0	21010	1	21010	5329,9
21020	3543	21020	44,3	21020	0	21020	1	21020	5329,9
21030	3544	21030	39,5	21030	0	21030	1	21030	5329,9
21040	3545	21040	47,3	21040	0	21040	1	21040	5329,9
21050	3546	21050	44,2	21050	0	21050	1	21050	5329,9
21060	3547	21060	54	21060	0	21060	1	21060	5329,9
21070	3548	21070	48,8	21070	0	21070	1	21070	5329,9
21080	3549	21080	46,2	21080	0	21080	1	21080	5329,9
21090	3550	21090	60,4	21090	0	21090	1	21090	5329,9
21100	3551	21100	46,6	21100	0	21100	1	21100	5329,9
21110	3552	21110	58	21110	0	21110	1	21110	5329,9
21120	3553	21120	37,1	21120	0	21120	1	21120	5329,9
21130	3554	21130	45,3	21130	0	21130	1	21130	5329,9
21140	3555	21140	50,9	21140	0	21140	1	21140	5329,9
21150	3556	21150	52,2	21150	0	21150	1	21150	5329,9
21160	3557	21160	56,2	21160	0	21160	1	21160	5329,9
21170	3558	21170	42,1	21170	0	21170	1	21170	5329,9
21180	3559	21180	51,9	21180	0	21180	1	21180	5329,9
21190	3560	21190	48,7	21190	0	21190	1	21190	5329,9
21200	3561	21200	43,6	21200	0	21200	1	21200	5329,9
21210	3562	21210	62,3	21210	0	21210	1	21210	5329,9
21220	3563	21220	41,4	21220	0	21220	1	21220	5329,9
21230	3564	21230	45,1	21230	0	21230	1	21230	5329,9
21240	3565	21240	52,9	21240	0	21240	1	21240	5329,9
21250	3566	21250	44,6	21250	0	21250	1	21250	5329,9
21260	3567	21260	43,1	21260	0	21260	1	21260	5329,9
21270	3568	21270	44,5	21270	0	21270	1	21270	5329,9
21280	3569	21280	46,9	21280	0	21280	1	21280	5329,9
21290	3570	21290	30,2	21290	0	21290	1	21290	5329,9
21300	3571	21300	42,9	21300	0	21300	1	21300	5329,9
21310	3572	21310	46,5	21310	0	21310	1	21310	5329,9
21320	3573	21320	48,3	21320	0	21320	1	21320	5329,9
21330	3574	21330	51,4	21330	0	21330	1	21330	5329,9
21340	3575	21340	46,6	21340	0	21340	1	21340	5329,9
21350	3576	21350	56,2	21350	0	21350	1	21350	5329,9
21360	3577	21360	44,1	21360	0	21360	1	21360	5329,9
21370	3578	21370	49,5	21370	0	21370	1	21370	5329,9
21380	3579	21380	51,8	21380	0	21380	1	21380	5329,9
21390	3580	21390	41,9	21390	0	21390	1	21390	5329,9
21400	3581	21400	20,5	21400	0	21400	1	21400	5329,9
21410	3582	21410	29,2	21410	0	21410	1	21410	5329,9
21420	3583	21420	37,7	21420	0	21420	1	21420	5329,9
21430	3584	21430	43,1	21430	0	21430	1	21430	5329,9
21440	3585	21440	41,4	21440	0	21440	1	21440	5329,9
21450	3586	21450	39,8	21450	0	21450	1	21450	5329,9
21460	3587	21460	41,2	21460	0	21460	1	21460	5329,9
21470	3588	21470	31,5	21470	0	21470	1	21470	5329,9
21480	3589	21480	49,5	21480	0	21480	1	21480	5329,9
21490	3590	21490	43,7	21490	0	21490	1	21490	5329,9
21500	3591	21500	53,2	21500	0	21500	1	21500	5329,9
21510	3592	21510	53,5	21510	0	21510	1	21510	5329,9
21520	3593	21520	48,5	21520	0	21520	1	21520	5329,9
21530	3594	21530	41,2	21530	0	21530	1	21530	5329,9
21540	3595	21540	42,3	21540	0	21540	1	21540	5329,9
21550	3596	21550	50,3	21550	0	21550	1	21550	5329,9
21560	3597	21560	48,2	21560	0	21560	1	21560	5329,9
21570	3598	21570	49,7	21570	0	21570	1	21570	5329,9
21580	3599	21580	27,8	21580	0	21580	1	21580	5329,9
21590	3600	21590	45,8	21590	0	21590	3	21590	5329,9
21600	3601	21600	52,6	21600	0	21600	1	21600	5329,9
21610	3602	21610	48,9	21610	0	21610	1	21610	5329,9
21620	3603	21620	43,7	21620	0	21620	1	21620	5329,9
21630	3604	21630	46,8	21630	0	21630	1	21630	5329,9
21640	3605	21640	30,9	21640	0	21640	1	21640	5329,9
21650	3606	21650	33,1	21650	0	21650	1	21650	5329,9
21660	3607	21660	45,3	21660	0	21660	1	21660	5329,9
21670	3608	21670	42,8	21670	0	21670	1	21670	5329,9
21680	3609	21680	50,1	21680	0	21680	1	21680	5329,9
21690	3610	21690	40,9	21690	0	21690	1	21690	5329,9
21700	3611	21700	43,5	21700	0	21700	1	21700	5329,9
21710	3612	21710	52,1	21710	0	21710	1	21710	5329,9
21720	3613	21720	38,1	21720	0	21720	1	21720	5329,9
21730	3614	21730	45,8	21730	0	21730	1	21730	5329,9
21740	3615	21740	44,3	21740	0	21740	1	21740	5329,9
21750	3616	21750	46,3	21750	0	21750	1	21750	5329,9
21760	3617	21760	43,5	21760	0	21760	1	21760	5329,9
21770	3618	21770	48,4	21770	0	21770	1	21770	5329,9
21780	3619	21780	49,8	21780	0	21780	1	21780	5329,9
21790	3620	21790	51,7	21790	0	21790	1	21790	5329,9
21800	3621	21800	46,9	21800	0	21800	1	21800	5329,9
21810	3622	21810	32,7	21810	0	21810	1	21810	5329,9
21820	3623	21820	36,3	21820	0	21820	1	21820	5329,9
21830	3624	21830	45,8	21830	0	21830	1	21830	5329,9
21840	3625	21840	41,6	21840	0	21840	1	21840	5329,9
21850	3626	21850	30,9	21850	0	21850	1	21850	5329,9
21860	3627	21860	41,4	21860	0	21860	1	21860	5329,9
21870	3628	21870	39,9	21870	0	21870	1	21870	5329,9
21880	3629	21880	47,7	21880	0	21880	1	21880	5329,9
21890	3630	21890	50,4	21890	0	21890	1	21890	5329,9
21900	3631	21900	44,9	21900	0	21900	1	21900	5329,9
21910	3632	21910	47	21910	0	21910	1	21910	5329,9
21920	3633	21920	55,7	21920	0	21920	1	21920	5329,9
21930	3634	21930	45,1	21930	0	21930	1	21930	5329,9
21940	3635	21940	51,6	21940	0	21940	1	21940	5329,9
21950	3636	21950	43,1	21950	0	21950	1	21950	5329,9
21960	3637	21960	46,9	21960	0	21960	1	21960	5329,9
21970	3638	21970	56,6	21970	0	21970	1	21970	5329,9
21980	3639	21980	51,2	21980	0	21980	1	21980	5329,9
21990	3640	21990	49	21990	0	21990	1	21990	5329,9
22000	3641	22000	50	22000	0	22000	1	22000	5329,9
22010	3642	22010	51,3	22010	0	22010	1	22010	5329,9
22020	3643	22020	39,9	22020	0	22020	1	22020	5329,9
22030	3644	22030	43,3	22030	0	22030	1	22030	5329,9
22040	3645	22040	44,3	22040	0	22040	1	22040	5329,9
22050	3646	22050	56,1	22050	0	22050	1	22050	5329,9
22060	3647	22060	47,6	22060	0	22060	1	22060	5329,9
22070	3648	22070	34,6	22070	0	22070	1	22070	5329,9
22080	3649	22080	53,9	22080	0	22080	1	22080	5329,9
22090	3650	22090	42,1	22090	0	22090	1	22090	5329,9
22100	3651	22100	30,8	22100	0	22100	1	22100	5329,9
22110	3652	22110	32,6	22110	0	22110	1	22110	5329,9
22120	3653	22120	48,7	22120	0	22120	1	22120	5329,9
22130	3654	22130	44,8	22130	0	22130	1	22130	5329,9
22140	3655	22140	42,8	22140	0	22140	1	22140	5329,9
22150	3656	22150	47,7	22150	0	22150	1	22150	5329,9
22160	3657	22160	43,6	22160	0	22160	1	22160	5329,9
22170	3658	22170	42,1	22170	0	22170	1	22170	5329,9
22180	3659	22180	44,2	22180	0	22180	1	22180	5329,9
22190	3660	22190	44,4	22190	0	22190	1	22190	5329,9
22200	3661	22200	43,7	22200	0	22200	1	22200	5329,9
22210	3662	22210	44,6	22210	0	22210	1	22210	5329,9
22220	3663	22220	39,9	22220	0	22220	1	22220	5329,9
22230	3664	22230	58,1	22230	0	22230	1	22230	5329,9
22240	3665	22240	33,6	22240	0	22240	1	22240	5329,9
22250	3666	22250	40,1	22250	0	22250	1	22250	5329,9
22260	3667	22260	26,5	22260	0	22260	1	22260	5329,9
22270	3668	22270	25,2	22270	0	22270	1	22270	5329,9
22280	3669	22280	36,3	22280	0	22280	1	22280	5329,9
22290	3670	22290	45,4	22290	0	22290	1	22290	5329,9
22300	3671	22300	25,6	22300	0	22300	1	22300	5329,9
22310	3672	22310	48	22310	0	22310	1	22310	5329,9
22320	3673	22320	27,6	22320	0	22320	1	22320	5329,9
22330	3674	22330	48,7	22330	0	22330	1	22330	5329,9
22340	3675	22340	44,6	22340	0	22340	1	22340	5329,9
22350	3676	22350	49,9	22350	0	22350	1	22350	5329,9
22360	3677	22360	50,4	22360	0	22360	1	22360	5329,9
22370	3678	22370	57,1	22370	0	22370	1	22370	5329,9
22380	3679	22380	59,1	22380	0	22380	1	22380	5329,9
22390	3680	22390	51,8	22390	0	22390	1	22390	5329,9
22400	3681	22400	44,1	22400	0	22400	1	22400	5329,9
22410	3682	22410	55	22410	0	22410	1	22410	5329,9
22420	3683	22420	48,9	22420	0	22420	1	22420	5329,9
22430	3684	22430	46,3	22430	0	22430	1	22430	5329,9
22440	3685	22440	47	22440	0	22440	1	22440	5329,9
22450	3686	22450	44,1	22450	0	22450	1	22450	5329,9
22460	3687	22460	51,2	22460	0	22460	1	22460	5329,9
22470	3688	22470	49,6	22470	0	22470	1	22470	5329,9
22480	3689	22480	40	22480	0	22480	1	22480	5329,9
22490	3690	22490	47,6	22490	0	22490	1	22490	5329,9
22500	3691	22500	41	22500	0	22500	1	22500	5329,9
22510	3692	22510	56,3	22510	0	22510	1	22510	5329,9
22520	3693	22520	40,2	22520	0	22520	1	22520	5329,9
22530	3694	22530	45,9	22530	0	22530	1	22530	5329,9
22540	3695	22540	41,9	22540	0	22540	1	22540	5329,9
22550	3696	22550	45,5	22550	0	22550	1	22550	5329,9
22560	3697	22560	43,2	22560	0	22560	1	22560	5329,9
22570	3698	22570	48,7	22570	0	22570	1	22570	5329,9
22580	3699	22580	40,1	22580	0	22580	1	22580	5329,9
22590	3700	22590	39,8	22590	0	22590	3	22590	5329,9
22600	3701	22600	89	22600	0	22600	1	22600	5329,9
22610	3702	22610	47,1	22610	0	22610	1	22610	5329,9
22620	3703	22620	32,4	22620	0	22620	1	22620	5329,9
22630	3704	22630	38,8	22630	0	22630	1	22630	5329,9
22640	3705	22640	30,2	22640	0	22640	1	22640	5329,9
22650	3706	22650	24,6	22650	0	22650	1	22650	5329,9
22660	3707	22660	40	22660	0	22660	1	22660	5329,9
22670	3708	22670	22,1	22670	0	22670	1	22670	5329,9
22680	3709	22680	40,1	22680	0	22680	1	22680	5329,9
22690	3710	22690	33,2	22690	0	22690	1	22690	5329,9
22700	3711	22700	23,2	22700	0	22700	1	22700	5329,9
22710	3712	22710	39,4	22710	0	22710	1	22710	5329,9
22720	3713	22720	43,6	22720	0	22720	1	22720	5329,9
22730	3714	22730	40,7	22730	0	22730	1	22730	5329,9
22740	3715	22740	26,7	22740	0	22740	1	22740	5329,9
22750	3716	22750	44,9	22750	0	22750	1	22750	5329,9
22760	3717	22760	25,3	22760	0	22760	1	22760	5329,9
22770	3718	22770	27,5	22770	0	22770	1	22770	5329,9
22780	3719	22780	28,7	22780	0	22780	1	22780	5329,9
22790	3720	22790	32,2	22790	0	22790	1	22790	5329,9
22800	3721	22800	46,7	22800	0	22800	1	22800	5329,9
22810	3722	22810	38,3	22810	0	22810	1	22810	5329,9
22820	3723	22820	27,4	22820	0	22820	1	22820	5329,9
22830	3724	22830	47,2	22830	0	22830	1	22830	5329,9
22840	3725	22840	45,5	22840	0	22840	1	22840	5329,9
22850	3726	22850	46,8	22850	0	22850	1	22850	5329,9
22860	3727	22860	44,3	22860	0	22860	1	22860	5329,9
22870	3728	22870	28,5	22870	0	22870	1	22870	5329,9
22880	3729	22880	41,7	22880	0	22880	1	22880	5329,9
22890	3730	22890	27,9	22890	0	22890	1	22890	5329,9
22900	3731	22900	45,1	22900	0	22900	1	22900	5329,9
22910	3732	22910	56,7	22910	0	22910	1	22910	5329,9
22920	3733	22920	28,9	22920	0	22920	1	22920	5329,9
22930	3734	22930	50,9	22930	0	22930	1	22930	5329,9
22940	3735	22940	35	22940	0	22940	1	22940	5329,9
22950	3736	22950	28	22950	0	22950	1	22950	5329,9
22960	3737	22960	40,9	22960	0	22960	1	22960	5329,9
22970	3738	22970	41,5	22970	0	22970	1	22970	5329,9
22980	3739	22980	49,6	22980	0	22980	1	22980	5329,9
22990	3740	22990	48,3	22990	0	22990	1	22990	5329,9
23000	3741	23000	44	23000	0	23000	1	23000	5329,9
23010	3742	23010	41,4	23010	0	23010	1	23010	5329,9
23020	3743	23020	43,3	23020	0	23020	1	23020	5329,9
23030	3744	23030	40,4	23030	0	23030	1	23030	5329,9
23040	3745	23040	38,4	23040	0	23040	1	23040	5329,9
23050	3746	23050	50	23050	0	23050	1	23050	5329,9
23060	3747	23060	42,3	23060	0	23060	1	23060	5329,9
23070	3748	23070	39,1	23070	0	23070	1	23070	5329,9
23080	3749	23080	45,5	23080	0	23080	1	23080	5329,9
23090	3750	23090	48,7	23090	0	23090	1	23090	5329,9
23100	3751	23100	49,5	23100	0	23100	1	23100	5329,9
23110	3752	23110	44,7	23110	0	23110	1	23110	5329,9
23120	3753	23120	37,9	23120	0	23120	1	23120	5329,9
23130	3754	23130	42,2	23130	0	23130	1	23130	5329,9
23140	3755	23140	39	23140	0	23140	1	23140	5329,9
23150	3756	23150	45,9	23150	0	23150	1	23150	5329,9
23160	3757	23160	35,7	23160	0	23160	1	23160	5329,9
23170	3758	23170	43,7	23170	0	23170	1	23170	5329,9
23180	3759	23180	39,6	23180	0	23180	1	23180	5329,9
23190	3760	23190	54,2	23190	0	23190	1	23190	5329,9
23200	3761	23200	45,6	23200	0	23200	1	23200	5329,9
23210	3762	23210	50,8	23210	0	23210	1	23210	5329,9
23220	3763	23220	39,6	23220	0	23220	1	23220	5329,9
23230	3764	23230	50,7	23230	0	23230	1	23230	5329,9
23240	3765	23240	52,2	23240	0	23240	1	23240	5329,9
23250	3766	23250	69,4	23250	0	23250	1	23250	5329,9
23260	3767	23260	46,5	23260	0	23260	1	23260	5329,9
23270	3768	23270	53,9	23270	0	23270	1	23270	5329,9
23280	3769	23280	44,3	23280	0	23280	1	23280	5329,9
23290	3770	23290	46,8	23290	0	23290	1	23290	5329,9
23300	3771	23300	52,3	23300	0	23300	1	23300	5329,9
23310	3772	23310	53,3	23310	0	23310	1	23310	5329,9
23320	3773	23320	36,2	23320	0	23320	1	23320	5329,9
23330	3774	23330	51,9	23330	0	23330	1	23330	5329,9
23340	3775	23340	50,2	23340	0	23340	1	23340	5329,9
23350	3776	23350	42,7	23350	0	23350	1	23350	5329,9
23360	3777	23360	47,2	23360	0	23360	1	23360	5329,9
23370	3778	23370	46,8	23370	0	23370	1	23370	5329,9
23380	3779	23380	54,2	23380	0	23380	1	23380	5329,9
23390	3780	23390	42,6	23390	0	23390	1	23390	5329,9
23400	3781	23400	44,7	23400	0	23400	1	23400	5329,9
23410	3782	23410	57	23410	0	23410	1	23410	5329,9
23420	3783	23420	41,9	23420	0	23420	1	23420	5329,9
23430	3784	23430	39,9	23430	0	23430	1	23430	5329,9
23440	3785	23440	44,6	23440	0	23440	1	23440	5329,9
23450	3786	23450	44,4	23450	0	23450	1	23450	5329,9
23460	3787	23460	37	23460	0	23460	1	23460	5329,9
23470	3788	23470	28,3	23470	0	23470	1	23470	5329,9
23480	3789	23480	30,3	23480	0	23480	1	23480	5329,9
23490	3790	23490	43,5	23490	0	23490	1	23490	5329,9
23500	3791	23500	42,9	23500	0	23500	1	23500	5329,9
23510	3792	23510	32,9	23510	0	23510	1	23510	5329,9
23520	3793	23520	45,5	23520	0	23520	1	23520	5329,9
23530	3794	23530	44,4	23530	0	23530	1	23530	5329,9
23540	3795	23540	41,1	23540	0	23540	1	23540	5329,9
23550	3796	23550	41	23550	0	23550	1	23550	5329,9
23560	3797	23560	39,9	23560	0	23560	1	23560	5329,9
23570	3798	23570	46,6	23570	0	23570	1	23570	5329,9
23580	3799	23580	41	23580	0	23580	1	23580	5329,9
23590	3800	23590	43,1	23590	0	23590	3	23590	5329,9
23600	3801	23600	68	23600	0	23600	1	23600	5329,9
23610	3802	23610	46,9	23610	0	23610	1	23610	5329,9
23620	3803	23620	47,8	23620	0	23620	1	23620	5329,9
23630	3804	23630	49,2	23630	0	23630	1	23630	5329,9
23640	3805	23640	49,7	23640	0	23640	1	23640	5329,9
23650	3806	23650	54,5	23650	0	23650	1	23650	5329,9
23660	3807	23660	27,5	23660	0	23660	1	23660	5329,9
23670	3808	23670	48,5	23670	0	23670	1	23670	5329,9
23680	3809	23680	49,8	23680	0	23680	3	23680	5329,9
23690	3810	23690	60,4	23690	0	23690	1	23690	5329,9
23700	3811	23700	49,3	23700	0	23700	1	23700	5329,9
23710	3812	23710	46,8	23710	0	23710	1	23710	5329,9
23720	3813	23720	45,5	23720	0	23720	1	23720	5329,9
23730	3814	23730	29,1	23730	0	23730	1	23730	5329,9
23740	3815	23740	49	23740	0	23740	1	23740	5329,9
23750	3816	23750	46,1	23750	0	23750	1	23750	5329,9
23760	3817	23760	40,2	23760	0	23760	1	23760	5329,9
23770	3818	23770	36,4	23770	0	23770	1	23770	5329,9
23780	3819	23780	30,9	23780	0	23780	1	23780	5329,9
23790	3820	23790	43,9	23790	0	23790	1	23790	5329,9
23800	3821	23800	47	23800	0	23800	1	23800	5329,9
23810	3822	23810	47	23810	0	23810	1	23810	5329,9
23820	3823	23820	27,4	23820	0	23820	1	23820	5329,9
23830	3824	23830	49,2	23830	0	23830	1	23830	5329,9
23840	3825	23840	22	23840	0	23840	1	23840	5329,9
23850	3826	23850	26,6	23850	0	23850	1	23850	5329,9
23860	3827	23860	21	23860	0	23860	1	23860	5329,9
23870	3828	23870	43,9	23870	0	23870	1	23870	5329,9
23880	3829	23880	52,3	23880	0	23880	1	23880	5329,9
23890	3830	23890	42,4	23890	0	23890	1	23890	5329,9
23900	3831	23900	44,7	23900	0	23900	1	23900	5329,9
23910	3832	23910	39,7	23910	0	23910	1	23910	5329,9
23920	3833	23920	25,1	23920	0	23920	1	23920	5329,9
23930	3834	23930	25,8	23930	0	23930	1	23930	5329,9
23940	3835	23940	47,7	23940	0	23940	1	23940	5329,9
23950	3836	23950	53,8	23950	0	23950	1	23950	5329,9
23960	3837	23960	51,9	23960	0	23960	1	23960	5329,9
23970	3838	23970	25,1	23970	0	23970	1	23970	5329,9
23980	3839	23980	24,3	23980	0	23980	1	23980	5329,9
23990	3840	23990	20,1	23990	0	23990	1	23990	5329,9
24000	3841	24000	41,6	24000	0	24000	1	24000	5329,9
24010	3842	24010	49,1	24010	0	24010	1	24010	5329,9
24020	3843	24020	49,8	24020	0	24020	1	24020	5329,9
24030	3844	24030	47,4	24030	0	24030	1	24030	5329,9
24040	3845	24040	39,1	24040	0	24040	1	24040	5329,9
24050	3846	24050	24,4	24050	0	24050	1	24050	5329,9
24060	3847	24060	43,4	24060	0	24060	1	24060	5329,9
24070	3848	24070	45,5	24070	0	24070	1	24070	5329,9
24080	3849	24080	27,2	24080	0	24080	1	24080	5329,9
24090	3850	24090	38,8	24090	0	24090	1	24090	5329,9
24100	3851	24100	26,5	24100	0	24100	1	24100	5329,9
24110	3852	24110	31,9	24110	0	24110	1	24110	5329,9
24120	3853	24120	55,1	24120	0	24120	1	24120	5329,9
24130	3854	24130	32,5	24130	0	24130	1	24130	5329,9
24140	3855	24140	45,5	24140	0	24140	1	24140	5329,9
24150	3856	24150	51,2	24150	0	24150	1	24150	5329,9
24160	3857	24160	44,7	24160	0	24160	1	24160	5329,9
24170	3858	24170	48,1	24170	0	24170	1	24170	5329,9
24180	3859	24180	53,8	24180	0	24180	1	24180	5329,9
24190	3860	24190	47,8	24190	0	24190	1	24190	5329,9
24200	3861	24200	45,7	24200	0	24200	1	24200	5329,9
24210	3862	24210	54,1	24210	0	24210	1	24210	5329,9
24220	3863	24220	43	24220	0	24220	1	24220	5329,9
24230	3864	24230	42,2	24230	0	24230	1	24230	5329,9
24240	3865	24240	38,5	24240	0	24240	1	24240	5329,9
24250	3866	24250	46,4	24250	0	24250	1	24250	5329,9
24260	3867	24260	46,8	24260	0	24260	1	24260	5329,9
24270	3868	24270	41,5	24270	0	24270	1	24270	5329,9
24280	3869	24280	47	24280	0	24280	1	24280	5329,9
24290	3870	24290	50,5	24290	0	24290	1	24290	5329,9
24300	3871	24300	48,1	24300	0	24300	1	24300	5329,9
24310	3872	24310	23	24310	0	24310	1	24310	5329,9
24320	3873	24320	37,3	24320	0	24320	1	24320	5329,9
24330	3874	24330	40,3	24330	0	24330	1	24330	5329,9
24340	3875	24340	54,7	24340	0	24340	1	24340	5329,9
24350	3876	24350	42,4	24350	0	24350	1	24350	5329,9
24360	3877	24360	49,6	24360	0	24360	1	24360	5329,9
24370	3878	24370	43,1	24370	0	24370	1	24370	5329,9
24380	3879	24380	40,6	24380	0	24380	1	24380	5329,9
24390	3880	24390	42,2	24390	0	24390	1	24390	5329,9
24400	3881	24400	42,2	24400	0	24400	1	24400	5329,9
24410	3882	24410	42,7	24410	0	24410	1	24410	5329,9
24420	3883	24420	43,1	24420	0	24420	1	24420	5329,9
24430	3884	24430	49,4	24430	0	24430	1	24430	5329,9
24440	3885	24440	42,4	24440	0	24440	1	24440	5329,9
24450	3886	24450	41,4	24450	0	24450	1	24450	5329,9
24460	3887	24460	43,1	24460	0	24460	1	24460	5329,9
24470	3888	24470	40,7	24470	0	24470	1	24470	5329,9
24480	3889	24480	45,5	24480	0	24480	1	24480	5329,9
24490	3890	24490	42,6	24490	0	24490	1	24490	5329,9
24500	3891	24500	45,5	24500	0	24500	1	24500	5329,9
24510	3892	24510	40,5	24510	0	24510	1	24510	5329,9
24520	3893	24520	45,2	24520	0	24520	1	24520	5329,9
24530	3894	24530	42,9	24530	0	24530	1	24530	5329,9
24540	3895	24540	48,1	24540	0	24540	1	24540	5329,9
24550	3896	24550	45,5	24550	0	24550	1	24550	5329,9
24560	3897	24560	43,2	24560	0	24560	1	24560	5329,9
24570	3898	24570	46,6	24570	0	24570	1	24570	5329,9
24580	3899	24580	48,6	24580	0	24580	1	24580	5329,9
24590	3900	24590	46,1	24590	0	24590	3	24590	5329,9
24600	3901	24600	75,1	24600	0	24600	1	24600	5329,9
24610	3902	24610	44,6	24610	0	24610	1	24610	5329,9
24620	3903	24620	48,6	24620	0	24620	1	24620	5329,9
24630	3904	24630	49,1	24630	0	24630	1	24630	5329,9
24640	3905	24640	43,9	24640	0	24640	1	24640	5329,9
24650	3906	24650	41,3	24650	0	24650	1	24650	5329,9
24660	3907	24660	68,9	24660	0	24660	1	24660	5329,9
24670	3908	24670	50,3	24670	0	24670	1	24670	5329,9
24680	3909	24680	44,9	24680	0	24680	1	24680	5329,9
24690	3910	24690	39,4	24690	0	24690	1	24690	5329,9
24700	3911	24700	45,3	24700	0	24700	1	24700	5329,9
24710	3912	24710	42,1	24710	0	24710	1	24710	5329,9
24720	3913	24720	42,1	24720	0	24720	1	24720	5329,9
24730	3914	24730	45,7	24730	0	24730	1	24730	5329,9
24740	3915	24740	46,8	24740	0	24740	1	24740	5329,9
24750	3916	24750	50,6	24750	0	24750	1	24750	5329,9
24760	3917	24760	43,6	24760	0	24760	1	24760	5329,9
24770	3918	24770	42,4	24770	0	24770	1	24770	5329,9
24780	3919	24780	46,6	24780	0	24780	1	24780	5329,9
24790	3920	24790	46,2	24790	0	24790	1	24790	5329,9
24800	3921	24800	50,5	24800	0	24800	1	24800	5329,9
24810	3922	24810	43,6	24810	0	24810	1	24810	5329,9
24820	3923	24820	43	24820	0	24820	1	24820	5329,9
24830	3924	24830	43,5	24830	0	24830	1	24830	5329,9
24840	3925	24840	40,2	24840	0	24840	1	24840	5329,9
24850	3926	24850	33,3	24850	0	24850	1	24850	5329,9
24860	3927	24860	39,7	24860	0	24860	1	24860	5329,9
24870	3928	24870	39,9	24870	0	24870	1	24870	5329,9
24880	3929	24880	23,7	24880	0	24880	1	24880	5329,9
24890	3930	24890	33,5	24890	0	24890	1	24890	5329,9
24900	3931	24900	45,7	24900	0	24900	1	24900	5329,9
24910	3932	24910	49,4	24910	0	24910	1	24910	5329,9
24920	3933	24920	49,1	24920	0	24920	1	24920	5329,9
24930	3934	24930	46,2	24930	0	24930	1	24930	5329,9
24940	3935	24940	50,8	24940	0	24940	1	24940	5329,9
24950	3936	24950	50,4	24950	0	24950	1	24950	5329,9
24960	3937	24960	45	24960	0	24960	1	24960	5329,9
24970	3938	24970	45,3	24970	0	24970	1	24970	5329,9
24980	3939	24980	47,1	24980	0	24980	1	24980	5329,9
24990	3940	24990	44,9	24990	0	24990	1	24990	5329,9
25000	3941	25000	47,1	25000	0	25000	1	25000	5329,9
25010	3942	25010	27,5	25010	0	25010	1	25010	5329,9
25020	3943	25020	44,7	25020	0	25020	1	25020	5329,9
25030	3944	25030	43,3	25030	0	25030	1	25030	5329,9
25040	3945	25040	54,2	25040	0	25040	1	25040	5329,9
25050	3946	25050	55,2	25050	0	25050	1	25050	5329,9
25060	3947	25060	101,2	25060	0	25060	1	25060	5329,9
25070	3948	25070	46,5	25070	0	25070	1	25070	5329,9
25080	3949	25080	47,5	25080	0	25080	1	25080	5329,9
25090	3950	25090	45,3	25090	0	25090	1	25090	5329,9
25100	3951	25100	46	25100	0	25100	1	25100	5329,9
25110	3952	25110	48,6	25110	0	25110	1	25110	5329,9
25120	3953	25120	46,7	25120	0	25120	1	25120	5329,9
25130	3954	25130	41,1	25130	0	25130	1	25130	5329,9
25140	3955	25140	50	25140	0	25140	1	25140	5329,9
25150	3956	25150	29,9	25150	0	25150	1	25150	5329,9
25160	3957	25160	41,5	25160	0	25160	1	25160	5329,9
25170	3958	25170	38,5	25170	0	25170	1	25170	5329,9
25180	3959	25180	22	25180	0	25180	1	25180	5329,9
25190	3960	25190	43,1	25190	0	25190	1	25190	5329,9
25200	3961	25200	39,5	25200	0	25200	1	25200	5329,9
25210	3962	25210	42,4	25210	0	25210	1	25210	5329,9
25220	3963	25220	42,7	25220	0	25220	1	25220	5329,9
25230	3964	25230	42,3	25230	0	25230	1	25230	5329,9
25240	3965	25240	50,3	25240	0	25240	1	25240	5329,9
25250	3966	25250	40,1	25250	0	25250	1	25250	5329,9
25260	3967	25260	47	25260	0	25260	1	25260	5329,9
25270	3968	25270	39,1	25270	0	25270	1	25270	5329,9
25280	3969	25280	40,8	25280	0	25280	1	25280	5329,9
25290	3970	25290	40,5	25290	0	25290	1	25290	5329,9
25300	3971	25300	46,4	25300	0	25300	1	25300	5329,9
25310	3972	25310	45,5	25310	0	25310	1	25310	5329,9
25320	3973	25320	24,2	25320	0	25320	1	25320	5329,9
25330	3974	25330	45,1	25330	0	25330	1	25330	5329,9
25340	3975	25340	51,2	25340	0	25340	1	25340	5329,9
25350	3976	25350	40,9	25350	0	25350	1	25350	5329,9
25360	3977	25360	40,8	25360	0	25360	1	25360	5329,9
25370	3978	25370	42,9	25370	0	25370	1	25370	5329,9
25380	3979	25380	42,6	25380	0	25380	1	25380	5329,9
25390	3980	25390	57,5	25390	0	25390	1	25390	5329,9
25400	3981	25400	45,5	25400	0	25400	1	25400	5329,9
25410	3982	25410	40,6	25410	0	25410	1	25410	5329,9
25420	3983	25420	43,1	25420	0	25420	1	25420	5329,9
25430	3984	25430	49	25430	0	25430	1	25430	5329,9
25440	3985	25440	44	25440	0	25440	1	25440	5329,9
25450	3986	25450	53,5	25450	0	25450	1	25450	5329,9
25460	3987	25460	48,2	25460	0	25460	1	25460	5329,9
25470	3988	25470	42,7	25470	0	25470	1	25470	5329,9
25480	3989	25480	43,8	25480	0	25480	1	25480	5329,9
25490	3990	25490	44,3	25490	0	25490	1	25490	5329,9
25500	3991	25500	45,3	25500	0	25500	1	25500	5329,9
25510	3992	25510	43,8	25510	0	25510	1	25510	5329,9
25520	3993	25520	42,9	25520	0	25520	1	25520	5329,9
25530	3994	25530	43,1	25530	0	25530	1	25530	5329,9
25540	3995	25540	40	25540	0	25540	1	25540	5329,9
25550	3996	25550	39,3	25550	0	25550	1	25550	5329,9
25560	3997	25560	42	25560	0	25560	1	25560	5329,9
25570	3998	25570	41,8	25570	0	25570	1	25570	5329,9
25580	3999	25580	32,6	25580	0	25580	1	25580	5329,9
25590	4000	25590	79	25590	0	25590	3	25590	5329,9
25600	4001	25600	42,7	25600	0	25600	1	25600	5329,9
25610	4002	25610	26,6	25610	0	25610	1	25610	5329,9
25620	4003	25620	47,3	25620	0	25620	1	25620	5329,9
25630	4004	25630	42,2	25630	0	25630	1	25630	5329,9
25640	4005	25640	35,9	25640	0	25640	1	25640	5329,9
25650	4006	25650	41,6	25650	0	25650	1	25650	5329,9
25660	4007	25660	48,3	25660	0	25660	3	25660	5329,9
25670	4008	25670	53,8	25670	0	25670	1	25670	5329,9
25680	4009	25680	32,9	25680	0	25680	1	25680	5329,9
25690	4010	25690	45,2	25690	0	25690	1	25690	5329,9
25700	4011	25700	38,7	25700	0	25700	1	25700	5329,9
25710	4012	25710	24,1	25710	0	25710	1	25710	5329,9
25720	4013	25720	25,2	25720	0	25720	1	25720	5329,9
25730	4014	25730	43,4	25730	0	25730	1	25730	5329,9
25740	4015	25740	24,6	25740	0	25740	1	25740	5329,9
25750	4016	25750	26,1	25750	0	25750	1	25750	5329,9
25760	4017	25760	40,8	25760	0	25760	1	25760	5329,9
25770	4018	25770	23,8	25770	0	25770	1	25770	5329,9
25780	4019	25780	41,8	25780	0	25780	1	25780	5329,9
25790	4020	25790	44,6	25790	0	25790	1	25790	5329,9
25800	4021	25800	27,8	25800	0	25800	1	25800	5329,9
25810	4022	25810	30,9	25810	0	25810	1	25810	5329,9
25820	4023	25820	26,1	25820	0	25820	1	25820	5329,9
25830	4024	25830	25,3	25830	0	25830	1	25830	5329,9
25840	4025	25840	24,5	25840	0	25840	1	25840	5329,9
25850	4026	25850	43,7	25850	0	25850	1	25850	5329,9
25860	4027	25860	45,1	25860	0	25860	1	25860	5329,9
25870	4028	25870	24,3	25870	0	25870	1	25870	5329,9
25880	4029	25880	29,9	25880	0	25880	1	25880	5329,9
25890	4030	25890	32,3	25890	0	25890	1	25890	5329,9
25900	4031	25900	39,2	25900	0	25900	1	25900	5329,9
25910	4032	25910	45,3	25910	0	25910	1	25910	5329,9
25920	4033	25920	52,9	25920	0	25920	1	25920	5329,9
25930	4034	25930	28,2	25930	0	25930	1	25930	5329,9
25940	4035	25940	43,6	25940	0	25940	1	25940	5329,9
25950	4036	25950	46,5	25950	0	25950	1	25950	5329,9
25960	4037	25960	46,6	25960	0	25960	1	25960	5329,9
25970	4038	25970	49,7	25970	0	25970	1	25970	5329,9
25980	4039	25980	47,6	25980	0	25980	1	25980	5329,9
25990	4040	25990	41,3	25990	0	25990	1	25990	5329,9
26000	4041	26000	42,8	26000	0	26000	1	26000	5329,9
26010	4042	26010	51,7	26010	0	26010	1	26010	5329,9
26020	4043	26020	45,7	26020	0	26020	1	26020	5329,9
26030	4044	26030	38,4	26030	0	26030	1	26030	5329,9
26040	4045	26040	44,7	26040	0	26040	1	26040	5329,9
26050	4046	26050	25,1	26050	0	26050	1	26050	5329,9
26060	4047	26060	26,1	26060	0	26060	1	26060	5329,9
26070	4048	26070	25,1	26070	0	26070	1	26070	5329,9
26080	4049	26080	26	26080	0	26080	1	26080	5329,9
26090	4050	26090	20,9	26090	0	26090	1	26090	5329,9
26100	4051	26100	23,8	26100	0	26100	1	26100	5329,9
26110	4052	26110	25,1	26110	0	26110	1	26110	5329,9
26120	4053	26120	39,2	26120	0	26120	1	26120	5329,9
26130	4054	26130	28,8	26130	0	26130	1	26130	5329,9
26140	4055	26140	45,6	26140	0	26140	1	26140	5329,9
26150	4056	26150	46,3	26150	0	26150	1	26150	5329,9
26160	4057	26160	54	26160	0	26160	1	26160	5329,9
26170	4058	26170	55,6	26170	0	26170	1	26170	5329,9
26180	4059	26180	45,3	26180	0	26180	1	26180	5329,9
26190	4060	26190	47,4	26190	0	26190	1	26190	5329,9
26200	4061	26200	49,8	26200	0	26200	1	26200	5329,9
26210	4062	26210	48,4	26210	0	26210	1	26210	5329,9
26220	4063	26220	38,2	26220	0	26220	1	26220	5329,9
26230	4064	26230	49,2	26230	0	26230	1	26230	5329,9
26240	4065	26240	51,2	26240	0	26240	1	26240	5329,9
26250	4066	26250	51	26250	0	26250	1	26250	5329,9
26260	4067	26260	35	26260	0	26260	1	26260	5329,9
26270	4068	26270	38,1	26270	0	26270	1	26270	5329,9
26280	4069	26280	49,4	26280	0	26280	1	26280	5329,9
26290	4070	26290	42,8	26290	0	26290	1	26290	5329,9
26300	4071	26300	26,8	26300	0	26300	1	26300	5329,9
26310	4072	26310	29,5	26310	0	26310	1	26310	5329,9
26320	4073	26320	36	26320	0	26320	1	26320	5329,9
26330	4074	26330	37	26330	0	26330	1	26330	5329,9
26340	4075	26340	53,2	26340	0	26340	1	26340	5329,9
26350	4076	26350	42,7	26350	0	26350	1	26350	5329,9
26360	4077	26360	41,6	26360	0	26360	1	26360	5329,9
26370	4078	26370	28,9	26370	0	26370	1	26370	5329,9
26380	4079	26380	43,9	26380	0	26380	1	26380	5329,9
26390	4080	26390	39,8	26390	0	26390	1	26390	5329,9
26400	4081	26400	25,7	26400	0	26400	1	26400	5329,9
26410	4082	26410	21,3	26410	0	26410	1	26410	5329,9
26420	4083	26420	23,3	26420	0	26420	1	26420	5329,9
26430	4084	26430	45,5	26430	0	26430	1	26430	5329,9
26440	4085	26440	24,8	26440	0	26440	1	26440	5329,9
26450	4086	26450	44,7	26450	0	26450	1	26450	5329,9
26460	4087	26460	43,7	26460	0	26460	1	26460	5329,9
26470	4088	26470	54,7	26470	0	26470	1	26470	5329,9
26480	4089	26480	47	26480	0	26480	1	26480	5329,9
26490	4090	26490	43,4	26490	0	26490	1	26490	5329,9
26500	4091	26500	44,6	26500	0	26500	1	26500	5329,9
26510	4092	26510	43,1	26510	0	26510	1	26510	5329,9
26520	4093	26520	52,5	26520	0	26520	1	26520	5329,9
26530	4094	26530	44,2	26530	0	26530	1	26530	5329,9
26540	4095	26540	48,1	26540	0	26540	1	26540	5329,9
26550	4096	26550	52,4	26550	0	26550	1	26550	5329,9
26560	4097	26560	40,6	26560	0	26560	1	26560	5329,9
26570	4098	26570	41,9	26570	0	26570	1	26570	5329,9
26580	4099	26580	41,3	26580	0	26580	1	26580	5329,9
26590	4100	26590	92,8	26590	0	26590	3	26590	5329,9
26600	4101	26600	66,5	26600	0	26600	1	26600	5329,9
26610	4102	26610	42,7	26610	0	26610	1	26610	5329,9
26620	4103	26620	40,2	26620	0	26620	1	26620	5329,9
26630	4104	26630	39,2	26630	0	26630	1	26630	5329,9
26640	4105	26640	25,1	26640	0	26640	1	26640	5329,9
26650	4106	26650	24,8	26650	0	26650	1	26650	5329,9
26660	4107	26660	40,3	26660	0	26660	1	26660	5329,9
26670	4108	26670	43,8	26670	0	26670	1	26670	5329,9
26680	4109	26680	47,8	26680	0	26680	1	26680	5329,9
26690	4110	26690	40,2	26690	0	26690	3	26690	5329,9
26700	4111	26700	61,9	26700	0	26700	1	26700	5329,9
26710	4112	26710	41,3	26710	0	26710	1	26710	5329,9
26720	4113	26720	41,6	26720	0	26720	1	26720	5329,9
26730	4114	26730	44,2	26730	0	26730	1	26730	5329,9
26740	4115	26740	46,6	26740	0	26740	1	26740	5329,9
26750	4116	26750	60,1	26750	0	26750	1	26750	5329,9
26760	4117	26760	42,9	26760	0	26760	1	26760	5329,9
26770	4118	26770	26,2	26770	0	26770	1	26770	5329,9
26780	4119	26780	39,1	26780	0	26780	1	26780	5329,9
26790	4120	26790	47,9	26790	0	26790	1	26790	5329,9
26800	4121	26800	47,7	26800	0	26800	1	26800	5329,9
26810	4122	26810	35,1	26810	0	26810	1	26810	5329,9
26820	4123	26820	49,3	26820	0	26820	1	26820	5329,9
26830	4124	26830	42,6	26830	0	26830	1	26830	5329,9
26840	4125	26840	49,1	26840	0	26840	1	26840	5329,9
26850	4126	26850	44,3	26850	0	26850	1	26850	5329,9
26860	4127	26860	40,2	26860	0	26860	1	26860	5329,9
26870	4128	26870	42,1	26870	0	26870	1	26870	5329,9
26880	4129	26880	42,7	26880	0	26880	1	26880	5329,9
26890	4130	26890	46,2	26890	0	26890	1	26890	5329,9
26900	4131	26900	43,4	26900	0	26900	1	26900	5329,9
26910	4132	26910	29,3	26910	0	26910	1	26910	5329,9
26920	4133	26920	42,3	26920	0	26920	1	26920	5329,9
26930	4134	26930	21,2	26930	0	26930	1	26930	5329,9
26940	4135	26940	41,2	26940	0	26940	1	26940	5329,9
26950	4136	26950	39,1	26950	0	26950	1	26950	5329,9
26960	4137	26960	49,8	26960	0	26960	1	26960	5329,9
26970	4138	26970	48,2	26970	0	26970	1	26970	5329,9
26980	4139	26980	51,7	26980	0	26980	1	26980	5329,9
26990	4140	26990	48,1	26990	0	26990	1	26990	5329,9
27000	4141	27000	40,8	27000	0	27000	1	27000	5329,9
27010	4142	27010	40,9	27010	0	27010	1	27010	5329,9
27020	4143	27020	42,7	27020	0	27020	1	27020	5329,9
27030	4144	27030	41,1	27030	0	27030	1	27030	5329,9
27040	4145	27040	44,8	27040	0	27040	1	27040	5329,9
27050	4146	27050	43,6	27050	0	27050	1	27050	5329,9
27060	4147	27060	48,9	27060	0	27060	1	27060	5329,9
27070	4148	27070	44,6	27070	0	27070	1	27070	5329,9
27080	4149	27080	53,4	27080	0	27080	1	27080	5329,9
27090	4150	27090	43,4	27090	0	27090	1	27090	5329,9
27100	4151	27100	41,1	27100	0	27100	1	27100	5329,9
27110	4152	27110	45,6	27110	0	27110	1	27110	5329,9
27120	4153	27120	43,1	27120	0	27120	1	27120	5329,9
27130	4154	27130	49,1	27130	0	27130	1	27130	5329,9
27140	4155	27140	41,3	27140	0	27140	1	27140	5329,9
27150	4156	27150	43,7	27150	0	27150	1	27150	5329,9
27160	4157	27160	43,9	27160	0	27160	1	27160	5329,9
27170	4158	27170	45,3	27170	0	27170	1	27170	5329,9
27180	4159	27180	41,2	27180	0	27180	1	27180	5329,9
27190	4160	27190	46	27190	0	27190	1	27190	5329,9
27200	4161	27200	45,7	27200	0	27200	1	27200	5329,9
27210	4162	27210	31	27210	0	27210	1	27210	5329,9
27220	4163	27220	44,8	27220	0	27220	1	27220	5329,9
27230	4164	27230	31,9	27230	0	27230	1	27230	5329,9
27240	4165	27240	42,5	27240	0	27240	1	27240	5329,9
27250	4166	27250	43,4	27250	0	27250	1	27250	5329,9
27260	4167	27260	41,6	27260	0	27260	1	27260	5329,9
27270	4168	27270	46	27270	0	27270	1	27270	5329,9
27280	4169	27280	45,2	27280	0	27280	1	27280	5329,9
27290	4170	27290	39,9	27290	0	27290	1	27290	5329,9
27300	4171	27300	43,5	27300	0	27300	1	27300	5329,9
27310	4172	27310	40	27310	0	27310	1	27310	5329,9
27320	4173	27320	39,4	27320	0	27320	1	27320	5329,9
27330	4174	27330	44,9	27330	0	27330	1	27330	5329,9
27340	4175	27340	47,8	27340	0	27340	1	27340	5329,9
27350	4176	27350	31,7	27350	0	27350	1	27350	5329,9
27360	4177	27360	34,1	27360	0	27360	1	27360	5329,9
27370	4178	27370	38,6	27370	0	27370	1	27370	5329,9
27380	4179	27380	41,6	27380	0	27380	1	27380	5329,9
27390	4180	27390	38,6	27390	0	27390	1	27390	5329,9
27400	4181	27400	46,1	27400	0	27400	1	27400	5329,9
27410	4182	27410	48	27410	0	27410	1	27410	5329,9
27420	4183	27420	25,7	27420	0	27420	1	27420	5329,9
27430	4184	27430	46,4	27430	0	27430	1	27430	5329,9
27440	4185	27440	45	27440	0	27440	1	27440	5329,9
27450	4186	27450	42,4	27450	0	27450	1	27450	5329,9
27460	4187	27460	43,5	27460	0	27460	1	27460	5329,9
27470	4188	27470	43,9	27470	0	27470	1	27470	5329,9
27480	4189	27480	39,7	27480	0	27480	1	27480	5329,9
27490	4190	27490	45,5	27490	0	27490	1	27490	5329,9
27500	4191	27500	42,8	27500	0	27500	1	27500	5329,9
27510	4192	27510	45,6	27510	0	27510	1	27510	5329,9
27520	4193	27520	48,2	27520	0	27520	1	27520	5329,9
27530	4194	27530	40,5	27530	0	27530	1	27530	5329,9
27540	4195	27540	24,3	27540	0	27540	1	27540	5329,9
27550	4196	27550	38,1	27550	0	27550	1	27550	5329,9
27560	4197	27560	42,8	27560	0	27560	1	27560	5329,9
27570	4198	27570	46,8	27570	0	27570	1	27570	5329,9
27580	4199	27580	35,9	27580	0	27580	1	27580	5329,9
27590	4200	27590	41,6	27590	0	27590	3	27590	5329,9
27600	4201	27600	75,1	27600	0	27600	1	27600	5329,9
27610	4202	27610	46,9	27610	0	27610	1	27610	5329,9
27620	4203	27620	45,8	27620	0	27620	1	27620	5329,9
27630	4204	27630	37,4	27630	0	27630	1	27630	5329,9
27640	4205	27640	36,2	27640	0	27640	1	27640	5329,9
27650	4206	27650	28,8	27650	0	27650	1	27650	5329,9
27660	4207	27660	23,7	27660	0	27660	1	27660	5329,9
27670	4208	27670	21,7	27670	0	27670	1	27670	5329,9
27680	4209	27680	21,2	27680	0	27680	1	27680	5329,9
27690	4210	27690	23	27690	0	27690	1	27690	5329,9
27700	4211	27700	23,1	27700	0	27700	1	27700	5329,9
27710	4212	27710	43,8	27710	0	27710	1	27710	5329,9
27720	4213	27720	29	27720	0	27720	1	27720	5329,9
27730	4214	27730	21,2	27730	0	27730	1	27730	5329,9
27740	4215	27740	21,4	27740	0	27740	1	27740	5329,9
27750	4216	27750	27,1	27750	0	27750	1	27750	5329,9
27760	4217	27760	46,5	27760	0	27760	1	27760	5329,9
27770	4218	27770	32,8	27770	0	27770	1	27770	5329,9
27780	4219	27780	62,6	27780	0	27780	1	27780	5329,9
27790	4220	27790	22,9	27790	0	27790	1	27790	5329,9
27800	4221	27800	22,2	27800	0	27800	1	27800	5329,9
27810	4222	27810	24,8	27810	0	27810	1	27810	5329,9
27820	4223	27820	27,7	27820	0	27820	1	27820	5329,9
27830	4224	27830	25,6	27830	0	27830	1	27830	5329,9
27840	4225	27840	21,9	27840	0	27840	1	27840	5329,9
27850	4226	27850	23,1	27850	0	27850	1	27850	5329,9
27860	4227	27860	23,3	27860	0	27860	1	27860	5329,9
27870	4228	27870	22,6	27870	0	27870	1	27870	5329,9
27880	4229	27880	24	27880	0	27880	1	27880	5329,9
27890	4230	27890	21,9	27890	0	27890	1	27890	5329,9
27900	4231	27900	22,1	27900	0	27900	1	27900	5329,9
27910	4232	27910	41	27910	0	27910	1	27910	5329,9
27920	4233	27920	33,3	27920	0	27920	1	27920	5329,9
27930	4234	27930	36,5	27930	0	27930	1	27930	5329,9
27940	4235	27940	34,9	27940	0	27940	1	27940	5329,9
27950	4236	27950	38,7	27950	0	27950	1	27950	5329,9
27960	4237	27960	37,6	27960	0	27960	1	27960	5329,9
27970	4238	27970	28,7	27970	0	27970	1	27970	5329,9
27980	4239	27980	28,3	27980	0	27980	1	27980	5329,9
27990	4240	27990	23,5	27990	0	27990	1	27990	5329,9
28000	4241	28000	27,7	28000	0	28000	1	28000	5329,9
28010	4242	28010	28,5	28010	0	28010	1	28010	5329,9
28020	4243	28020	42,7	28020	0	28020	1	28020	5329,9
28030	4244	28030	38,2	28030	0	28030	1	28030	5329,9
28040	4245	28040	50,1	28040	0	28040	1	28040	5329,9
28050	4246	28050	46	28050	0	28050	1	28050	5329,9
28060	4247	28060	48,9	28060	0	28060	1	28060	5329,9
28070	4248	28070	46,8	28070	0	28070	1	28070	5329,9
28080	4249	28080	41,8	28080	0	28080	1	28080	5329,9
28090	4250	28090	46	28090	0	28090	1	28090	5329,9
28100	4251	28100	43,7	28100	0	28100	1	28100	5329,9
28110	4252	28110	46,5	28110	0	28110	1	28110	5329,9
28120	4253	28120	47,1	28120	0	28120	1	28120	5329,9
28130	4254	28130	44,5	28130	0	28130	1	28130	5329,9
28140	4255	28140	47,3	28140	0	28140	1	28140	5329,9
28150	4256	28150	48,7	28150	0	28150	1	28150	5329,9
28160	4257	28160	48,8	28160	0	28160	1	28160	5329,9
28170	4258	28170	47,7	28170	0	28170	1	28170	5329,9
28180	4259	28180	46	28180	0	28180	1	28180	5329,9
28190	4260	28190	55,4	28190	0	28190	1	28190	5329,9
28200	4261	28200	58,6	28200	0	28200	1	28200	5329,9
28210	4262	28210	43,3	28210	0	28210	1	28210	5329,9
28220	4263	28220	45,3	28220	0	28220	1	28220	5329,9
28230	4264	28230	48,6	28230	0	28230	1	28230	5329,9
28240	4265	28240	42,7	28240	0	28240	1	28240	5329,9
28250	4266	28250	47	28250	0	28250	1	28250	5329,9
28260	4267	28260	41,8	28260	0	28260	1	28260	5329,9
28270	4268	28270	43,8	28270	0	28270	1	28270	5329,9
28280	4269	28280	45,9	28280	0	28280	1	28280	5329,9
28290	4270	28290	41,5	28290	0	28290	1	28290	5329,9
28300	4271	28300	41,3	28300	0	28300	1	28300	5329,9
28310	4272	28310	42,4	28310	0	28310	1	28310	5329,9
28320	4273	28320	34,5	28320	0	28320	1	28320	5329,9
28330	4274	28330	53,2	28330	0	28330	1	28330	5329,9
28340	4275	28340	43,5	28340	0	28340	1	28340	5329,9
28350	4276	28350	44,9	28350	0	28350	1	28350	5329,9
28360	4277	28360	43,3	28360	0	28360	1	28360	5329,9
28370	4278	28370	43,1	28370	0	28370	1	28370	5329,9
28380	4279	28380	40,1	28380	0	28380	1	28380	5329,9
28390	4280	28390	50,5	28390	0	28390	1	28390	5329,9
28400	4281	28400	54,5	28400	0	28400	1	28400	5329,9
28410	4282	28410	40	28410	0	28410	1	28410	5329,9
28420	4283	28420	24,3	28420	0	28420	1	28420	5329,9
28430	4284	28430	52,2	28430	0	28430	1	28430	5329,9
28440	4285	28440	20,6	28440	0	28440	1	28440	5329,9
28450	4286	28450	41,5	28450	0	28450	1	28450	5329,9
28460	4287	28460	49,4	28460	0	28460	1	28460	5329,9
28470	4288	28470	42,9	28470	0	28470	1	28470	5329,9
28480	4289	28480	47,2	28480	0	28480	1	28480	5329,9
28490	4290	28490	49,2	28490	0	28490	1	28490	5329,9
28500	4291	28500	42,4	28500	0	28500	1	28500	5329,9
28510	4292	28510	44,3	28510	0	28510	1	28510	5329,9
28520	4293	28520	49,9	28520	0	28520	1	28520	5329,9
28530	4294	28530	45,8	28530	0	28530	1	28530	5329,9
28540	4295	28540	46,1	28540	0	28540	1	28540	5329,9
28550	4296	28550	48,8	28550	0	28550	1	28550	5329,9
28560	4297	28560	47,1	28560	0	28560	1	28560	5329,9
28570	4298	28570	50,1	28570	0	28570	1	28570	5329,9
28580	4299	28580	45,4	28580	0	28580	1	28580	5329,9
28590	4300	28590	37,5	28590	0	28590	3	28590	5329,9
28600	4301	28600	35,7	28600	0	28600	1	28600	5329,9
28610	4302	28610	29,3	28610	0	28610	1	28610	5329,9
28620	4303	28620	42,7	28620	0	28620	1	28620	5329,9
28630	4304	28630	49,3	28630	0	28630	1	28630	5329,9
28640	4305	28640	27,5	28640	0	28640	1	28640	5329,9
28650	4306	28650	40,4	28650	0	28650	1	28650	5329,9
28660	4307	28660	26,2	28660	0	28660	1	28660	5329,9
28670	4308	28670	47,1	28670	0	28670	1	28670	5329,9
28680	4309	28680	33,3	28680	0	28680	1	28680	5329,9
28690	4310	28690	47,3	28690	0	28690	1	28690	5329,9
28700	4311	28700	48,5	28700	0	28700	1	28700	5329,9
28710	4312	28710	54,2	28710	0	28710	1	28710	5329,9
28720	4313	28720	53,2	28720	0	28720	1	28720	5329,9
28730	4314	28730	50	28730	0	28730	1	28730	5329,9
28740	4315	28740	52,9	28740	0	28740	1	28740	5329,9
28750	4316	28750	53,1	28750	0	28750	1	28750	5329,9
28760	4317	28760	52,6	28760	0	28760	1	28760	5329,9
28770	4318	28770	56,9	28770	0	28770	1	28770	5329,9
28780	4319	28780	52,7	28780	0	28780	1	28780	5329,9
28790	4320	28790	30,8	28790	0	28790	1	28790	5329,9
28800	4321	28800	50,1	28800	0	28800	1	28800	5329,9
28810	4322	28810	29,1	28810	0	28810	1	28810	5329,9
28820	4323	28820	27,3	28820	0	28820	1	28820	5329,9
28830	4324	28830	27,8	28830	0	28830	1	28830	5329,9
28840	4325	28840	35,4	28840	0	28840	1	28840	5329,9
28850	4326	28850	42	28850	0	28850	1	28850	5329,9
28860	4327	28860	28,4	28860	0	28860	1	28860	5329,9
28870	4328	28870	29,4	28870	0	28870	1	28870	5329,9
28880	4329	28880	35,4	28880	0	28880	1	28880	5329,9
28890	4330	28890	41,6	28890	0	28890	1	28890	5329,9
28900	4331	28900	46,4	28900	0	28900	1	28900	5329,9
28910	4332	28910	48	28910	0	28910	1	28910	5329,9
28920	4333	28920	37,9	28920	0	28920	1	28920	5329,9
28930	4334	28930	27,8	28930	0	28930	1	28930	5329,9
28940	4335	28940	26,4	28940	0	28940	1	28940	5329,9
28950	4336	28950	31,9	28950	0	28950	1	28950	5329,9
28960	4337	28960	53,9	28960	0	28960	1	28960	5329,9
28970	4338	28970	43,9	28970	0	28970	1	28970	5329,9
28980	4339	28980	51,6	28980	0	28980	1	28980	5329,9
28990	4340	28990	42,6	28990	0	28990	1	28990	5329,9
29000	4341	29000	41,7	29000	0	29000	1	29000	5329,9
29010	4342	29010	21,6	29010	0	29010	1	29010	5329,9
29020	4343	29020	38,7	29020	0	29020	1	29020	5329,9
29030	4344	29030	52,6	29030	0	29030	1	29030	5329,9
29040	4345	29040	38,3	29040	0	29040	1	29040	5329,9
29050	4346	29050	28,2	29050	0	29050	1	29050	5329,9
29060	4347	29060	48,6	29060	0	29060	1	29060	5329,9
29070	4348	29070	45	29070	0	29070	1	29070	5329,9
29080	4349	29080	27	29080	0	29080	1	29080	5329,9
29090	4350	29090	24,8	29090	0	29090	1	29090	5329,9
29100	4351	29100	28,3	29100	0	29100	1	29100	5329,9
29110	4352	29110	36,8	29110	0	29110	1	29110	5329,9
29120	4353	29120	39,3	29120	0	29120	1	29120	5329,9
29130	4354	29130	26,1	29130	0	29130	1	29130	5329,9
29140	4355	29140	29,9	29140	0	29140	1	29140	5329,9
29150	4356	29150	23,9	29150	0	29150	1	29150	5329,9
29160	4357	29160	47,2	29160	0	29160	1	29160	5329,9
29170	4358	29170	36,1	29170	0	29170	1	29170	5329,9
29180	4359	29180	43,9	29180	0	29180	1	29180	5329,9
29190	4360	29190	62,7	29190	0	29190	1	29190	5329,9
29200	4361	29200	45,9	29200	0	29200	1	29200	5329,9
29210	4362	29210	43,8	29210	0	29210	1	29210	5329,9
29220	4363	29220	35,4	29220	0	29220	1	29220	5329,9
29230	4364	29230	56,1	29230	0	29230	1	29230	5329,9
29240	4365	29240	47	29240	0	29240	1	29240	5329,9
29250	4366	29250	49,9	29250	0	29250	1	29250	5329,9
29260	4367	29260	27,6	29260	0	29260	1	29260	5329,9
29270	4368	29270	47,4	29270	0	29270	1	29270	5329,9
29280	4369	29280	31,7	29280	0	29280	1	29280	5329,9
29290	4370	29290	47,6	29290	0	29290	1	29290	5329,9
29300	4371	29300	31,8	29300	0	29300	1	29300	5329,9
29310	4372	29310	46,3	29310	0	29310	1	29310	5329,9
29320	4373	29320	49,5	29320	0	29320	1	29320	5329,9
29330	4374	29330	31,5	29330	0	29330	1	29330	5329,9
29340	4375	29340	54,2	29340	0	29340	1	29340	5329,9
29350	4376	29350	50	29350	0	29350	1	29350	5329,9
29360	4377	29360	50,3	29360	0	29360	1	29360	5329,9
29370	4378	29370	33,6	29370	0	29370	1	29370	5329,9
29380	4379	29380	26,2	29380	0	29380	1	29380	5329,9
29390	4380	29390	33,7	29390	0	29390	1	29390	5329,9
29400	4381	29400	46,3	29400	0	29400	1	29400	5329,9
29410	4382	29410	40,4	29410	0	29410	1	29410	5329,9
29420	4383	29420	30,7	29420	0	29420	1	29420	5329,9
29430	4384	29430	47,5	29430	0	29430	1	29430	5329,9
29440	4385	29440	30	29440	0	29440	1	29440	5329,9
29450	4386	29450	46,2	29450	0	29450	1	29450	5329,9
29460	4387	29460	25,3	29460	0	29460	1	29460	5329,9
29470	4388	29470	27	29470	0	29470	1	29470	5329,9
29480	4389	29480	45,7	29480	0	29480	1	29480	5329,9
29490	4390	29490	28	29490	0	29490	1	29490	5329,9
29500	4391	29500	29,5	29500	0	29500	1	29500	5329,9
29510	4392	29510	26,5	29510	0	29510	1	29510	5329,9
29520	4393	29520	25	29520	0	29520	1	29520	5329,9
29530	4394	29530	45,6	29530	0	29530	1	29530	5329,9
29540	4395	29540	40,3	29540	0	29540	1	29540	5329,9
29550	4396	29550	39,2	29550	0	29550	1	29550	5329,9
29560	4397	29560	22,6	29560	0	29560	1	29560	5329,9
29570	4398	29570	22,2	29570	0	29570	1	29570	5329,9
29580	4399	29580	42,1	29580	0	29580	1	29580	5329,9
29590	4400	29590	35,4	29590	0	29590	3	29590	5329,9
29600	4401	29600	60,3	29600	0	29600	1	29600	5329,9
29610	4402	29610	44,4	29610	0	29610	1	29610	5329,9
29620	4403	29620	37,1	29620	0	29620	1	29620	5329,9
29630	4404	29630	46,7	29630	0	29630	1	29630	5329,9
29640	4405	29640	31,8	29640	0	29640	1	29640	5329,9
29650	4406	29650	26,4	29650	0	29650	1	29650	5329,9
29660	4407	29660	46,1	29660	0	29660	1	29660	5329,9
29670	4408	29670	64,2	29670	0	29670	1	29670	5329,9
29680	4409	29680	42,2	29680	0	29680	1	29680	5329,9
29690	4410	29690	42,3	29690	0	29690	1	29690	5329,9
29700	4411	29700	49,8	29700	0	29700	1	29700	5329,9
29710	4412	29710	41,3	29710	0	29710	1	29710	5329,9
29720	4413	29720	49,5	29720	0	29720	1	29720	5329,9
29730	4414	29730	44,3	29730	0	29730	1	29730	5329,9
29740	4415	29740	46	29740	0	29740	1	29740	5329,9
29750	4416	29750	58,8	29750	0	29750	1	29750	5329,9
29760	4417	29760	41,8	29760	0	29760	1	29760	5329,9
29770	4418	29770	49,3	29770	0	29770	1	29770	5329,9
29780	4419	29780	40,4	29780	0	29780	1	29780	5329,9
29790	4420	29790	43,8	29790	0	29790	1	29790	5329,9
29800	4421	29800	41,6	29800	0	29800	1	29800	5329,9
29810	4422	29810	44,6	29810	0	29810	1	29810	5329,9
29820	4423	29820	48,7	29820	0	29820	1	29820	5329,9
29830	4424	29830	46,7	29830	0	29830	1	29830	5329,9
29840	4425	29840	54,1	29840	0	29840	1	29840	5329,9
29850	4426	29850	44	29850	0	29850	1	29850	5329,9
29860	4427	29860	43,2	29860	0	29860	1	29860	5329,9
29870	4428	29870	43,6	29870	0	29870	1	29870	5329,9
29880	4429	29880	36,6	29880	0	29880	1	29880	5329,9
29890	4430	29890	35,5	29890	0	29890	1	29890	5329,9
29900	4431	29900	37,4	29900	0	29900	1	29900	5329,9
29910	4432	29910	42,1	29910	0	29910	1	29910	5329,9
29920	4433	29920	41,4	29920	0	29920	1	29920	5329,9
29930	4434	29930	42,3	29930	0	29930	1	29930	5329,9
29940	4435	29940	24,4	29940	0	29940	1	29940	5329,9
29950	4436	29950	35,9	29950	0	29950	1	29950	5329,9
29960	4437	29960	25,1	29960	0	29960	1	29960	5329,9
29970	4438	29970	43	29970	0	29970	1	29970	5329,9
29980	4439	29980	24,6	29980	0	29980	1	29980	5329,9
29990	4440	29990	38,8	29990	0	29990	1	29990	5329,9
30000	4441	30000	43,5	30000	0	30000	1	30000	5329,9
30010	4442	30010	47,9	30010	0	30010	1	30010	5329,9
30020	4443	30020	44,9	30020	0	30020	1	30020	5329,9
30030	4444	30030	45,1	30030	0	30030	1	30030	5329,9
30040	4445	30040	38,4	30040	0	30040	1	30040	5329,9
30050	4446	30050	42,5	30050	0	30050	1	30050	5329,9
30060	4447	30060	43,8	30060	0	30060	1	30060	5329,9
30070	4448	30070	40,8	30070	0	30070	1	30070	5329,9
30080	4449	30080	40,2	30080	0	30080	1	30080	5329,9
30090	4450	30090	43,8	30090	0	30090	1	30090	5329,9
30100	4451	30100	27,2	30100	0	30100	1	30100	5329,9
30110	4452	30110	30,2	30110	0	30110	1	30110	5329,9
30120	4453	30120	26,2	30120	0	30120	1	30120	5329,9
30130	4454	30130	27,2	30130	0	30130	1	30130	5329,9
30140	4455	30140	47,4	30140	0	30140	1	30140	5329,9
30150	4456	30150	33,8	30150	0	30150	1	30150	5329,9
30160	4457	30160	49,8	30160	0	30160	1	30160	5329,9
30170	4458	30170	41,7	30170	0	30170	1	30170	5329,9
30180	4459	30180	37,9	30180	0	30180	1	30180	5329,9
30190	4460	30190	51,8	30190	0	30190	1	30190	5329,9
30200	4461	30200	49,4	30200	0	30200	1	30200	5329,9
30210	4462	30210	48,7	30210	0	30210	1	30210	5329,9
30220	4463	30220	43,9	30220	0	30220	1	30220	5329,9
30230	4464	30230	46,8	30230	0	30230	1	30230	5329,9
30240	4465	30240	43,3	30240	0	30240	1	30240	5329,9
30250	4466	30250	43,8	30250	0	30250	1	30250	5329,9
30260	4467	30260	41	30260	0	30260	1	30260	5329,9
30270	4468	30270	40,4	30270	0	30270	1	30270	5329,9
30280	4469	30280	43	30280	0	30280	1	30280	5329,9
30290	4470	30290	41,7	30290	0	30290	1	30290	5329,9
30300	4471	30300	30,9	30300	0	30300	1	30300	5329,9
30310	4472	30310	24,4	30310	0	30310	1	30310	5329,9
30320	4473	30320	40,4	30320	0	30320	1	30320	5329,9
30330	4474	30330	40,8	30330	0	30330	1	30330	5329,9
30340	4475	30340	53,6	30340	0	30340	1	30340	5329,9
30350	4476	30350	40,6	30350	0	30350	1	30350	5329,9
30360	4477	30360	45,5	30360	0	30360	1	30360	5329,9
30370	4478	30370	44,1	30370	0	30370	1	30370	5329,9
30380	4479	30380	47,1	30380	0	30380	1	30380	5329,9
30390	4480	30390	40,4	30390	0	30390	1	30390	5329,9
30400	4481	30400	45,6	30400	0	30400	1	30400	5329,9
30410	4482	30410	46,8	30410	0	30410	1	30410	5329,9
30420	4483	30420	52,3	30420	0	30420	1	30420	5329,9
30430	4484	30430	51,4	30430	0	30430	1	30430	5329,9
30440	4485	30440	42,6	30440	0	30440	1	30440	5329,9
30450	4486	30450	44	30450	0	30450	1	30450	5329,9
30460	4487	30460	45,1	30460	0	30460	1	30460	5329,9
30470	4488	30470	43,5	30470	0	30470	1	30470	5329,9
30480	4489	30480	43,7	30480	0	30480	1	30480	5329,9
30490	4490	30490	43,4	30490	0	30490	1	30490	5329,9
30500	4491	30500	40,5	30500	0	30500	1	30500	5329,9
30510	4492	30510	49,5	30510	0	30510	1	30510	5329,9
30520	4493	30520	46,2	30520	0	30520	1	30520	5329,9
30530	4494	30530	43,9	30530	0	30530	1	30530	5329,9
30540	4495	30540	43,1	30540	0	30540	1	30540	5329,9
30550	4496	30550	45,9	30550	0	30550	1	30550	5329,9
30560	4497	30560	43,4	30560	0	30560	1	30560	5329,9
30570	4498	30570	40,4	30570	0	30570	1	30570	5329,9
30580	4499	30580	41,9	30580	0	30580	1	30580	5329,9
30590	4500	30590	44,7	30590	0	30590	3	30590	5329,9
30600	4501	30600	65,5	30600	0	30600	1	30600	5329,9
30610	4502	30610	42,2	30610	0	30610	1	30610	5329,9
30620	4503	30620	34,5	30620	0	30620	1	30620	5329,9
30630	4504	30630	47,3	30630	0	30630	1	30630	5329,9
30640	4505	30640	41,6	30640	0	30640	1	30640	5329,9
30650	4506	30650	45,9	30650	0	30650	1	30650	5329,9
30660	4507	30660	49,2	30660	0	30660	1	30660	5329,9
30670	4508	30670	46,9	30670	0	30670	1	30670	5329,9
30680	4509	30680	51,6	30680	0	30680	1	30680	5329,9
30690	4510	30690	50,3	30690	0	30690	1	30690	5329,9
30700	4511	30700	49,5	30700	0	30700	1	30700	5329,9
30710	4512	30710	28	30710	0	30710	1	30710	5329,9
30720	4513	30720	47,1	30720	0	30720	1	30720	5329,9
30730	4514	30730	43,3	30730	0	30730	1	30730	5329,9
30740	4515	30740	45,1	30740	0	30740	1	30740	5329,9
30750	4516	30750	41,2	30750	0	30750	1	30750	5329,9
30760	4517	30760	44,5	30760	0	30760	1	30760	5329,9
30770	4518	30770	42,2	30770	0	30770	1	30770	5329,9
30780	4519	30780	41,4	30780	0	30780	1	30780	5329,9
30790	4520	30790	42,1	30790	0	30790	1	30790	5329,9
30800	4521	30800	43,9	30800	0	30800	1	30800	5329,9
30810	4522	30810	44,6	30810	0	30810	1	30810	5329,9
30820	4523	30820	38,4	30820	0	30820	1	30820	5329,9
30830	4524	30830	42,3	30830	0	30830	1	30830	5329,9
30840	4525	30840	45,5	30840	0	30840	1	30840	5329,9
30850	4526	30850	42,7	30850	0	30850	1	30850	5329,9
30860	4527	30860	43	30860	0	30860	1	30860	5329,9
30870	4528	30870	40,5	30870	0	30870	1	30870	5329,9
30880	4529	30880	40,4	30880	0	30880	1	30880	5329,9
30890	4530	30890	42,6	30890	0	30890	1	30890	5329,9
30900	4531	30900	49,3	30900	0	30900	1	30900	5329,9
30910	4532	30910	40,6	30910	0	30910	1	30910	5329,9
30920	4533	30920	46,8	30920	0	30920	1	30920	5329,9
30930	4534	30930	44,6	30930	0	30930	1	30930	5329,9
30940	4535	30940	44,4	30940	0	30940	1	30940	5329,9
30950	4536	30950	48,4	30950	0	30950	1	30950	5329,9
30960	4537	30960	43,6	30960	0	30960	1	30960	5329,9
30970	4538	30970	45,1	30970	0	30970	1	30970	5329,9
30980	4539	30980	46	30980	0	30980	1	30980	5329,9
30990	4540	30990	27,1	30990	0	30990	1	30990	5329,9
31000	4541	31000	28,2	31000	0	31000	1	31000	5329,9
31010	4542	31010	44,6	31010	0	31010	1	31010	5329,9
31020	4543	31020	33,8	31020	0	31020	1	31020	5329,9
31030	4544	31030	50,7	31030	0	31030	1	31030	5329,9
31040	4545	31040	53,4	31040	0	31040	1	31040	5329,9
31050	4546	31050	45,6	31050	0	31050	1	31050	5329,9
31060	4547	31060	50,1	31060	0	31060	1	31060	5329,9
31070	4548	31070	43,1	31070	0	31070	1	31070	5329,9
31080	4549	31080	43,6	31080	0	31080	1	31080	5329,9
31090	4550	31090	47,7	31090	0	31090	1	31090	5329,9
31100	4551	31100	45,3	31100	0	31100	1	31100	5329,9
31110	4552	31110	43,9	31110	0	31110	1	31110	5329,9
31120	4553	31120	48,5	31120	0	31120	1	31120	5329,9
31130	4554	31130	44	31130	0	31130	1	31130	5329,9
31140	4555	31140	47,3	31140	0	31140	1	31140	5329,9
31150	4556	31150	47,7	31150	0	31150	1	31150	5329,9
31160	4557	31160	39,2	31160	0	31160	1	31160	5329,9
31170	4558	31170	26,2	31170	0	31170	1	31170	5329,9
31180	4559	31180	32,9	31180	0	31180	1	31180	5329,9
31190	4560	31190	46,9	31190	0	31190	1	31190	5329,9
31200	4561	31200	49,4	31200	0	31200	1	31200	5329,9
31210	4562	31210	42,3	31210	0	31210	1	31210	5329,9
31220	4563	31220	47,8	31220	0	31220	1	31220	5329,9
31230	4564	31230	47,4	31230	0	31230	1	31230	5329,9
31240	4565	31240	45,9	31240	0	31240	1	31240	5329,9
31250	4566	31250	53,2	31250	0	31250	1	31250	5329,9
31260	4567	31260	46,9	31260	0	31260	1	31260	5329,9
31270	4568	31270	47,4	31270	0	31270	1	31270	5329,9
31280	4569	31280	45,3	31280	0	31280	1	31280	5329,9
31290	4570	31290	47,9	31290	0	31290	1	31290	5329,9
31300	4571	31300	47,4	31300	0	31300	1	31300	5329,9
31310	4572	31310	49,3	31310	0	31310	1	31310	5329,9
31320	4573	31320	22,2	31320	0	31320	1	31320	5329,9
31330	4574	31330	27,2	31330	0	31330	1	31330	5329,9
31340	4575	31340	33,9	31340	0	31340	1	31340	5329,9
31350	4576	31350	42	31350	0	31350	1	31350	5329,9
31360	4577	31360	50,7	31360	0	31360	1	31360	5329,9
31370	4578	31370	49	31370	0	31370	1	31370	5329,9
31380	4579	31380	42,1	31380	0	31380	1	31380	5329,9
31390	4580	31390	48,8	31390	0	31390	1	31390	5329,9
31400	4581	31400	56,1	31400	0	31400	1	31400	5329,9
31410	4582	31410	41,8	31410	0	31410	1	31410	5329,9
31420	4583	31420	45,2	31420	0	31420	1	31420	5329,9
31430	4584	31430	51,1	31430	0	31430	1	31430	5329,9
31440	4585	31440	45,2	31440	0	31440	1	31440	5329,9
31450	4586	31450	44,2	31450	0	31450	1	31450	5329,9
31460	4587	31460	52,6	31460	0	31460	1	31460	5329,9
31470	4588	31470	46,9	31470	0	31470	1	31470	5329,9
31480	4589	31480	44,6	31480	0	31480	1	31480	5329,9
31490	4590	31490	46,4	31490	0	31490	1	31490	5329,9
31500	4591	31500	50,4	31500	0	31500	1	31500	5329,9
31510	4592	31510	50,4	31510	0	31510	1	31510	5329,9
31520	4593	31520	89,5	31520	0	31520	1	31520	5329,9
31530	4594	31530	58,6	31530	0	31530	1	31530	5329,9
31540	4595	31540	47,5	31540	0	31540	1	31540	5329,9
31550	4596	31550	41,9	31550	0	31550	1	31550	5329,9
31560	4597	31560	46,3	31560	0	31560	1	31560	5329,9
31570	4598	31570	64,7	31570	0	31570	1	31570	5329,9
31580	4599	31580	49,7	31580	0	31580	1	31580	5329,9
31590	4600	31590	47,6	31590	0	31590	3	31590	5329,9
31600	4601	31600	68,7	31600	0	31600	1	31600	5329,9
31610	4602	31610	50,9	31610	0	31610	1	31610	5329,9
31620	4603	31620	36,8	31620	0	31620	1	31620	5329,9
31630	4604	31630	43,8	31630	0	31630	1	31630	5329,9
31640	4605	31640	45,4	31640	0	31640	1	31640	5329,9
31650	4606	31650	45,2	31650	0	31650	1	31650	5329,9
31660	4607	31660	43,3	31660	0	31660	1	31660	5329,9
31670	4608	31670	39	31670	0	31670	1	31670	5329,9
31680	4609	31680	42,8	31680	0	31680	1	31680	5329,9
31690	4610	31690	45,4	31690	0	31690	1	31690	5329,9
31700	4611	31700	44,1	31700	0	31700	1	31700	5329,9
31710	4612	31710	42	31710	0	31710	1	31710	5329,9
31720	4613	31720	40,4	31720	0	31720	1	31720	5329,9
31730	4614	31730	45,3	31730	0	31730	1	31730	5329,9
31740	4615	31740	43,2	31740	0	31740	1	31740	5329,9
31750	4616	31750	39,8	31750	0	31750	1	31750	5329,9
31760	4617	31760	42,5	31760	0	31760	1	31760	5329,9
31770	4618	31770	41,1	31770	0	31770	1	31770	5329,9
31780	4619	31780	44,3	31780	0	31780	1	31780	5329,9
31790	4620	31790	53,2	31790	0	31790	1	31790	5329,9
31800	4621	31800	48,6	31800	0	31800	1	31800	5329,9
31810	4622	31810	49	31810	0	31810	1	31810	5329,9
31820	4623	31820	40,6	31820	0	31820	1	31820	5329,9
31830	4624	31830	44,9	31830	0	31830	1	31830	5329,9
31840	4625	31840	46,2	31840	0	31840	1	31840	5329,9
31850	4626	31850	38,5	31850	0	31850	1	31850	5329,9
31860	4627	31860	23,8	31860	0	31860	1	31860	5329,9
31870	4628	31870	25,1	31870	0	31870	1	31870	5329,9
31880	4629	31880	31,3	31880	0	31880	1	31880	5329,9
31890	4630	31890	39,1	31890	0	31890	1	31890	5329,9
31900	4631	31900	42,7	31900	0	31900	1	31900	5329,9
31910	4632	31910	45,6	31910	0	31910	1	31910	5329,9
31920	4633	31920	42,8	31920	0	31920	1	31920	5329,9
31930	4634	31930	60,7	31930	0	31930	1	31930	5329,9
31940	4635	31940	47,3	31940	0	31940	1	31940	5329,9
31950	4636	31950	46,7	31950	0	31950	1	31950	5329,9
31960	4637	31960	47,1	31960	0	31960	1	31960	5329,9
31970	4638	31970	39,7	31970	0	31970	1	31970	5329,9
31980	4639	31980	41,8	31980	0	31980	1	31980	5329,9
31990	4640	31990	46,5	31990	0	31990	1	31990	5329,9
32000	4641	32000	32,9	32000	0	32000	1	32000	5329,9
32010	4642	32010	39,7	32010	0	32010	1	32010	5329,9
32020	4643	32020	25,8	32020	0	32020	1	32020	5329,9
32030	4644	32030	30,4	32030	0	32030	1	32030	5329,9
32040	4645	32040	33,2	32040	0	32040	1	32040	5329,9
32050	4646	32050	29,2	32050	0	32050	1	32050	5329,9
32060	4647	32060	49,7	32060	0	32060	1	32060	5329,9
32070	4648	32070	39,2	32070	0	32070	1	32070	5329,9
32080	4649	32080	44,4	32080	0	32080	1	32080	5329,9
32090	4650	32090	42,8	32090	0	32090	1	32090	5329,9
32100	4651	32100	43,3	32100	0	32100	1	32100	5329,9
32110	4652	32110	44,7	32110	0	32110	1	32110	5329,9
32120	4653	32120	42,7	32120	0	32120	1	32120	5329,9
32130	4654	32130	41,8	32130	0	32130	1	32130	5329,9
32140	4655	32140	45,2	32140	0	32140	1	32140	5329,9
32150	4656	32150	53,7	32150	0	32150	1	32150	5329,9
32160	4657	32160	45,3	32160	0	32160	1	32160	5329,9
32170	4658	32170	40,9	32170	0	32170	1	32170	5329,9
32180	4659	32180	49,1	32180	0	32180	1	32180	5329,9
32190	4660	32190	48,3	32190	0	32190	1	32190	5329,9
32200	4661	32200	42,1	32200	0	32200	1	32200	5329,9
32210	4662	32210	44,2	32210	0	32210	1	32210	5329,9
32220	4663	32220	52,4	32220	0	32220	1	32220	5329,9
32230	4664	32230	45,1	32230	0	32230	1	32230	5329,9
32240	4665	32240	42,2	32240	0	32240	1	32240	5329,9
32250	4666	32250	38,6	32250	0	32250	1	32250	5329,9
32260	4667	32260	45,4	32260	0	32260	1	32260	5329,9
32270	4668	32270	42,7	32270	0	32270	1	32270	5329,9
32280	4669	32280	45,5	32280	0	32280	1	32280	5329,9
32290	4670	32290	41,1	32290	0	32290	1	32290	5329,9
32300	4671	32300	40,4	32300	0	32300	1	32300	5329,9
32310	4672	32310	40,5	32310	0	32310	1	32310	5329,9
32320	4673	32320	44,2	32320	0	32320	1	32320	5329,9
32330	4674	32330	47	32330	0	32330	1	32330	5329,9
32340	4675	32340	45,6	32340	0	32340	1	32340	5329,9
32350	4676	32350	54	32350	0	32350	1	32350	5329,9
32360	4677	32360	43,1	32360	0	32360	1	32360	5329,9
32370	4678	32370	45,5	32370	0	32370	1	32370	5329,9
32380	4679	32380	46,5	32380	0	32380	1	32380	5329,9
32390	4680	32390	49,4	32390	0	32390	1	32390	5329,9
32400	4681	32400	43,8	32400	0	32400	1	32400	5329,9
32410	4682	32410	37,7	32410	0	32410	1	32410	5329,9
32420	4683	32420	51,4	32420	0	32420	1	32420	5329,9
32430	4684	32430	55,8	32430	0	32430	1	32430	5329,9
32440	4685	32440	42,2	32440	0	32440	1	32440	5329,9
32450	4686	32450	41,1	32450	0	32450	1	32450	5329,9
32460	4687	32460	46,7	32460	0	32460	1	32460	5329,9
32470	4688	32470	65,7	32470	0	32470	1	32470	5329,9
32480	4689	32480	40,6	32480	0	32480	1	32480	5329,9
32490	4690	32490	55,7	32490	0	32490	1	32490	5329,9
32500	4691	32500	39,7	32500	0	32500	1	32500	5329,9
32510	4692	32510	55,1	32510	0	32510	1	32510	5329,9
32520	4693	32520	37,1	32520	0	32520	1	32520	5329,9
32530	4694	32530	40,9	32530	0	32530	1	32530	5329,9
32540	4695	32540	46,7	32540	0	32540	1	32540	5329,9
32550	4696	32550	44	32550	0	32550	1	32550	5329,9
32560	4697	32560	42,8	32560	0	32560	1	32560	5329,9
32570	4698	32570	40,4	32570	0	32570	1	32570	5329,9
32580	4699	32580	39	32580	0	32580	1	32580	5329,9
32590	4700	32590	44,6	32590	0	32590	3	32590	5329,9
32600	4701	32600	78,7	32600	0	32600	1	32600	5329,9
32610	4702	32610	43,4	32610	0	32610	1	32610	5329,9
32620	4703	32620	46,2	32620	0	32620	1	32620	5329,9
32630	4704	32630	40,3	32630	0	32630	1	32630	5329,9
32640	4705	32640	40,3	32640	0	32640	1	32640	5329,9
32650	4706	32650	46,2	32650	0	32650	1	32650	5329,9
32660	4707	32660	40,4	32660	0	32660	1	32660	5329,9
32670	4708	32670	43,2	32670	0	32670	1	32670	5329,9
32680	4709	32680	50,1	32680	0	32680	1	32680	5329,9
32690	4710	32690	43,4	32690	0	32690	1	32690	5329,9
32700	4711	32700	52,3	32700	0	32700	1	32700	5329,9
32710	4712	32710	43,3	32710	0	32710	3	32710	5329,9
32720	4713	32720	65,5	32720	0	32720	1	32720	5329,9
32730	4714	32730	42	32730	0	32730	1	32730	5329,9
32740	4715	32740	41,5	32740	0	32740	1	32740	5329,9
32750	4716	32750	36,1	32750	0	32750	1	32750	5329,9
32760	4717	32760	52,6	32760	0	32760	1	32760	5329,9
32770	4718	32770	50,3	32770	0	32770	1	32770	5329,9
32780	4719	32780	48,6	32780	0	32780	1	32780	5329,9
32790	4720	32790	50,4	32790	0	32790	1	32790	5329,9
32800	4721	32800	48,2	32800	0	32800	1	32800	5329,9
32810	4722	32810	51	32810	0	32810	1	32810	5329,9
32820	4723	32820	52,3	32820	0	32820	1	32820	5329,9
32830	4724	32830	51	32830	0	32830	1	32830	5329,9
32840	4725	32840	53,4	32840	0	32840	1	32840	5329,9
32850	4726	32850	45,4	32850	0	32850	1	32850	5329,9
32860	4727	32860	42,8	32860	0	32860	1	32860	5329,9
32870	4728	32870	47,9	32870	0	32870	1	32870	5329,9
32880	4729	32880	46,2	32880	0	32880	1	32880	5329,9
32890	4730	32890	44,3	32890	0	32890	1	32890	5329,9
32900	4731	32900	45,7	32900	0	32900	1	32900	5329,9
32910	4732	32910	33,2	32910	0	32910	1	32910	5329,9
32920	4733	32920	61,8	32920	0	32920	1	32920	5329,9
32930	4734	32930	49,2	32930	0	32930	1	32930	5329,9
32940	4735	32940	52,3	32940	0	32940	1	32940	5329,9
32950	4736	32950	41,2	32950	0	32950	1	32950	5329,9
32960	4737	32960	42,9	32960	0	32960	1	32960	5329,9
32970	4738	32970	43,2	32970	0	32970	1	32970	5329,9
32980	4739	32980	42,5	32980	0	32980	1	32980	5329,9
32990	4740	32990	41,6	32990	0	32990	1	32990	5329,9
33000	4741	33000	40,1	33000	0	33000	1	33000	5329,9
33010	4742	33010	42,7	33010	0	33010	1	33010	5329,9
33020	4743	33020	45,4	33020	0	33020	1	33020	5329,9
33030	4744	33030	46,7	33030	0	33030	1	33030	5329,9
33040	4745	33040	46,6	33040	0	33040	1	33040	5329,9
33050	4746	33050	39,7	33050	0	33050	1	33050	5329,9
33060	4747	33060	39,7	33060	0	33060	1	33060	5329,9
33070	4748	33070	40,8	33070	0	33070	1	33070	5329,9
33080	4749	33080	50,2	33080	0	33080	1	33080	5329,9
33090	4750	33090	46,6	33090	0	33090	1	33090	5329,9
33100	4751	33100	43,9	33100	0	33100	1	33100	5329,9
33110	4752	33110	44,1	33110	0	33110	1	33110	5329,9
33120	4753	33120	46,7	33120	0	33120	1	33120	5329,9
33130	4754	33130	48,2	33130	0	33130	1	33130	5329,9
33140	4755	33140	52,4	33140	0	33140	1	33140	5329,9
33150	4756	33150	55,8	33150	0	33150	1	33150	5329,9
33160	4757	33160	56,9	33160	0	33160	1	33160	5329,9
33170	4758	33170	53,2	33170	0	33170	1	33170	5329,9
33180	4759	33180	59,2	33180	0	33180	1	33180	5329,9
33190	4760	33190	44,8	33190	0	33190	1	33190	5329,9
33200	4761	33200	55,2	33200	0	33200	1	33200	5329,9
33210	4762	33210	63	33210	0	33210	1	33210	5329,9
33220	4763	33220	39,6	33220	0	33220	1	33220	5329,9
33230	4764	33230	39,1	33230	0	33230	1	33230	5329,9
33240	4765	33240	43	33240	0	33240	1	33240	5329,9
33250	4766	33250	38,1	33250	0	33250	1	33250	5329,9
33260	4767	33260	44,8	33260	0	33260	1	33260	5329,9
33270	4768	33270	33,8	33270	0	33270	1	33270	5329,9
33280	4769	33280	26,1	33280	0	33280	1	33280	5329,9
33290	4770	33290	38,7	33290	0	33290	1	33290	5329,9
33300	4771	33300	38,4	33300	0	33300	1	33300	5329,9
33310	4772	33310	39,5	33310	0	33310	1	33310	5329,9
33320	4773	33320	40,7	33320	0	33320	1	33320	5329,9
33330	4774	33330	39,4	33330	0	33330	1	33330	5329,9
33340	4775	33340	31,5	33340	0	33340	1	33340	5329,9
33350	4776	33350	31,4	33350	0	33350	1	33350	5329,9
33360	4777	33360	40,2	33360	0	33360	1	33360	5329,9
33370	4778	33370	31,4	33370	0	33370	1	33370	5329,9
33380	4779	33380	21,6	33380	0	33380	1	33380	5329,9
33390	4780	33390	38,1	33390	0	33390	1	33390	5329,9
33400	4781	33400	25,5	33400	0	33400	1	33400	5329,9
33410	4782	33410	30,9	33410	0	33410	1	33410	5329,9
33420	4783	33420	44,5	33420	0	33420	1	33420	5329,9
33430	4784	33430	41	33430	0	33430	1	33430	5329,9
33440	4785	33440	51,1	33440	0	33440	1	33440	5329,9
33450	4786	33450	41,2	33450	0	33450	1	33450	5329,9
33460	4787	33460	46,7	33460	0	33460	1	33460	5329,9
33470	4788	33470	45	33470	0	33470	1	33470	5329,9
33480	4789	33480	39	33480	0	33480	1	33480	5329,9
33490	4790	33490	35,8	33490	0	33490	1	33490	5329,9
33500	4791	33500	43,7	33500	0	33500	1	33500	5329,9
33510	4792	33510	42,7	33510	0	33510	1	33510	5329,9
33520	4793	33520	47,4	33520	0	33520	1	33520	5329,9
33530	4794	33530	37,8	33530	0	33530	1	33530	5329,9
33540	4795	33540	38,2	33540	0	33540	1	33540	5329,9
33550	4796	33550	39,1	33550	0	33550	1	33550	5329,9
33560	4797	33560	38,5	33560	0	33560	1	33560	5329,9
33570	4798	33570	37,8	33570	0	33570	1	33570	5329,9
33580	4799	33580	19,6	33580	0	33580	1	33580	5329,9
33590	4800	33590	39,3	33590	0	33590	3	33590	5329,9
33600	4801	33600	64,7	33600	0	33600	1	33600	5329,9
33610	4802	33610	45	33610	0	33610	1	33610	5329,9
33620	4803	33620	45,2	33620	0	33620	1	33620	5329,9
33630	4804	33630	27,9	33630	0	33630	1	33630	5329,9
33640	4805	33640	47,3	33640	0	33640	1	33640	5329,9
33650	4806	33650	42	33650	0	33650	1	33650	5329,9
33660	4807	33660	25,9	33660	0	33660	1	33660	5329,9
33670	4808	33670	25,6	33670	0	33670	1	33670	5329,9
33680	4809	33680	27,4	33680	0	33680	1	33680	5329,9
33690	4810	33690	42,1	33690	0	33690	1	33690	5329,9
33700	4811	33700	22,6	33700	0	33700	1	33700	5329,9
33710	4812	33710	73,5	33710	0	33710	1	33710	5329,9
33720	4813	33720	34,3	33720	0	33720	1	33720	5329,9
33730	4814	33730	28,6	33730	0	33730	1	33730	5329,9
33740	4815	33740	21,9	33740	0	33740	1	33740	5329,9
33750	4816	33750	24,5	33750	0	33750	1	33750	5329,9
33760	4817	33760	20,1	33760	0	33760	1	33760	5329,9
33770	4818	33770	36,9	33770	0	33770	1	33770	5329,9
33780	4819	33780	22,4	33780	0	33780	1	33780	5329,9
33790	4820	33790	47,7	33790	0	33790	1	33790	5329,9
33800	4821	33800	27,3	33800	0	33800	1	33800	5329,9
33810	4822	33810	33,7	33810	0	33810	1	33810	5329,9
33820	4823	33820	44,2	33820	0	33820	1	33820	5329,9
33830	4824	33830	23,1	33830	0	33830	1	33830	5329,9
33840	4825	33840	22,1	33840	0	33840	1	33840	5329,9
33850	4826	33850	37,6	33850	0	33850	1	33850	5329,9
33860	4827	33860	22	33860	0	33860	1	33860	5329,9
33870	4828	33870	37,4	33870	0	33870	1	33870	5329,9
33880	4829	33880	35,4	33880	0	33880	1	33880	5329,9
33890	4830	33890	38,3	33890	0	33890	1	33890	5329,9
33900	4831	33900	44,2	33900	0	33900	1	33900	5329,9
33910	4832	33910	21,2	33910	0	33910	1	33910	5329,9
33920	4833	33920	36,9	33920	0	33920	1	33920	5329,9
33930	4834	33930	42,9	33930	0	33930	1	33930	5329,9
33940	4835	33940	30,9	33940	0	33940	1	33940	5329,9
33950	4836	33950	34,3	33950	0	33950	1	33950	5329,9
33960	4837	33960	28,2	33960	0	33960	1	33960	5329,9
33970	4838	33970	40,3	33970	0	33970	1	33970	5329,9
33980	4839	33980	42,2	33980	0	33980	1	33980	5329,9
33990	4840	33990	43,4	33990	0	33990	1	33990	5329,9
34000	4841	34000	26,3	34000	0	34000	1	34000	5329,9
34010	4842	34010	29,4	34010	0	34010	1	34010	5329,9
34020	4843	34020	50,4	34020	0	34020	1	34020	5329,9
34030	4844	34030	28,3	34030	0	34030	1	34030	5329,9
34040	4845	34040	44,3	34040	0	34040	1	34040	5329,9
34050	4846	34050	49	34050	0	34050	1	34050	5329,9
34060	4847	34060	41,2	34060	0	34060	1	34060	5329,9
34070	4848	34070	41,3	34070	0	34070	1	34070	5329,9
34080	4849	34080	20	34080	0	34080	1	34080	5329,9
34090	4850	34090	43,8	34090	0	34090	1	34090	5329,9
34100	4851	34100	46,1	34100	0	34100	1	34100	5329,9
34110	4852	34110	35,8	34110	0	34110	1	34110	5329,9
34120	4853	34120	44,2	34120	0	34120	1	34120	5329,9
34130	4854	34130	47,4	34130	0	34130	1	34130	5329,9
34140	4855	34140	45,6	34140	0	34140	1	34140	5329,9
34150	4856	34150	35,1	34150	0	34150	1	34150	5329,9
34160	4857	34160	21,5	34160	0	34160	1	34160	5329,9
34170	4858	34170	45,4	34170	0	34170	1	34170	5329,9
34180	4859	34180	35,6	34180	0	34180	1	34180	5329,9
34190	4860	34190	37,9	34190	0	34190	1	34190	5329,9
34200	4861	34200	27,7	34200	0	34200	1	34200	5329,9
34210	4862	34210	32,8	34210	0	34210	1	34210	5329,9
34220	4863	34220	32,5	34220	0	34220	1	34220	5329,9
34230	4864	34230	24,7	34230	0	34230	1	34230	5329,9
34240	4865	34240	22,7	34240	0	34240	1	34240	5329,9
34250	4866	34250	20,3	34250	0	34250	1	34250	5329,9
34260	4867	34260	23	34260	0	34260	1	34260	5329,9
34270	4868	34270	28,4	34270	0	34270	1	34270	5329,9
34280	4869	34280	37,2	34280	0	34280	1	34280	5329,9
34290	4870	34290	38,8	34290	0	34290	1	34290	5329,9
34300	4871	34300	33,5	34300	0	34300	1	34300	5329,9
34310	4872	34310	26,5	34310	0	34310	1	34310	5329,9
34320	4873	34320	28,2	34320	0	34320	1	34320	5329,9
34330	4874	34330	21,3	34330	0	34330	1	34330	5329,9
34340	4875	34340	45,7	34340	0	34340	1	34340	5329,9
34350	4876	34350	22,7	34350	0	34350	1	34350	5329,9
34360	4877	34360	44,3	34360	0	34360	1	34360	5329,9
34370	4878	34370	31,9	34370	0	34370	1	34370	5329,9
34380	4879	34380	28,9	34380	0	34380	1	34380	5329,9
34390	4880	34390	37,7	34390	0	34390	1	34390	5329,9
34400	4881	34400	43	34400	0	34400	1	34400	5329,9
34410	4882	34410	25,6	34410	0	34410	1	34410	5329,9
34420	4883	34420	50,9	34420	0	34420	1	34420	5329,9
34430	4884	34430	38,4	34430	0	34430	1	34430	5329,9
34440	4885	34440	28	34440	0	34440	1	34440	5329,9
34450	4886	34450	42,4	34450	0	34450	1	34450	5329,9
34460	4887	34460	20,2	34460	0	34460	1	34460	5329,9
34470	4888	34470	47,1	34470	0	34470	1	34470	5329,9
34480	4889	34480	43	34480	0	34480	1	34480	5329,9
34490	4890	34490	26,1	34490	0	34490	1	34490	5329,9
34500	4891	34500	44,6	34500	0	34500	1	34500	5329,9
34510	4892	34510	42,5	34510	0	34510	1	34510	5329,9
34520	4893	34520	25,6	34520	0	34520	1	34520	5329,9
34530	4894	34530	46,9	34530	0	34530	1	34530	5329,9
34540	4895	34540	38,1	34540	0	34540	1	34540	5329,9
34550	4896	34550	43,4	34550	0	34550	1	34550	5329,9
34560	4897	34560	38	34560	0	34560	1	34560	5329,9
34570	4898	34570	45	34570	0	34570	1	34570	5329,9
34580	4899	34580	40,7	34580	0	34580	1	34580	5329,9
34590	4900	34590	40,2	34590	0	34590	3	34590	5329,9
34600	4901	34600	42,2	34600	0	34600	1	34600	5329,9
34610	4902	34610	42,4	34610	0	34610	1	34610	5329,9
34620	4903	34620	43,1	34620	0	34620	1	34620	5329,9
34630	4904	34630	27	34630	0	34630	1	34630	5329,9
34640	4905	34640	43,4	34640	0	34640	1	34640	5329,9
34650	4906	34650	26,8	34650	0	34650	1	34650	5329,9
34660	4907	34660	37,6	34660	0	34660	1	34660	5329,9
34670	4908	34670	19,3	34670	0	34670	1	34670	5329,9
34680	4909	34680	22,5	34680	0	34680	1	34680	5329,9
34690	4910	34690	40,8	34690	0	34690	1	34690	5329,9
34700	4911	34700	42,7	34700	0	34700	1	34700	5329,9
34710	4912	34710	33,6	34710	0	34710	1	34710	5329,9
34720	4913	34720	33,1	34720	0	34720	1	34720	5329,9
34730	4914	34730	45,9	34730	0	34730	1	34730	5329,9
34740	4915	34740	35,4	34740	0	34740	1	34740	5329,9
34750	4916	34750	43,4	34750	0	34750	1	34750	5329,9
34760	4917	34760	20,9	34760	0	34760	1	34760	5329,9
34770	4918	34770	35,8	34770	0	34770	1	34770	5329,9
34780	4919	34780	38,9	34780	0	34780	1	34780	5329,9
34790	4920	34790	35,1	34790	0	34790	1	34790	5329,9
34800	4921	34800	26,6	34800	0	34800	1	34800	5329,9
34810	4922	34810	34,4	34810	0	34810	1	34810	5329,9
34820	4923	34820	18,7	34820	0	34820	1	34820	5329,9
34830	4924	34830	22,3	34830	0	34830	1	34830	5329,9
34840	4925	34840	35,8	34840	0	34840	1	34840	5329,9
34850	4926	34850	35,1	34850	0	34850	1	34850	5329,9
34860	4927	34860	33,9	34860	0	34860	1	34860	5329,9
34870	4928	34870	18,5	34870	0	34870	1	34870	5329,9
34880	4929	34880	34,7	34880	0	34880	1	34880	5329,9
34890	4930	34890	39,4	34890	0	34890	1	34890	5329,9
34900	4931	34900	20,1	34900	0	34900	1	34900	5329,9
34910	4932	34910	24,4	34910	0	34910	1	34910	5329,9
34920	4933	34920	31,9	34920	0	34920	1	34920	5329,9
34930	4934	34930	24,2	34930	0	34930	1	34930	5329,9
34940	4935	34940	20,3	34940	0	34940	1	34940	5329,9
34950	4936	34950	36,3	34950	0	34950	1	34950	5329,9
34960	4937	34960	41,1	34960	0	34960	1	34960	5329,9
34970	4938	34970	19,4	34970	0	34970	1	34970	5329,9
34980	4939	34980	22,8	34980	0	34980	1	34980	5329,9
34990	4940	34990	41	34990	0	34990	1	34990	5329,9
35000	4941	35000	23	35000	0	35000	1	35000	5329,9
35010	4942	35010	20	35010	0	35010	1	35010	5329,9
35020	4943	35020	39,1	35020	0	35020	1	35020	5329,9
35030	4944	35030	39,8	35030	0	35030	1	35030	5329,9
35040	4945	35040	39,6	35040	0	35040	1	35040	5329,9
35050	4946	35050	44,9	35050	0	35050	1	35050	5329,9
35060	4947	35060	40,9	35060	0	35060	1	35060	5329,9
35070	4948	35070	47,8	35070	0	35070	1	35070	5329,9
35080	4949	35080	37	35080	0	35080	1	35080	5329,9
35090	4950	35090	36,5	35090	0	35090	1	35090	5329,9
35100	4951	35100	35,1	35100	0	35100	1	35100	5329,9
35110	4952	35110	21,3	35110	0	35110	1	35110	5329,9
35120	4953	35120	44,5	35120	0	35120	1	35120	5329,9
35130	4954	35130	21,2	35130	0	35130	1	35130	5329,9
35140	4955	35140	49,5	35140	0	35140	1	35140	5329,9
35150	4956	35150	40,5	35150	0	35150	1	35150	5329,9
35160	4957	35160	21,9	35160	0	35160	1	35160	5329,9
35170	4958	35170	23,6	35170	0	35170	1	35170	5329,9
35180	4959	35180	34,3	35180	0	35180	1	35180	5329,9
35190	4960	35190	80,2	35190	0	35190	1	35190	5329,9
35200	4961	35200	20	35200	0	35200	1	35200	5329,9
35210	4962	35210	40,6	35210	0	35210	1	35210	5329,9
35220	4963	35220	38,4	35220	0	35220	1	35220	5329,9
35230	4964	35230	22,5	35230	0	35230	1	35230	5329,9
35240	4965	35240	24	35240	0	35240	1	35240	5329,9
35250	4966	35250	29,8	35250	0	35250	1	35250	5329,9
35260	4967	35260	44,2	35260	0	35260	1	35260	5329,9
35270	4968	35270	40,9	35270	0	35270	1	35270	5329,9
35280	4969	35280	23,7	35280	0	35280	1	35280	5329,9
35290	4970	35290	49	35290	0	35290	1	35290	5329,9
35300	4971	35300	32,1	35300	0	35300	1	35300	5329,9
35310	4972	35310	38	35310	0	35310	1	35310	5329,9
35320	4973	35320	43	35320	0	35320	1	35320	5329,9
35330	4974	35330	38,4	35330	0	35330	1	35330	5329,9
35340	4975	35340	37,4	35340	0	35340	1	35340	5329,9
35350	4976	35350	22,1	35350	0	35350	1	35350	5329,9
35360	4977	35360	35,9	35360	0	35360	1	35360	5329,9
35370	4978	35370	40,7	35370	0	35370	1	35370	5329,9
35380	4979	35380	40,4	35380	0	35380	1	35380	5329,9
35390	4980	35390	31,4	35390	0	35390	1	35390	5329,9
35400	4981	35400	23,8	35400	0	35400	1	35400	5329,9
35410	4982	35410	24,3	35410	0	35410	1	35410	5329,9
35420	4983	35420	24,1	35420	0	35420	1	35420	5329,9
35430	4984	35430	25,8	35430	0	35430	1	35430	5329,9
35440	4985	35440	23,8	35440	0	35440	1	35440	5329,9
35450	4986	35450	25,3	35450	0	35450	1	35450	5329,9
35460	4987	35460	23,9	35460	0	35460	1	35460	5329,9
35470	4988	35470	24,7	35470	0	35470	1	35470	5329,9
35480	4989	35480	22,7	35480	0	35480	1	35480	5329,9
35490	4990	35490	22,6	35490	0	35490	1	35490	5329,9
35500	4991	35500	41,1	35500	0	35500	1	35500	5329,9
35510	4992	35510	39,3	35510	0	35510	1	35510	5329,9
35520	4993	35520	21,3	35520	0	35520	1	35520	5329,9
35530	4994	35530	39,8	35530	0	35530	1	35530	5329,9
35540	4995	35540	42,8	35540	0	35540	1	35540	5329,9
35550	4996	35550	52,3	35550	0	35550	1	35550	5329,9
35560	4997	35560	54	35560	0	35560	1	35560	5329,9
35570	4998	35570	48,5	35570	0	35570	1	35570	5329,9
35580	4999	35580	50,5	35580	0	35580	1	35580	5329,9
35590	5000	35590	44,5	35590	0	35590	3	35590	5329,9
35600	5001	35600	64,3	35600	0	35600	1	35600	5329,9
35610	5002	35610	39,8	35610	0	35610	1	35610	5329,9
35620	5003	35620	40,7	35620	0	35620	1	35620	5329,9
35630	5004	35630	43,9	35630	0	35630	1	35630	5329,9
35640	5005	35640	37,8	35640	0	35640	1	35640	5329,9
35650	5006	35650	36,8	35650	0	35650	1	35650	5329,9
35660	5007	35660	41,6	35660	0	35660	1	35660	5329,9
35670	5008	35670	41	35670	0	35670	3	35670	5329,9
35680	5009	35680	56,6	35680	0	35680	1	35680	5329,9
35690	5010	35690	43,8	35690	0	35690	1	35690	5329,9
35700	5011	35700	42,6	35700	0	35700	1	35700	5329,9
35710	5012	35710	40,9	35710	0	35710	1	35710	5329,9
35720	5013	35720	33,5	35720	0	35720	3	35720	5329,9
35730	5014	35730	55,8	35730	0	35730	1	35730	5329,9
35740	5015	35740	41,1	35740	0	35740	1	35740	5329,9
35750	5016	35750	44,4	35750	0	35750	1	35750	5329,9
35760	5017	35760	40	35760	0	35760	1	35760	5329,9
35770	5018	35770	43,5	35770	0	35770	1	35770	5329,9
35780	5019	35780	42,1	35780	0	35780	1	35780	5329,9
35790	5020	35790	42,6	35790	0	35790	1	35790	5329,9
35800	5021	35800	40,6	35800	0	35800	1	35800	5329,9
35810	5022	35810	49	35810	0	35810	1	35810	5329,9
35820	5023	35820	49	35820	0	35820	1	35820	5329,9
35830	5024	35830	42,4	35830	0	35830	1	35830	5329,9
35840	5025	35840	56,6	35840	0	35840	1	35840	5329,9
35850	5026	35850	42,5	35850	0	35850	1	35850	5329,9
35860	5027	35860	45	35860	0	35860	1	35860	5329,9
35870	5028	35870	40,6	35870	0	35870	1	35870	5329,9
35880	5029	35880	43,3	35880	0	35880	1	35880	5329,9
35890	5030	35890	48,6	35890	0	35890	1	35890	5329,9
35900	5031	35900	43,2	35900	0	35900	1	35900	5329,9
35910	5032	35910	39,9	35910	0	35910	1	35910	5329,9
35920	5033	35920	40	35920	0	35920	1	35920	5329,9
35930	5034	35930	43	35930	0	35930	1	35930	5329,9
35940	5035	35940	40,5	35940	0	35940	1	35940	5329,9
35950	5036	35950	37	35950	0	35950	1	35950	5329,9
35960	5037	35960	47	35960	0	35960	1	35960	5329,9
35970	5038	35970	41,7	35970	0	35970	1	35970	5329,9
35980	5039	35980	43,2	35980	0	35980	1	35980	5329,9
35990	5040	35990	40,9	35990	0	35990	1	35990	5329,9
36000	5041	36000	45,4	36000	0	36000	1	36000	5329,9
36010	5042	36010	42,3	36010	0	36010	1	36010	5329,9
36020	5043	36020	41,9	36020	0	36020	1	36020	5329,9
36030	5044	36030	39,9	36030	0	36030	1	36030	5329,9
36040	5045	36040	40,9	36040	0	36040	1	36040	5329,9
36050	5046	36050	46,6	36050	0	36050	1	36050	5329,9
36060	5047	36060	46,6	36060	0	36060	1	36060	5329,9
36070	5048	36070	44,3	36070	0	36070	1	36070	5329,9
36080	5049	36080	43,1	36080	0	36080	1	36080	5329,9
36090	5050	36090	43,7	36090	0	36090	1	36090	5329,9
36100	5051	36100	41,4	36100	0	36100	1	36100	5329,9
36110	5052	36110	44,4	36110	0	36110	1	36110	5329,9
36120	5053	36120	48,9	36120	0	36120	1	36120	5329,9
36130	5054	36130	47,7	36130	0	36130	1	36130	5329,9
36140	5055	36140	46	36140	0	36140	1	36140	5329,9
36150	5056	36150	40,2	36150	0	36150	1	36150	5329,9
36160	5057	36160	26,7	36160	0	36160	1	36160	5329,9
36170	5058	36170	59	36170	0	36170	1	36170	5329,9
36180	5059	36180	40,8	36180	0	36180	1	36180	5329,9
36190	5060	36190	53,2	36190	0	36190	1	36190	5329,9
36200	5061	36200	43,1	36200	0	36200	1	36200	5329,9
36210	5062	36210	47	36210	0	36210	1	36210	5329,9
36220	5063	36220	45,7	36220	0	36220	1	36220	5329,9
36230	5064	36230	42,2	36230	0	36230	1	36230	5329,9
36240	5065	36240	33,3	36240	0	36240	1	36240	5329,9
36250	5066	36250	40,5	36250	0	36250	1	36250	5329,9
36260	5067	36260	52,1	36260	0	36260	1	36260	5329,9
36270	5068	36270	30,5	36270	0	36270	1	36270	5329,9
36280	5069	36280	39,8	36280	0	36280	1	36280	5329,9
36290	5070	36290	41,7	36290	0	36290	1	36290	5329,9
36300	5071	36300	43	36300	0	36300	1	36300	5329,9
36310	5072	36310	44,5	36310	0	36310	1	36310	5329,9
36320	5073	36320	48,7	36320	0	36320	1	36320	5329,9
36330	5074	36330	39,4	36330	0	36330	1	36330	5329,9
36340	5075	36340	43,5	36340	0	36340	1	36340	5329,9
36350	5076	36350	37,5	36350	0	36350	1	36350	5329,9
36360	5077	36360	41,2	36360	0	36360	1	36360	5329,9
36370	5078	36370	43,8	36370	0	36370	1	36370	5329,9
36380	5079	36380	71,8	36380	0	36380	1	36380	5329,9
36390	5080	36390	39,3	36390	0	36390	1	36390	5329,9
36400	5081	36400	39,9	36400	0	36400	1	36400	5329,9
36410	5082	36410	47,1	36410	0	36410	1	36410	5329,9
36420	5083	36420	25,3	36420	0	36420	1	36420	5329,9
36430	5084	36430	47,3	36430	0	36430	1	36430	5329,9
36440	5085	36440	43,8	36440	0	36440	1	36440	5329,9
36450	5086	36450	44,7	36450	0	36450	1	36450	5329,9
36460	5087	36460	41,7	36460	0	36460	1	36460	5329,9
36470	5088	36470	39,6	36470	0	36470	1	36470	5329,9
36480	5089	36480	40,1	36480	0	36480	1	36480	5329,9
36490	5090	36490	43,9	36490	0	36490	1	36490	5329,9
36500	5091	36500	38,2	36500	0	36500	1	36500	5329,9
36510	5092	36510	40,8	36510	0	36510	1	36510	5329,9
36520	5093	36520	45,1	36520	0	36520	1	36520	5329,9
36530	5094	36530	46,3	36530	0	36530	1	36530	5329,9
36540	5095	36540	40,1	36540	0	36540	1	36540	5329,9
36550	5096	36550	40,6	36550	0	36550	1	36550	5329,9
36560	5097	36560	40,3	36560	0	36560	1	36560	5329,9
36570	5098	36570	39,5	36570	0	36570	1	36570	5329,9
36580	5099	36580	41,3	36580	0	36580	1	36580	5329,9
36590	5100	36590	39,7	36590	0	36590	3	36590	5329,9
36600	5101	36600	63,1	36600	0	36600	1	36600	5329,9
36610	5102	36610	39,9	36610	0	36610	1	36610	5329,9
36620	5103	36620	45,7	36620	0	36620	1	36620	5329,9
36630	5104	36630	39,6	36630	0	36630	1	36630	5329,9
36640	5105	36640	40,1	36640	0	36640	1	36640	5329,9
36650	5106	36650	42,8	36650	0	36650	1	36650	5329,9
36660	5107	36660	44,6	36660	0	36660	1	36660	5329,9
36670	5108	36670	41,5	36670	0	36670	1	36670	5329,9
36680	5109	36680	44,3	36680	0	36680	1	36680	5329,9
36690	5110	36690	43,1	36690	0	36690	1	36690	5329,9
36700	5111	36700	45,1	36700	0	36700	1	36700	5329,9
36710	5112	36710	42	36710	0	36710	1	36710	5329,9
36720	5113	36720	53,6	36720	0	36720	1	36720	5329,9
36730	5114	36730	48,5	36730	0	36730	1	36730	5329,9
36740	5115	36740	44,2	36740	0	36740	1	36740	5329,9
36750	5116	36750	52,6	36750	0	36750	1	36750	5329,9
36760	5117	36760	43	36760	0	36760	1	36760	5329,9
36770	5118	36770	40,8	36770	0	36770	1	36770	5329,9
36780	5119	36780	43,4	36780	0	36780	1	36780	5329,9
36790	5120	36790	44,2	36790	0	36790	1	36790	5329,9
36800	5121	36800	42,5	36800	0	36800	1	36800	5329,9
36810	5122	36810	40,5	36810	0	36810	1	36810	5329,9
36820	5123	36820	40,3	36820	0	36820	1	36820	5329,9
36830	5124	36830	44,7	36830	0	36830	1	36830	5329,9
36840	5125	36840	50,2	36840	0	36840	1	36840	5329,9
36850	5126	36850	45,5	36850	0	36850	1	36850	5329,9
36860	5127	36860	52	36860	0	36860	1	36860	5329,9
36870	5128	36870	43,7	36870	0	36870	1	36870	5329,9
36880	5129	36880	44,6	36880	0	36880	1	36880	5329,9
36890	5130	36890	41,1	36890	0	36890	1	36890	5329,9
36900	5131	36900	42,5	36900	0	36900	1	36900	5329,9
36910	5132	36910	46,2	36910	0	36910	1	36910	5329,9
36920	5133	36920	43,4	36920	0	36920	1	36920	5329,9
36930	5134	36930	44,1	36930	0	36930	1	36930	5329,9
36940	5135	36940	47,4	36940	0	36940	1	36940	5329,9
36950	5136	36950	43,2	36950	0	36950	1	36950	5329,9
36960	5137	36960	41,6	36960	0	36960	1	36960	5329,9
36970	5138	36970	39,4	36970	0	36970	1	36970	5329,9
36980	5139	36980	40,8	36980	0	36980	1	36980	5329,9
36990	5140	36990	39,6	36990	0	36990	1	36990	5329,9
37000	5141	37000	43,7	37000	0	37000	1	37000	5329,9
37010	5142	37010	47,3	37010	0	37010	1	37010	5329,9
37020	5143	37020	35,1	37020	0	37020	1	37020	5329,9
37030	5144	37030	48,3	37030	0	37030	1	37030	5329,9
37040	5145	37040	39	37040	0	37040	1	37040	5329,9
37050	5146	37050	48,2	37050	0	37050	1	37050	5329,9
37060	5147	37060	48,8	37060	0	37060	1	37060	5329,9
37070	5148	37070	45	37070	0	37070	1	37070	5329,9
37080	5149	37080	38,7	37080	0	37080	1	37080	5329,9
37090	5150	37090	28,3	37090	0	37090	1	37090	5329,9
37100	5151	37100	49	37100	0	37100	1	37100	5329,9
37110	5152	37110	29,9	37110	0	37110	1	37110	5329,9
37120	5153	37120	43,9	37120	0	37120	1	37120	5329,9
37130	5154	37130	47,7	37130	0	37130	1	37130	5329,9
37140	5155	37140	54,9	37140	0	37140	1	37140	5329,9
37150	5156	37150	52,5	37150	0	37150	1	37150	5329,9
37160	5157	37160	37,5	37160	0	37160	1	37160	5329,9
37170	5158	37170	39,1	37170	0	37170	1	37170	5329,9
37180	5159	37180	40	37180	0	37180	1	37180	5329,9
37190	5160	37190	49,7	37190	0	37190	1	37190	5329,9
37200	5161	37200	40	37200	0	37200	1	37200	5329,9
37210	5162	37210	38,1	37210	0	37210	1	37210	5329,9
37220	5163	37220	41,9	37220	0	37220	1	37220	5329,9
37230	5164	37230	48,5	37230	0	37230	1	37230	5329,9
37240	5165	37240	41,9	37240	0	37240	1	37240	5329,9
37250	5166	37250	42,4	37250	0	37250	1	37250	5329,9
37260	5167	37260	51,7	37260	0	37260	1	37260	5329,9
37270	5168	37270	44,3	37270	0	37270	1	37270	5329,9
37280	5169	37280	49,1	37280	0	37280	1	37280	5329,9
37290	5170	37290	53,8	37290	0	37290	1	37290	5329,9
37300	5171	37300	42,5	37300	0	37300	1	37300	5329,9
37310	5172	37310	43,8	37310	0	37310	1	37310	5329,9
37320	5173	37320	43,6	37320	0	37320	1	37320	5329,9
37330	5174	37330	48,6	37330	0	37330	1	37330	5329,9
37340	5175	37340	48,5	37340	0	37340	1	37340	5329,9
37350	5176	37350	40,7	37350	0	37350	1	37350	5329,9
37360	5177	37360	45,1	37360	0	37360	1	37360	5329,9
37370	5178	37370	39,7	37370	0	37370	1	37370	5329,9
37380	5179	37380	43,3	37380	0	37380	1	37380	5329,9
37390	5180	37390	44,4	37390	0	37390	1	37390	5329,9
37400	5181	37400	47,7	37400	0	37400	1	37400	5329,9
37410	5182	37410	54	37410	0	37410	1	37410	5329,9
37420	5183	37420	48	37420	0	37420	1	37420	5329,9
37430	5184	37430	47,5	37430	0	37430	1	37430	5329,9
37440	5185	37440	54,4	37440	0	37440	1	37440	5329,9
37450	5186	37450	50,3	37450	0	37450	1	37450	5329,9
37460	5187	37460	75	37460	0	37460	1	37460	5329,9
37470	5188	37470	38,5	37470	0	37470	1	37470	5329,9
37480	5189	37480	28,1	37480	0	37480	1	37480	5329,9
37490	5190	37490	37,6	37490	0	37490	1	37490	5329,9
37500	5191	37500	40,6	37500	0	37500	1	37500	5329,9
37510	5192	37510	27,5	37510	0	37510	1	37510	5329,9
37520	5193	37520	53,9	37520	0	37520	1	37520	5329,9
37530	5194	37530	53,1	37530	0	37530	1	37530	5329,9
37540	5195	37540	47,1	37540	0	37540	1	37540	5329,9
37550	5196	37550	43,4	37550	0	37550	1	37550	5329,9
37560	5197	37560	38,5	37560	0	37560	1	37560	5329,9
37570	5198	37570	45	37570	0	37570	1	37570	5329,9
37580	5199	37580	35,1	37580	0	37580	1	37580	5329,9
37590	5200	37590	46,3	37590	0	37590	3	37590	5329,9
37600	5201	37600	78,4	37600	0	37600	1	37600	5329,9
37610	5202	37610	40,8	37610	0	37610	1	37610	5329,9
37620	5203	37620	32,5	37620	0	37620	1	37620	5329,9
37630	5204	37630	48,9	37630	0	37630	1	37630	5329,9
37640	5205	37640	52,8	37640	0	37640	1	37640	5329,9
37650	5206	37650	54,4	37650	0	37650	1	37650	5329,9
37660	5207	37660	31	37660	0	37660	1	37660	5329,9
37670	5208	37670	46,4	37670	0	37670	1	37670	5329,9
37680	5209	37680	51,3	37680	0	37680	1	37680	5329,9
37690	5210	37690	48,9	37690	0	37690	1	37690	5329,9
37700	5211	37700	47,5	37700	0	37700	1	37700	5329,9
37710	5212	37710	43,2	37710	0	37710	1	37710	5329,9
37720	5213	37720	51,7	37720	0	37720	1	37720	5329,9
37730	5214	37730	50,8	37730	0	37730	1	37730	5329,9
37740	5215	37740	47,4	37740	0	37740	1	37740	5329,9
37750	5216	37750	42,6	37750	0	37750	1	37750	5329,9
37760	5217	37760	60,3	37760	0	37760	1	37760	5329,9
37770	5218	37770	44	37770	0	37770	1	37770	5329,9
37780	5219	37780	49	37780	0	37780	1	37780	5329,9
37790	5220	37790	38,2	37790	0	37790	1	37790	5329,9
37800	5221	37800	47,9	37800	0	37800	1	37800	5329,9
37810	5222	37810	41,1	37810	0	37810	1	37810	5329,9
37820	5223	37820	41,2	37820	0	37820	1	37820	5329,9
37830	5224	37830	39,4	37830	0	37830	1	37830	5329,9
37840	5225	37840	42,2	37840	0	37840	1	37840	5329,9
37850	5226	37850	41,3	37850	0	37850	1	37850	5329,9
37860	5227	37860	61,6	37860	0	37860	1	37860	5329,9
37870	5228	37870	39,8	37870	0	37870	1	37870	5329,9
37880	5229	37880	46,2	37880	0	37880	1	37880	5329,9
37890	5230	37890	42,9	37890	0	37890	1	37890	5329,9
37900	5231	37900	38,4	37900	0	37900	1	37900	5329,9
37910	5232	37910	50,6	37910	0	37910	1	37910	5329,9
37920	5233	37920	31,9	37920	0	37920	1	37920	5329,9
37930	5234	37930	55,4	37930	0	37930	1	37930	5329,9
37940	5235	37940	44,2	37940	0	37940	1	37940	5329,9
37950	5236	37950	45,5	37950	0	37950	1	37950	5329,9
37960	5237	37960	44,2	37960	0	37960	1	37960	5329,9
37970	5238	37970	43,9	37970	0	37970	1	37970	5329,9
37980	5239	37980	43,9	37980	0	37980	1	37980	5329,9
37990	5240	37990	50,8	37990	0	37990	1	37990	5329,9
38000	5241	38000	51,4	38000	0	38000	1	38000	5329,9
38010	5242	38010	46,5	38010	0	38010	1	38010	5329,9
38020	5243	38020	46,5	38020	0	38020	1	38020	5329,9
38030	5244	38030	65,7	38030	0	38030	1	38030	5329,9
38040	5245	38040	42,7	38040	0	38040	1	38040	5329,9
38050	5246	38050	39,3	38050	0	38050	1	38050	5329,9
38060	5247	38060	42	38060	0	38060	1	38060	5329,9
38070	5248	38070	41,8	38070	0	38070	1	38070	5329,9
38080	5249	38080	42,6	38080	0	38080	1	38080	5329,9
38090	5250	38090	39,9	38090	0	38090	1	38090	5329,9
38100	5251	38100	39,7	38100	0	38100	1	38100	5329,9
38110	5252	38110	39,6	38110	0	38110	1	38110	5329,9
38120	5253	38120	42,6	38120	0	38120	1	38120	5329,9
38130	5254	38130	43,1	38130	0	38130	1	38130	5329,9
38140	5255	38140	39	38140	0	38140	1	38140	5329,9
38150	5256	38150	39,6	38150	0	38150	1	38150	5329,9
38160	5257	38160	44,5	38160	0	38160	1	38160	5329,9
38170	5258	38170	44,6	38170	0	38170	1	38170	5329,9
38180	5259	38180	47,8	38180	0	38180	1	38180	5329,9
38190	5260	38190	47,7	38190	0	38190	1	38190	5329,9
38200	5261	38200	59,6	38200	0	38200	1	38200	5329,9
38210	5262	38210	27,1	38210	0	38210	1	38210	5329,9
38220	5263	38220	36	38220	0	38220	1	38220	5329,9
38230	5264	38230	29,2	38230	0	38230	1	38230	5329,9
38240	5265	38240	45,1	38240	0	38240	1	38240	5329,9
38250	5266	38250	49	38250	0	38250	1	38250	5329,9
38260	5267	38260	41,7	38260	0	38260	1	38260	5329,9
38270	5268	38270	50,9	38270	0	38270	1	38270	5329,9
38280	5269	38280	42,2	38280	0	38280	1	38280	5329,9
38290	5270	38290	47,8	38290	0	38290	1	38290	5329,9
38300	5271	38300	30,7	38300	0	38300	1	38300	5329,9
38310	5272	38310	38,7	38310	0	38310	1	38310	5329,9
38320	5273	38320	55,8	38320	0	38320	1	38320	5329,9
38330	5274	38330	62,8	38330	0	38330	1	38330	5329,9
38340	5275	38340	46,7	38340	0	38340	1	38340	5329,9
38350	5276	38350	51,3	38350	0	38350	1	38350	5329,9
38360	5277	38360	23,8	38360	0	38360	1	38360	5329,9
38370	5278	38370	40,4	38370	0	38370	1	38370	5329,9
38380	5279	38380	42,4	38380	0	38380	1	38380	5329,9
38390	5280	38390	24,8	38390	0	38390	1	38390	5329,9
38400	5281	38400	24,4	38400	0	38400	1	38400	5329,9
38410	5282	38410	44,3	38410	0	38410	1	38410	5329,9
38420	5283	38420	26,2	38420	0	38420	1	38420	5329,9
38430	5284	38430	48,2	38430	0	38430	1	38430	5329,9
38440	5285	38440	29,4	38440	0	38440	1	38440	5329,9
38450	5286	38450	56,1	38450	0	38450	1	38450	5329,9
38460	5287	38460	40,1	38460	0	38460	1	38460	5329,9
38470	5288	38470	24,3	38470	0	38470	1	38470	5329,9
38480	5289	38480	27,3	38480	0	38480	1	38480	5329,9
38490	5290	38490	40,9	38490	0	38490	1	38490	5329,9
38500	5291	38500	28,1	38500	0	38500	1	38500	5329,9
38510	5292	38510	27,2	38510	0	38510	1	38510	5329,9
38520	5293	38520	44,5	38520	0	38520	1	38520	5329,9
38530	5294	38530	41,8	38530	0	38530	1	38530	5329,9
38540	5295	38540	37,3	38540	0	38540	1	38540	5329,9
38550	5296	38550	33,3	38550	0	38550	1	38550	5329,9
38560	5297	38560	48,5	38560	0	38560	1	38560	5329,9
38570	5298	38570	26,4	38570	0	38570	1	38570	5329,9
38580	5299	38580	47,1	38580	0	38580	1	38580	5329,9
38590	5300	38590	44,4	38590	0	38590	3	38590	5329,9
38600	5301	38600	48,5	38600	0	38600	1	38600	5329,9
38610	5302	38610	28,2	38610	0	38610	1	38610	5329,9
38620	5303	38620	40	38620	0	38620	1	38620	5329,9
38630	5304	38630	41,4	38630	0	38630	1	38630	5329,9
38640	5305	38640	36,1	38640	0	38640	1	38640	5329,9
38650	5306	38650	39,6	38650	0	38650	1	38650	5329,9
38660	5307	38660	29,5	38660	0	38660	1	38660	5329,9
38670	5308	38670	23,2	38670	0	38670	1	38670	5329,9
38680	5309	38680	47	38680	0	38680	1	38680	5329,9
38690	5310	38690	28,5	38690	0	38690	1	38690	5329,9
38700	5311	38700	32,5	38700	0	38700	1	38700	5329,9
38710	5312	38710	25,6	38710	0	38710	1	38710	5329,9
38720	5313	38720	42,9	38720	0	38720	1	38720	5329,9
38730	5314	38730	28,9	38730	0	38730	1	38730	5329,9
38740	5315	38740	42,7	38740	0	38740	1	38740	5329,9
38750	5316	38750	25,3	38750	0	38750	1	38750	5329,9
38760	5317	38760	53,4	38760	0	38760	1	38760	5329,9
38770	5318	38770	44,1	38770	0	38770	1	38770	5329,9
38780	5319	38780	32	38780	0	38780	1	38780	5329,9
38790	5320	38790	39,7	38790	0	38790	1	38790	5329,9
38800	5321	38800	49,3	38800	0	38800	1	38800	5329,9
38810	5322	38810	48	38810	0	38810	1	38810	5329,9
38820	5323	38820	27,3	38820	0	38820	1	38820	5329,9
38830	5324	38830	26,7	38830	0	38830	1	38830	5329,9
38840	5325	38840	31,5	38840	0	38840	1	38840	5329,9
38850	5326	38850	34,3	38850	0	38850	1	38850	5329,9
38860	5327	38860	36	38860	0	38860	1	38860	5329,9
38870	5328	38870	49,9	38870	0	38870	1	38870	5329,9
38880	5329	38880	39,6	38880	0	38880	1	38880	5329,9
38890	5330	38890	36,1	38890	0	38890	1	38890	5329,9
38900	5331	38900	42,3	38900	0	38900	1	38900	5329,9
38910	5332	38910	47,2	38910	0	38910	1	38910	5329,9
38920	5333	38920	44,7	38920	0	38920	1	38920	5329,9
38930	5334	38930	54,7	38930	0	38930	1	38930	5329,9
38940	5335	38940	41,9	38940	0	38940	1	38940	5329,9
38950	5336	38950	40,9	38950	0	38950	1	38950	5329,9
38960	5337	38960	52,2	38960	0	38960	1	38960	5329,9
38970	5338	38970	52,5	38970	0	38970	1	38970	5329,9
38980	5339	38980	49,7	38980	0	38980	1	38980	5329,9
38990	5340	38990	41,3	38990	0	38990	1	38990	5329,9
39000	5341	39000	49,6	39000	0	39000	1	39000	5329,9
39010	5342	39010	46,7	39010	0	39010	1	39010	5329,9
39020	5343	39020	32,2	39020	0	39020	1	39020	5329,9
39030	5344	39030	40,2	39030	0	39030	1	39030	5329,9
39040	5345	39040	48,7	39040	0	39040	1	39040	5329,9
39050	5346	39050	43,3	39050	0	39050	1	39050	5329,9
39060	5347	39060	46,7	39060	0	39060	1	39060	5329,9
39070	5348	39070	46,1	39070	0	39070	1	39070	5329,9
39080	5349	39080	45,4	39080	0	39080	1	39080	5329,9
39090	5350	39090	46,6	39090	0	39090	1	39090	5329,9
39100	5351	39100	51	39100	0	39100	1	39100	5329,9
39110	5352	39110	48	39110	0	39110	1	39110	5329,9
39120	5353	39120	58,7	39120	0	39120	1	39120	5329,9
39130	5354	39130	48,8	39130	0	39130	1	39130	5329,9
39140	5355	39140	42,2	39140	0	39140	1	39140	5329,9
39150	5356	39150	44,4	39150	0	39150	1	39150	5329,9
39160	5357	39160	42,4	39160	0	39160	1	39160	5329,9
39170	5358	39170	39,8	39170	0	39170	1	39170	5329,9
39180	5359	39180	40,6	39180	0	39180	1	39180	5329,9
39190	5360	39190	40,9	39190	0	39190	1	39190	5329,9
39200	5361	39200	39,1	39200	0	39200	1	39200	5329,9
39210	5362	39210	41,5	39210	0	39210	1	39210	5329,9
39220	5363	39220	52,4	39220	0	39220	1	39220	5329,9
39230	5364	39230	38,7	39230	0	39230	1	39230	5329,9
39240	5365	39240	36,5	39240	0	39240	1	39240	5329,9
39250	5366	39250	45,3	39250	0	39250	1	39250	5329,9
39260	5367	39260	47,6	39260	0	39260	1	39260	5329,9
39270	5368	39270	44	39270	0	39270	1	39270	5329,9
39280	5369	39280	51,3	39280	0	39280	1	39280	5329,9
39290	5370	39290	39,1	39290	0	39290	1	39290	5329,9
39300	5371	39300	40,4	39300	0	39300	1	39300	5329,9
39310	5372	39310	43,8	39310	0	39310	1	39310	5329,9
39320	5373	39320	42,7	39320	0	39320	1	39320	5329,9
39330	5374	39330	43	39330	0	39330	1	39330	5329,9
39340	5375	39340	38,6	39340	0	39340	1	39340	5329,9
39350	5376	39350	37,5	39350	0	39350	1	39350	5329,9
39360	5377	39360	42,6	39360	0	39360	1	39360	5329,9
39370	5378	39370	37,6	39370	0	39370	1	39370	5329,9
39380	5379	39380	45,3	39380	0	39380	1	39380	5329,9
39390	5380	39390	49,7	39390	0	39390	1	39390	5329,9
39400	5381	39400	45,4	39400	0	39400	1	39400	5329,9
39410	5382	39410	44,4	39410	0	39410	1	39410	5329,9
39420	5383	39420	46,9	39420	0	39420	1	39420	5329,9
39430	5384	39430	55,5	39430	0	39430	1	39430	5329,9
39440	5385	39440	71,1	39440	0	39440	1	39440	5329,9
39450	5386	39450	52,8	39450	0	39450	1	39450	5329,9
39460	5387	39460	58,7	39460	0	39460	1	39460	5329,9
39470	5388	39470	41,5	39470	0	39470	1	39470	5329,9
39480	5389	39480	41,8	39480	0	39480	1	39480	5329,9
39490	5390	39490	52,8	39490	0	39490	1	39490	5329,9
39500	5391	39500	46,7	39500	0	39500	1	39500	5329,9
39510	5392	39510	50,2	39510	0	39510	1	39510	5329,9
39520	5393	39520	44,2	39520	0	39520	1	39520	5329,9
39530	5394	39530	44	39530	0	39530	1	39530	5329,9
39540	5395	39540	28,8	39540	0	39540	1	39540	5329,9
39550	5396	39550	43	39550	0	39550	1	39550	5329,9
39560	5397	39560	26,5	39560	0	39560	1	39560	5329,9
39570	5398	39570	41,5	39570	0	39570	1	39570	5329,9
39580	5399	39580	25,9	39580	0	39580	1	39580	5329,9
39590	5400	39590	43,9	39590	0	39590	3	39590	5329,9
39600	5401	39600	62,6	39600	0	39600	1	39600	5329,9
39610	5402	39610	53,8	39610	0	39610	1	39610	5329,9
39620	5403	39620	54,9	39620	0	39620	1	39620	5329,9
39630	5404	39630	40,9	39630	0	39630	1	39630	5329,9
39640	5405	39640	46,2	39640	0	39640	1	39640	5329,9
39650	5406	39650	39,5	39650	0	39650	1	39650	5329,9
39660	5407	39660	42,5	39660	0	39660	1	39660	5329,9
39670	5408	39670	50,1	39670	0	39670	1	39670	5329,9
39680	5409	39680	48,4	39680	0	39680	1	39680	5329,9
39690	5410	39690	53,5	39690	0	39690	1	39690	5329,9
39700	5411	39700	50,1	39700	0	39700	1	39700	5329,9
39710	5412	39710	43,4	39710	0	39710	1	39710	5329,9
39720	5413	39720	46,6	39720	0	39720	1	39720	5329,9
39730	5414	39730	34,8	39730	0	39730	1	39730	5329,9
39740	5415	39740	51,1	39740	0	39740	1	39740	5329,9
39750	5416	39750	37,8	39750	0	39750	1	39750	5329,9
39760	5417	39760	42,7	39760	0	39760	1	39760	5329,9
39770	5418	39770	38,1	39770	0	39770	1	39770	5329,9
39780	5419	39780	44,4	39780	0	39780	1	39780	5329,9
39790	5420	39790	45,4	39790	0	39790	1	39790	5329,9
39800	5421	39800	45,8	39800	0	39800	1	39800	5329,9
39810	5422	39810	40,6	39810	0	39810	1	39810	5329,9
39820	5423	39820	29,6	39820	0	39820	1	39820	5329,9
39830	5424	39830	43	39830	0	39830	1	39830	5329,9
39840	5425	39840	31,1	39840	0	39840	1	39840	5329,9
39850	5426	39850	44,8	39850	0	39850	1	39850	5329,9
39860	5427	39860	48,2	39860	0	39860	1	39860	5329,9
39870	5428	39870	45,5	39870	0	39870	1	39870	5329,9
39880	5429	39880	33,7	39880	0	39880	1	39880	5329,9
39890	5430	39890	49,2	39890	0	39890	1	39890	5329,9
39900	5431	39900	45	39900	0	39900	1	39900	5329,9
39910	5432	39910	53,8	39910	0	39910	1	39910	5329,9
39920	5433	39920	41,4	39920	0	39920	1	39920	5329,9
39930	5434	39930	49,1	39930	0	39930	1	39930	5329,9
39940	5435	39940	35,4	39940	0	39940	1	39940	5329,9
39950	5436	39950	26,7	39950	0	39950	1	39950	5329,9
39960	5437	39960	59,3	39960	0	39960	1	39960	5329,9
39970	5438	39970	43,3	39970	0	39970	1	39970	5329,9
39980	5439	39980	27,8	39980	0	39980	1	39980	5329,9
39990	5440	39990	127	39990	0	39990	1	39990	5329,9
40000	5441	40000	50	40000	0	40000	1	40000	5329,9
40010	5442	40010	45,4	40010	0	40010	1	40010	5329,9
40020	5443	40020	80,5	40020	0	40020	1	40020	5329,9
40030	5444	40030	28,3	40030	0	40030	1	40030	5329,9
40040	5445	40040	27,3	40040	0	40040	1	40040	5329,9
40050	5446	40050	34,1	40050	0	40050	1	40050	5329,9
40060	5447	40060	35,9	40060	0	40060	1	40060	5329,9
40070	5448	40070	52,9	40070	0	40070	1	40070	5329,9
40080	5449	40080	47	40080	0	40080	1	40080	5329,9
40090	5450	40090	46,8	40090	0	40090	1	40090	5329,9
40100	5451	40100	52	40100	0	40100	1	40100	5329,9
40110	5452	40110	58,2	40110	0	40110	1	40110	5329,9
40120	5453	40120	48,1	40120	0	40120	1	40120	5329,9
40130	5454	40130	26,9	40130	0	40130	1	40130	5329,9
40140	5455	40140	31,5	40140	0	40140	1	40140	5329,9
40150	5456	40150	42,4	40150	0	40150	1	40150	5329,9
40160	5457	40160	43,9	40160	0	40160	1	40160	5329,9
40170	5458	40170	46,4	40170	0	40170	1	40170	5329,9
40180	5459	40180	26,2	40180	0	40180	1	40180	5329,9
40190	5460	40190	24,9	40190	0	40190	1	40190	5329,9
40200	5461	40200	25,8	40200	0	40200	1	40200	5329,9
40210	5462	40210	24,6	40210	0	40210	1	40210	5329,9
40220	5463	40220	23,9	40220	0	40220	1	40220	5329,9
40230	5464	40230	23,8	40230	0	40230	1	40230	5329,9
40240	5465	40240	26,9	40240	0	40240	1	40240	5329,9
40250	5466	40250	27,1	40250	0	40250	1	40250	5329,9
40260	5467	40260	70,7	40260	0	40260	1	40260	5329,9
40270	5468	40270	23,8	40270	0	40270	1	40270	5329,9
40280	5469	40280	22,6	40280	0	40280	1	40280	5329,9
40290	5470	40290	22,9	40290	0	40290	1	40290	5329,9
40300	5471	40300	21,2	40300	0	40300	1	40300	5329,9
40310	5472	40310	25,6	40310	0	40310	1	40310	5329,9
40320	5473	40320	25,6	40320	0	40320	1	40320	5329,9
40330	5474	40330	26,3	40330	0	40330	1	40330	5329,9
40340	5475	40340	29,1	40340	0	40340	1	40340	5329,9
40350	5476	40350	24,6	40350	0	40350	1	40350	5329,9
40360	5477	40360	23,7	40360	0	40360	1	40360	5329,9
40370	5478	40370	32,4	40370	0	40370	1	40370	5329,9
40380	5479	40380	24,5	40380	0	40380	1	40380	5329,9
40390	5480	40390	25,6	40390	0	40390	1	40390	5329,9
40400	5481	40400	26,6	40400	0	40400	1	40400	5329,9
40410	5482	40410	26	40410	0	40410	1	40410	5329,9
40420	5483	40420	24,9	40420	0	40420	1	40420	5329,9
40430	5484	40430	25,2	40430	0	40430	1	40430	5329,9
40440	5485	40440	22,8	40440	0	40440	1	40440	5329,9
40450	5486	40450	24,3	40450	0	40450	1	40450	5329,9
40460	5487	40460	25,7	40460	0	40460	1	40460	5329,9
40470	5488	40470	24,3	40470	0	40470	1	40470	5329,9
40480	5489	40480	28	40480	0	40480	1	40480	5329,9
40490	5490	40490	24,9	40490	0	40490	1	40490	5329,9
40500	5491	40500	26,1	40500	0	40500	1	40500	5329,9
40510	5492	40510	23,7	40510	0	40510	1	40510	5329,9
40520	5493	40520	23,5	40520	0	40520	1	40520	5329,9
40530	5494	40530	23,7	40530	0	40530	1	40530	5329,9
40540	5495	40540	25,3	40540	0	40540	1	40540	5329,9
40550	5496	40550	27,6	40550	0	40550	1	40550	5329,9
40560	5497	40560	27,6	40560	0	40560	1	40560	5329,9
40570	5498	40570	25,3	40570	0	40570	1	40570	5329,9
40580	5499	40580	23,4	40580	0	40580	1	40580	5329,9
40590	5500	40590	25,1	40590	0	40590	3	40590	5329,9
40600	5501	40600	31,5	40600	0	40600	1	40600	5329,9
40610	5502	40610	24,9	40610	0	40610	1	40610	5329,9
40620	5503	40620	24,6	40620	0	40620	1	40620	5329,9
40630	5504	40630	35,8	40630	0	40630	1	40630	5329,9
40640	5505	40640	31,6	40640	0	40640	1	40640	5329,9
40650	5506	40650	43,3	40650	0	40650	1	40650	5329,9
40660	5507	40660	26,9	40660	0	40660	1	40660	5329,9
40670	5508	40670	31,1	40670	0	40670	1	40670	5329,9
40680	5509	40680	31,7	40680	0	40680	3	40680	5329,9
40690	5510	40690	33,6	40690	0	40690	1	40690	5329,9
40700	5511	40700	31,9	40700	0	40700	1	40700	5329,9
40710	5512	40710	37,9	40710	0	40710	1	40710	5329,9
40720	5513	40720	50,5	40720	0	40720	1	40720	5329,9
40730	5514	40730	52,2	40730	0	40730	1	40730	5329,9
40740	5515	40740	35,2	40740	0	40740	1	40740	5329,9
40750	5516	40750	29,8	40750	0	40750	1	40750	5329,9
40760	5517	40760	26,8	40760	0	40760	1	40760	5329,9
40770	5518	40770	25,9	40770	0	40770	1	40770	5329,9
40780	5519	40780	36,5	40780	0	40780	1	40780	5329,9
40790	5520	40790	30,2	40790	0	40790	1	40790	5329,9
40800	5521	40800	33,1	40800	0	40800	1	40800	5329,9
40810	5522	40810	37,6	40810	0	40810	1	40810	5329,9
40820	5523	40820	40,7	40820	0	40820	1	40820	5329,9
40830	5524	40830	35,2	40830	0	40830	1	40830	5329,9
40840	5525	40840	49,9	40840	0	40840	1	40840	5329,9
40850	5526	40850	26,8	40850	0	40850	1	40850	5329,9
40860	5527	40860	36,1	40860	0	40860	1	40860	5329,9
40870	5528	40870	32,1	40870	0	40870	1	40870	5329,9
40880	5529	40880	29,2	40880	0	40880	1	40880	5329,9
40890	5530	40890	42,5	40890	0	40890	1	40890	5329,9
40900	5531	40900	25	40900	0	40900	1	40900	5329,9
40910	5532	40910	30,3	40910	0	40910	1	40910	5329,9
40920	5533	40920	46,2	40920	0	40920	1	40920	5329,9
40930	5534	40930	43,3	40930	0	40930	1	40930	5329,9
40940	5535	40940	47,4	40940	0	40940	1	40940	5329,9
40950	5536	40950	27,9	40950	0	40950	1	40950	5329,9
40960	5537	40960	45	40960	0	40960	1	40960	5329,9
40970	5538	40970	27,9	40970	0	40970	1	40970	5329,9
40980	5539	40980	49,8	40980	0	40980	1	40980	5329,9
40990	5540	40990	40,8	40990	0	40990	1	40990	5329,9
41000	5541	41000	25,9	41000	0	41000	1	41000	5329,9
41010	5542	41010	27,6	41010	0	41010	1	41010	5329,9
41020	5543	41020	27	41020	0	41020	1	41020	5329,9
41030	5544	41030	27,5	41030	0	41030	1	41030	5329,9
41040	5545	41040	26,6	41040	0	41040	1	41040	5329,9
41050	5546	41050	47	41050	0	41050	1	41050	5329,9
41060	5547	41060	41,9	41060	0	41060	1	41060	5329,9
41070	5548	41070	44,9	41070	0	41070	1	41070	5329,9
41080	5549	41080	34	41080	0	41080	1	41080	5329,9
41090	5550	41090	48,5	41090	0	41090	1	41090	5329,9
41100	5551	41100	36,5	41100	0	41100	1	41100	5329,9
41110	5552	41110	37,6	41110	0	41110	1	41110	5329,9
41120	5553	41120	37,8	41120	0	41120	1	41120	5329,9
41130	5554	41130	26	41130	0	41130	1	41130	5329,9
41140	5555	41140	25,8	41140	0	41140	1	41140	5329,9
41150	5556	41150	47	41150	0	41150	1	41150	5329,9
41160	5557	41160	37,9	41160	0	41160	1	41160	5329,9
41170	5558	41170	45,5	41170	0	41170	1	41170	5329,9
41180	5559	41180	45,3	41180	0	41180	1	41180	5329,9
41190	5560	41190	39,7	41190	0	41190	1	41190	5329,9
41200	5561	41200	26,4	41200	0	41200	1	41200	5329,9
41210	5562	41210	31,4	41210	0	41210	1	41210	5329,9
41220	5563	41220	28,8	41220	0	41220	1	41220	5329,9
41230	5564	41230	26,9	41230	0	41230	1	41230	5329,9
41240	5565	41240	28,3	41240	0	41240	1	41240	5329,9
41250	5566	41250	33,8	41250	0	41250	1	41250	5329,9
41260	5567	41260	28,2	41260	0	41260	1	41260	5329,9
41270	5568	41270	32,3	41270	0	41270	1	41270	5329,9
41280	5569	41280	25,5	41280	0	41280	1	41280	5329,9
41290	5570	41290	47,1	41290	0	41290	1	41290	5329,9
41300	5571	41300	44,7	41300	0	41300	1	41300	5329,9
41310	5572	41310	45,4	41310	0	41310	1	41310	5329,9
41320	5573	41320	33,4	41320	0	41320	1	41320	5329,9
41330	5574	41330	34,5	41330	0	41330	1	41330	5329,9
41340	5575	41340	46,7	41340	0	41340	1	41340	5329,9
41350	5576	41350	43,6	41350	0	41350	1	41350	5329,9
41360	5577	41360	45,5	41360	0	41360	1	41360	5329,9
41370	5578	41370	48,5	41370	0	41370	1	41370	5329,9
41380	5579	41380	73,6	41380	0	41380	1	41380	5329,9
41390	5580	41390	28,1	41390	0	41390	1	41390	5329,9
41400	5581	41400	48,1	41400	0	41400	1	41400	5329,9
41410	5582	41410	34,5	41410	0	41410	1	41410	5329,9
41420	5583	41420	25,9	41420	0	41420	1	41420	5329,9
41430	5584	41430	37	41430	0	41430	1	41430	5329,9
41440	5585	41440	23,2	41440	0	41440	1	41440	5329,9
41450	5586	41450	43	41450	0	41450	1	41450	5329,9
41460	5587	41460	36,6	41460	0	41460	1	41460	5329,9
41470	5588	41470	38,8	41470	0	41470	1	41470	5329,9
41480	5589	41480	27,9	41480	0	41480	1	41480	5329,9
41490	5590	41490	45,8	41490	0	41490	1	41490	5329,9
41500	5591	41500	45,7	41500	0	41500	1	41500	5329,9
41510	5592	41510	54,3	41510	0	41510	1	41510	5329,9
41520	5593	41520	32	41520	0	41520	1	41520	5329,9
41530	5594	41530	51	41530	0	41530	1	41530	5329,9
41540	5595	41540	52	41540	0	41540	1	41540	5329,9
41550	5596	41550	47,9	41550	0	41550	1	41550	5329,9
41560	5597	41560	47,2	41560	0	41560	1	41560	5329,9
41570	5598	41570	34,6	41570	0	41570	1	41570	5329,9
41580	5599	41580	48	41580	0	41580	1	41580	5329,9
41590	5600	41590	32,4	41590	0	41590	3	41590	5329,9
41600	5601	41600	37,6	41600	0	41600	1	41600	5329,9
41610	5602	41610	40,7	41610	0	41610	1	41610	5329,9
41620	5603	41620	26,3	41620	0	41620	1	41620	5329,9
41630	5604	41630	35,1	41630	0	41630	1	41630	5329,9
41640	5605	41640	26,2	41640	0	41640	1	41640	5329,9
41650	5606	41650	34	41650	0	41650	1	41650	5329,9
41660	5607	41660	41,3	41660	0	41660	1	41660	5329,9
41670	5608	41670	44,2	41670	0	41670	1	41670	5329,9
41680	5609	41680	27,9	41680	0	41680	1	41680	5329,9
41690	5610	41690	26,2	41690	0	41690	1	41690	5329,9
41700	5611	41700	37,2	41700	0	41700	1	41700	5329,9
41710	5612	41710	27,3	41710	0	41710	1	41710	5329,9
41720	5613	41720	26,6	41720	0	41720	1	41720	5329,9
41730	5614	41730	25,4	41730	0	41730	1	41730	5329,9
41740	5615	41740	23,7	41740	0	41740	3	41740	5329,9
41750	5616	41750	57,5	41750	0	41750	1	41750	5329,9
41760	5617	41760	25,7	41760	0	41760	1	41760	5329,9
41770	5618	41770	31,9	41770	0	41770	1	41770	5329,9
41780	5619	41780	48,7	41780	0	41780	1	41780	5329,9
41790	5620	41790	45,6	41790	0	41790	1	41790	5329,9
41800	5621	41800	52,5	41800	0	41800	1	41800	5329,9
41810	5622	41810	35,2	41810	0	41810	1	41810	5329,9
41820	5623	41820	49,7	41820	0	41820	1	41820	5329,9
41830	5624	41830	35,9	41830	0	41830	1	41830	5329,9
41840	5625	41840	48,9	41840	0	41840	1	41840	5329,9
41850	5626	41850	53,4	41850	0	41850	1	41850	5329,9
41860	5627	41860	48,4	41860	0	41860	1	41860	5329,9
41870	5628	41870	56,7	41870	0	41870	1	41870	5329,9
41880	5629	41880	50,3	41880	0	41880	1	41880	5329,9
41890	5630	41890	42,2	41890	0	41890	1	41890	5329,9
41900	5631	41900	49,9	41900	0	41900	1	41900	5329,9
41910	5632	41910	37,4	41910	0	41910	1	41910	5329,9
41920	5633	41920	55	41920	0	41920	1	41920	5329,9
41930	5634	41930	112,9	41930	0	41930	1	41930	5329,9
41940	5635	41940	43,7	41940	0	41940	1	41940	5329,9
41950	5636	41950	47	41950	0	41950	1	41950	5329,9
41960	5637	41960	52,1	41960	0	41960	1	41960	5329,9
41970	5638	41970	50,5	41970	0	41970	1	41970	5329,9
41980	5639	41980	48,1	41980	0	41980	1	41980	5329,9
41990	5640	41990	53,1	41990	0	41990	1	41990	5329,9
42000	5641	42000	49,5	42000	0	42000	1	42000	5329,9
42010	5642	42010	51,7	42010	0	42010	1	42010	5329,9
42020	5643	42020	46,4	42020	0	42020	1	42020	5329,9
42030	5644	42030	49,1	42030	0	42030	1	42030	5329,9
42040	5645	42040	55,5	42040	0	42040	1	42040	5329,9
42050	5646	42050	27,3	42050	0	42050	1	42050	5329,9
42060	5647	42060	25,7	42060	0	42060	1	42060	5329,9
42070	5648	42070	37,9	42070	0	42070	1	42070	5329,9
42080	5649	42080	48	42080	0	42080	1	42080	5329,9
42090	5650	42090	27,3	42090	0	42090	1	42090	5329,9
42100	5651	42100	27,4	42100	0	42100	1	42100	5329,9
42110	5652	42110	32,4	42110	0	42110	1	42110	5329,9
42120	5653	42120	40,3	42120	0	42120	1	42120	5329,9
42130	5654	42130	44,2	42130	0	42130	1	42130	5329,9
42140	5655	42140	41,7	42140	0	42140	1	42140	5329,9
42150	5656	42150	49,6	42150	0	42150	1	42150	5329,9
42160	5657	42160	45,3	42160	0	42160	1	42160	5329,9
42170	5658	42170	27,9	42170	0	42170	1	42170	5329,9
42180	5659	42180	27,1	42180	0	42180	1	42180	5329,9
42190	5660	42190	33,3	42190	0	42190	1	42190	5329,9
42200	5661	42200	49,7	42200	0	42200	1	42200	5329,9
42210	5662	42210	36	42210	0	42210	1	42210	5329,9
42220	5663	42220	40,6	42220	0	42220	1	42220	5329,9
42230	5664	42230	49,4	42230	0	42230	1	42230	5329,9
42240	5665	42240	45,2	42240	0	42240	1	42240	5329,9
42250	5666	42250	27,6	42250	0	42250	1	42250	5329,9
42260	5667	42260	32,1	42260	0	42260	1	42260	5329,9
42270	5668	42270	43,6	42270	0	42270	1	42270	5329,9
42280	5669	42280	33,8	42280	0	42280	1	42280	5329,9
42290	5670	42290	45	42290	0	42290	1	42290	5329,9
42300	5671	42300	26,8	42300	0	42300	1	42300	5329,9
42310	5672	42310	28,2	42310	0	42310	1	42310	5329,9
42320	5673	42320	27,7	42320	0	42320	1	42320	5329,9
42330	5674	42330	26,3	42330	0	42330	1	42330	5329,9
42340	5675	42340	27,1	42340	0	42340	1	42340	5329,9
42350	5676	42350	24,8	42350	0	42350	1	42350	5329,9
42360	5677	42360	35,1	42360	0	42360	1	42360	5329,9
42370	5678	42370	30,5	42370	0	42370	1	42370	5329,9
42380	5679	42380	26,6	42380	0	42380	1	42380	5329,9
42390	5680	42390	27	42390	0	42390	1	42390	5329,9
42400	5681	42400	26,9	42400	0	42400	1	42400	5329,9
42410	5682	42410	28,9	42410	0	42410	1	42410	5329,9
42420	5683	42420	27	42420	0	42420	1	42420	5329,9
42430	5684	42430	35,3	42430	0	42430	1	42430	5329,9
42440	5685	42440	26,1	42440	0	42440	1	42440	5329,9
42450	5686	42450	28,4	42450	0	42450	1	42450	5329,9
42460	5687	42460	26,5	42460	0	42460	1	42460	5329,9
42470	5688	42470	37,2	42470	0	42470	1	42470	5329,9
42480	5689	42480	27	42480	0	42480	1	42480	5329,9
42490	5690	42490	30,8	42490	0	42490	1	42490	5329,9
42500	5691	42500	35,9	42500	0	42500	1	42500	5329,9
42510	5692	42510	40	42510	0	42510	1	42510	5329,9
42520	5693	42520	45,7	42520	0	42520	1	42520	5329,9
42530	5694	42530	42,9	42530	0	42530	1	42530	5329,9
42540	5695	42540	56,3	42540	0	42540	1	42540	5329,9
42550	5696	42550	42,9	42550	0	42550	1	42550	5329,9
42560	5697	42560	49,4	42560	0	42560	1	42560	5329,9
42570	5698	42570	46,6	42570	0	42570	1	42570	5329,9
42580	5699	42580	26,5	42580	0	42580	1	42580	5329,9
42590	5700	42590	33,3	42590	0	42590	3	42590	5329,9
42600	5701	42600	74,9	42600	0	42600	1	42600	5329,9
42610	5702	42610	45,1	42610	0	42610	1	42610	5329,9
42620	5703	42620	42,2	42620	0	42620	1	42620	5329,9
42630	5704	42630	48,9	42630	0	42630	1	42630	5329,9
42640	5705	42640	47,2	42640	0	42640	1	42640	5329,9
42650	5706	42650	47,1	42650	0	42650	1	42650	5329,9
42660	5707	42660	44,7	42660	0	42660	1	42660	5329,9
42670	5708	42670	47,3	42670	0	42670	1	42670	5329,9
42680	5709	42680	54,1	42680	0	42680	1	42680	5329,9
42690	5710	42690	43,3	42690	0	42690	1	42690	5329,9
42700	5711	42700	52,8	42700	0	42700	1	42700	5329,9
42710	5712	42710	53	42710	0	42710	1	42710	5329,9
42720	5713	42720	32,1	42720	0	42720	1	42720	5329,9
42730	5714	42730	33,1	42730	0	42730	1	42730	5329,9
42740	5715	42740	26,2	42740	0	42740	1	42740	5329,9
42750	5716	42750	44,8	42750	0	42750	1	42750	5329,9
42760	5717	42760	42,7	42760	0	42760	1	42760	5329,9
42770	5718	42770	35,8	42770	0	42770	1	42770	5329,9
42780	5719	42780	49,8	42780	0	42780	1	42780	5329,9
42790	5720	42790	53,4	42790	0	42790	1	42790	5329,9
42800	5721	42800	48,3	42800	0	42800	1	42800	5329,9
42810	5722	42810	51,6	42810	0	42810	1	42810	5329,9
42820	5723	42820	51,3	42820	0	42820	1	42820	5329,9
42830	5724	42830	40,7	42830	0	42830	1	42830	5329,9
42840	5725	42840	46	42840	0	42840	1	42840	5329,9
42850	5726	42850	54,7	42850	0	42850	1	42850	5329,9
42860	5727	42860	50,8	42860	0	42860	1	42860	5329,9
42870	5728	42870	44,2	42870	0	42870	1	42870	5329,9
42880	5729	42880	55	42880	0	42880	1	42880	5329,9
42890	5730	42890	30,4	42890	0	42890	1	42890	5329,9
42900	5731	42900	28,5	42900	0	42900	1	42900	5329,9
42910	5732	42910	24,7	42910	0	42910	1	42910	5329,9
42920	5733	42920	35	42920	0	42920	1	42920	5329,9
42930	5734	42930	43,6	42930	0	42930	1	42930	5329,9
42940	5735	42940	42	42940	0	42940	1	42940	5329,9
42950	5736	42950	33,3	42950	0	42950	1	42950	5329,9
42960	5737	42960	41,6	42960	0	42960	1	42960	5329,9
42970	5738	42970	29	42970	0	42970	1	42970	5329,9
42980	5739	42980	49	42980	0	42980	1	42980	5329,9
42990	5740	42990	50,7	42990	0	42990	1	42990	5329,9
43000	5741	43000	48,3	43000	0	43000	1	43000	5329,9
43010	5742	43010	53,4	43010	0	43010	1	43010	5329,9
43020	5743	43020	27,3	43020	0	43020	1	43020	5329,9
43030	5744	43030	43,8	43030	0	43030	1	43030	5329,9
43040	5745	43040	42,9	43040	0	43040	1	43040	5329,9
43050	5746	43050	30,3	43050	0	43050	1	43050	5329,9
43060	5747	43060	27,2	43060	0	43060	1	43060	5329,9
43070	5748	43070	48,3	43070	0	43070	1	43070	5329,9
43080	5749	43080	29,4	43080	0	43080	1	43080	5329,9
43090	5750	43090	28,3	43090	0	43090	1	43090	5329,9
43100	5751	43100	29,4	43100	0	43100	1	43100	5329,9
43110	5752	43110	44,8	43110	0	43110	1	43110	5329,9
43120	5753	43120	44,6	43120	0	43120	1	43120	5329,9
43130	5754	43130	47,7	43130	0	43130	1	43130	5329,9
43140	5755	43140	48,6	43140	0	43140	1	43140	5329,9
43150	5756	43150	44	43150	0	43150	1	43150	5329,9
43160	5757	43160	36,7	43160	0	43160	1	43160	5329,9
43170	5758	43170	47,6	43170	0	43170	1	43170	5329,9
43180	5759	43180	45,3	43180	0	43180	1	43180	5329,9
43190	5760	43190	45,7	43190	0	43190	1	43190	5329,9
43200	5761	43200	58	43200	0	43200	1	43200	5329,9
43210	5762	43210	43	43210	0	43210	1	43210	5329,9
43220	5763	43220	41,7	43220	0	43220	1	43220	5329,9
43230	5764	43230	42,6	43230	0	43230	1	43230	5329,9
43240	5765	43240	42,9	43240	0	43240	1	43240	5329,9
43250	5766	43250	49,1	43250	0	43250	1	43250	5329,9
43260	5767	43260	47,6	43260	0	43260	1	43260	5329,9
43270	5768	43270	48,2	43270	0	43270	1	43270	5329,9
43280	5769	43280	52	43280	0	43280	1	43280	5329,9
43290	5770	43290	49	43290	0	43290	1	43290	5329,9
43300	5771	43300	50,2	43300	0	43300	1	43300	5329,9
43310	5772	43310	53,8	43310	0	43310	1	43310	5329,9
43320	5773	43320	37,1	43320	0	43320	1	43320	5329,9
43330	5774	43330	27,3	43330	0	43330	1	43330	5329,9
43340	5775	43340	52,1	43340	0	43340	1	43340	5329,9
43350	5776	43350	31	43350	0	43350	1	43350	5329,9
43360	5777	43360	50,1	43360	0	43360	1	43360	5329,9
43370	5778	43370	43,6	43370	0	43370	1	43370	5329,9
43380	5779	43380	42,1	43380	0	43380	1	43380	5329,9
43390	5780	43390	33,3	43390	0	43390	1	43390	5329,9
43400	5781	43400	45,2	43400	0	43400	1	43400	5329,9
43410	5782	43410	53,1	43410	0	43410	1	43410	5329,9
43420	5783	43420	54,2	43420	0	43420	1	43420	5329,9
43430	5784	43430	49,2	43430	0	43430	1	43430	5329,9
43440	5785	43440	37,4	43440	0	43440	1	43440	5329,9
43450	5786	43450	48,7	43450	0	43450	1	43450	5329,9
43460	5787	43460	50,8	43460	0	43460	1	43460	5329,9
43470	5788	43470	51	43470	0	43470	1	43470	5329,9
43480	5789	43480	46,9	43480	0	43480	1	43480	5329,9
43490	5790	43490	48,1	43490	0	43490	1	43490	5329,9
43500	5791	43500	45,5	43500	0	43500	1	43500	5329,9
43510	5792	43510	48,4	43510	0	43510	1	43510	5329,9
43520	5793	43520	51,4	43520	0	43520	1	43520	5329,9
43530	5794	43530	54,5	43530	0	43530	1	43530	5329,9
43540	5795	43540	53,3	43540	0	43540	1	43540	5329,9
43550	5796	43550	33,4	43550	0	43550	1	43550	5329,9
43560	5797	43560	95,5	43560	0	43560	1	43560	5329,9
43570	5798	43570	35,9	43570	0	43570	1	43570	5329,9
43580	5799	43580	41,7	43580	0	43580	1	43580	5329,9
43590	5800	43590	35,6	43590	0	43590	3	43590	5329,9
43600	5801	43600	71,1	43600	0	43600	1	43600	5329,9
43610	5802	43610	52,6	43610	0	43610	1	43610	5329,9
43620	5803	43620	25,6	43620	0	43620	1	43620	5329,9
43630	5804	43630	44,3	43630	0	43630	1	43630	5329,9
43640	5805	43640	45,8	43640	0	43640	1	43640	5329,9
43650	5806	43650	40,8	43650	0	43650	1	43650	5329,9
43660	5807	43660	42,1	43660	0	43660	1	43660	5329,9
43670	5808	43670	47,9	43670	0	43670	1	43670	5329,9
43680	5809	43680	53,7	43680	0	43680	1	43680	5329,9
43690	5810	43690	44,3	43690	0	43690	1	43690	5329,9
43700	5811	43700	46,9	43700	0	43700	1	43700	5329,9
43710	5812	43710	45,7	43710	0	43710	1	43710	5329,9
43720	5813	43720	61,7	43720	0	43720	1	43720	5329,9
43730	5814	43730	48,2	43730	0	43730	1	43730	5329,9
43740	5815	43740	52,8	43740	0	43740	1	43740	5329,9
43750	5816	43750	29,3	43750	0	43750	1	43750	5329,9
43760	5817	43760	43,5	43760	0	43760	1	43760	5329,9
43770	5818	43770	46,7	43770	0	43770	1	43770	5329,9
43780	5819	43780	29,2	43780	0	43780	1	43780	5329,9
43790	5820	43790	38,1	43790	0	43790	1	43790	5329,9
43800	5821	43800	62,9	43800	0	43800	1	43800	5329,9
43810	5822	43810	47,2	43810	0	43810	1	43810	5329,9
43820	5823	43820	46,1	43820	0	43820	1	43820	5329,9
43830	5824	43830	47,2	43830	0	43830	1	43830	5329,9
43840	5825	43840	46,3	43840	0	43840	1	43840	5329,9
43850	5826	43850	43,3	43850	0	43850	1	43850	5329,9
43860	5827	43860	58,5	43860	0	43860	1	43860	5329,9
43870	5828	43870	23,4	43870	0	43870	1	43870	5329,9
43880	5829	43880	44,2	43880	0	43880	1	43880	5329,9
43890	5830	43890	44,9	43890	0	43890	1	43890	5329,9
43900	5831	43900	47,2	43900	0	43900	1	43900	5329,9
43910	5832	43910	46	43910	0	43910	1	43910	5329,9
43920	5833	43920	46,5	43920	0	43920	1	43920	5329,9
43930	5834	43930	54	43930	0	43930	1	43930	5329,9
43940	5835	43940	55,7	43940	0	43940	1	43940	5329,9
43950	5836	43950	49,5	43950	0	43950	1	43950	5329,9
43960	5837	43960	41	43960	0	43960	1	43960	5329,9
43970	5838	43970	44,5	43970	0	43970	1	43970	5329,9
43980	5839	43980	32,8	43980	0	43980	1	43980	5329,9
43990	5840	43990	42,2	43990	0	43990	1	43990	5329,9
44000	5841	44000	45,3	44000	0	44000	1	44000	5329,9
44010	5842	44010	48,1	44010	0	44010	1	44010	5329,9
44020	5843	44020	54	44020	0	44020	1	44020	5329,9
44030	5844	44030	46,2	44030	0	44030	1	44030	5329,9
44040	5845	44040	46,8	44040	0	44040	1	44040	5329,9
44050	5846	44050	51,2	44050	0	44050	1	44050	5329,9
44060	5847	44060	55,7	44060	0	44060	1	44060	5329,9
44070	5848	44070	49,1	44070	0	44070	1	44070	5329,9
44080	5849	44080	47,1	44080	0	44080	1	44080	5329,9
44090	5850	44090	54,7	44090	0	44090	1	44090	5329,9
44100	5851	44100	43,7	44100	0	44100	1	44100	5329,9
44110	5852	44110	50,3	44110	0	44110	1	44110	5329,9
44120	5853	44120	46,5	44120	0	44120	1	44120	5329,9
44130	5854	44130	44,6	44130	0	44130	1	44130	5329,9
44140	5855	44140	44,4	44140	0	44140	1	44140	5329,9
44150	5856	44150	35	44150	0	44150	1	44150	5329,9
44160	5857	44160	43,9	44160	0	44160	1	44160	5329,9
44170	5858	44170	45,8	44170	0	44170	1	44170	5329,9
44180	5859	44180	46,9	44180	0	44180	1	44180	5329,9
44190	5860	44190	57,3	44190	0	44190	1	44190	5329,9
44200	5861	44200	44,4	44200	0	44200	1	44200	5329,9
44210	5862	44210	48,9	44210	0	44210	1	44210	5329,9
44220	5863	44220	43,3	44220	0	44220	1	44220	5329,9
44230	5864	44230	43,8	44230	0	44230	1	44230	5329,9
44240	5865	44240	57,4	44240	0	44240	1	44240	5329,9
44250	5866	44250	49,1	44250	0	44250	1	44250	5329,9
44260	5867	44260	39,8	44260	0	44260	1	44260	5329,9
44270	5868	44270	34,9	44270	0	44270	1	44270	5329,9
44280	5869	44280	27	44280	0	44280	1	44280	5329,9
44290	5870	44290	70,8	44290	0	44290	1	44290	5329,9
44300	5871	44300	44	44300	0	44300	1	44300	5329,9
44310	5872	44310	44,9	44310	0	44310	1	44310	5329,9
44320	5873	44320	48,6	44320	0	44320	1	44320	5329,9
44330	5874	44330	39,1	44330	0	44330	1	44330	5329,9
44340	5875	44340	28,1	44340	0	44340	1	44340	5329,9
44350	5876	44350	44,7	44350	0	44350	1	44350	5329,9
44360	5877	44360	46,3	44360	0	44360	1	44360	5329,9
44370	5878	44370	57	44370	0	44370	1	44370	5329,9
44380	5879	44380	49,2	44380	0	44380	1	44380	5329,9
44390	5880	44390	47,2	44390	0	44390	1	44390	5329,9
44400	5881	44400	46,8	44400	0	44400	1	44400	5329,9
44410	5882	44410	48,4	44410	0	44410	1	44410	5329,9
44420	5883	44420	32,8	44420	0	44420	1	44420	5329,9
44430	5884	44430	47	44430	0	44430	1	44430	5329,9
44440	5885	44440	50,1	44440	0	44440	1	44440	5329,9
44450	5886	44450	30,1	44450	0	44450	1	44450	5329,9
44460	5887	44460	49	44460	0	44460	1	44460	5329,9
44470	5888	44470	53,6	44470	0	44470	1	44470	5329,9
44480	5889	44480	35,6	44480	0	44480	1	44480	5329,9
44490	5890	44490	27,5	44490	0	44490	1	44490	5329,9
44500	5891	44500	36,2	44500	0	44500	1	44500	5329,9
44510	5892	44510	41,3	44510	0	44510	1	44510	5329,9
44520	5893	44520	27,2	44520	0	44520	1	44520	5329,9
44530	5894	44530	38,5	44530	0	44530	1	44530	5329,9
44540	5895	44540	36	44540	0	44540	1	44540	5329,9
44550	5896	44550	27,3	44550	0	44550	1	44550	5329,9
44560	5897	44560	46,7	44560	0	44560	1	44560	5329,9
44570	5898	44570	48,8	44570	0	44570	1	44570	5329,9
44580	5899	44580	27,6	44580	0	44580	1	44580	5329,9
44590	5900	44590	43	44590	0	44590	3	44590	5329,9
44600	5901	44600	73,2	44600	0	44600	1	44600	5329,9
44610	5902	44610	42,3	44610	0	44610	1	44610	5329,9
44620	5903	44620	26,2	44620	0	44620	1	44620	5329,9
44630	5904	44630	38,6	44630	0	44630	1	44630	5329,9
44640	5905	44640	39,2	44640	0	44640	1	44640	5329,9
44650	5906	44650	45,3	44650	0	44650	1	44650	5329,9
44660	5907	44660	29,1	44660	0	44660	1	44660	5329,9
44670	5908	44670	26,3	44670	0	44670	1	44670	5329,9
44680	5909	44680	47,8	44680	0	44680	1	44680	5329,9
44690	5910	44690	39,2	44690	0	44690	1	44690	5329,9
44700	5911	44700	29,8	44700	0	44700	1	44700	5329,9
44710	5912	44710	48	44710	0	44710	1	44710	5329,9
44720	5913	44720	25,7	44720	0	44720	1	44720	5329,9
44730	5914	44730	27,6	44730	0	44730	1	44730	5329,9
44740	5915	44740	37,9	44740	0	44740	1	44740	5329,9
44750	5916	44750	39,9	44750	0	44750	3	44750	5329,9
44760	5917	44760	34,5	44760	0	44760	1	44760	5329,9
44770	5918	44770	47,6	44770	0	44770	1	44770	5329,9
44780	5919	44780	161,7	44780	0	44780	1	44780	5329,9
44790	5920	44790	51,1	44790	0	44790	1	44790	5329,9
44800	5921	44800	35,1	44800	0	44800	1	44800	5329,9
44810	5922	44810	27,5	44810	0	44810	1	44810	5329,9
44820	5923	44820	32,8	44820	0	44820	1	44820	5329,9
44830	5924	44830	27,9	44830	0	44830	1	44830	5329,9
44840	5925	44840	27,2	44840	0	44840	1	44840	5329,9
44850	5926	44850	27,5	44850	0	44850	1	44850	5329,9
44860	5927	44860	27,3	44860	0	44860	1	44860	5329,9
44870	5928	44870	27,9	44870	0	44870	1	44870	5329,9
44880	5929	44880	26,9	44880	0	44880	1	44880	5329,9
44890	5930	44890	33,8	44890	0	44890	1	44890	5329,9
44900	5931	44900	60,2	44900	0	44900	1	44900	5329,9
44910	5932	44910	26,7	44910	0	44910	1	44910	5329,9
44920	5933	44920	28	44920	0	44920	1	44920	5329,9
44930	5934	44930	50,2	44930	0	44930	1	44930	5329,9
44940	5935	44940	50,2	44940	0	44940	1	44940	5329,9
44950	5936	44950	44,6	44950	0	44950	1	44950	5329,9
44960	5937	44960	39	44960	0	44960	1	44960	5329,9
44970	5938	44970	27,3	44970	0	44970	1	44970	5329,9
44980	5939	44980	37,1	44980	0	44980	1	44980	5329,9
44990	5940	44990	26,5	44990	0	44990	1	44990	5329,9
45000	5941	45000	51,5	45000	0	45000	1	45000	5329,9
45010	5942	45010	50,2	45010	0	45010	1	45010	5329,9
45020	5943	45020	41	45020	0	45020	1	45020	5329,9
45030	5944	45030	29	45030	0	45030	1	45030	5329,9
45040	5945	45040	37	45040	0	45040	1	45040	5329,9
45050	5946	45050	49	45050	0	45050	1	45050	5329,9
45060	5947	45060	37,7	45060	0	45060	1	45060	5329,9
45070	5948	45070	44,6	45070	0	45070	1	45070	5329,9
45080	5949	45080	27,5	45080	0	45080	1	45080	5329,9
45090	5950	45090	29,1	45090	0	45090	1	45090	5329,9
45100	5951	45100	30	45100	0	45100	1	45100	5329,9
45110	5952	45110	29,8	45110	0	45110	1	45110	5329,9
45120	5953	45120	27,7	45120	0	45120	1	45120	5329,9
45130	5954	45130	47,1	45130	0	45130	1	45130	5329,9
45140	5955	45140	28,5	45140	0	45140	1	45140	5329,9
45150	5956	45150	40,7	45150	0	45150	1	45150	5329,9
45160	5957	45160	30,6	45160	0	45160	1	45160	5329,9
45170	5958	45170	37,9	45170	0	45170	1	45170	5329,9
45180	5959	45180	29,2	45180	0	45180	1	45180	5329,9
45190	5960	45190	28	45190	0	45190	1	45190	5329,9
45200	5961	45200	28,2	45200	0	45200	1	45200	5329,9
45210	5962	45210	27,1	45210	0	45210	1	45210	5329,9
45220	5963	45220	28,2	45220	0	45220	1	45220	5329,9
45230	5964	45230	27,4	45230	0	45230	1	45230	5329,9
45240	5965	45240	28,7	45240	0	45240	1	45240	5329,9
45250	5966	45250	27,8	45250	0	45250	1	45250	5329,9
45260	5967	45260	32,1	45260	0	45260	1	45260	5329,9
45270	5968	45270	27,7	45270	0	45270	1	45270	5329,9
45280	5969	45280	28,7	45280	0	45280	1	45280	5329,9
45290	5970	45290	34,8	45290	0	45290	1	45290	5329,9
45300	5971	45300	26,8	45300	0	45300	1	45300	5329,9
45310	5972	45310	28,2	45310	0	45310	1	45310	5329,9
45320	5973	45320	33,1	45320	0	45320	1	45320	5329,9
45330	5974	45330	30,7	45330	0	45330	1	45330	5329,9
45340	5975	45340	30,5	45340	0	45340	1	45340	5329,9
45350	5976	45350	28,7	45350	0	45350	1	45350	5329,9
45360	5977	45360	30,1	45360	0	45360	1	45360	5329,9
45370	5978	45370	30,6	45370	0	45370	1	45370	5329,9
45380	5979	45380	29,8	45380	0	45380	1	45380	5329,9
45390	5980	45390	31,6	45390	0	45390	1	45390	5329,9
45400	5981	45400	28,3	45400	0	45400	1	45400	5329,9
45410	5982	45410	28,5	45410	0	45410	1	45410	5329,9
45420	5983	45420	32,9	45420	0	45420	1	45420	5329,9
45430	5984	45430	27,9	45430	0	45430	1	45430	5329,9
45440	5985	45440	31,5	45440	0	45440	1	45440	5329,9
45450	5986	45450	29	45450	0	45450	1	45450	5329,9
45460	5987	45460	28,1	45460	0	45460	1	45460	5329,9
45470	5988	45470	30,3	45470	0	45470	1	45470	5329,9
45480	5989	45480	27,6	45480	0	45480	1	45480	5329,9
45490	5990	45490	34,3	45490	0	45490	1	45490	5329,9
45500	5991	45500	28,4	45500	0	45500	1	45500	5329,9
45510	5992	45510	33,7	45510	0	45510	1	45510	5329,9
45520	5993	45520	33,4	45520	0	45520	1	45520	5329,9
45530	5994	45530	34	45530	0	45530	1	45530	5329,9
45540	5995	45540	32,5	45540	0	45540	1	45540	5329,9
45550	5996	45550	32,7	45550	0	45550	1	45550	5329,9
45560	5997	45560	26,9	45560	0	45560	1	45560	5329,9
45570	5998	45570	33,1	45570	0	45570	1	45570	5329,9
45580	5999	45580	27,1	45580	0	45580	1	45580	5329,9
45590	6000	45590	27,2	45590	0	45590	3	45590	5329,9
45600	6001	45600	38,2	45600	0	45600	1	45600	5329,9
45610	6002	45610	27,2	45610	0	45610	1	45610	5329,9
45620	6003	45620	33,7	45620	0	45620	1	45620	5329,9
45630	6004	45630	34,6	45630	0	45630	1	45630	5329,9
45640	6005	45640	27,5	45640	0	45640	1	45640	5329,9
45650	6006	45650	34,2	45650	0	45650	1	45650	5329,9
45660	6007	45660	34,1	45660	0	45660	1	45660	5329,9
45670	6008	45670	34,3	45670	0	45670	1	45670	5329,9
45680	6009	45680	35,1	45680	0	45680	1	45680	5329,9
45690	6010	45690	33,8	45690	0	45690	1	45690	5329,9
45700	6011	45700	33,6	45700	0	45700	1	45700	5329,9
45710	6012	45710	31,8	45710	0	45710	1	45710	5329,9
45720	6013	45720	26,7	45720	0	45720	1	45720	5329,9
45730	6014	45730	32,9	45730	0	45730	1	45730	5329,9
45740	6015	45740	38	45740	0	45740	1	45740	5329,9
45750	6016	45750	33,2	45750	0	45750	1	45750	5329,9
45760	6017	45760	33	45760	0	45760	1	45760	5329,9
45770	6018	45770	35	45770	0	45770	1	45770	5329,9
45780	6019	45780	28,9	45780	0	45780	1	45780	5329,9
45790	6020	45790	36,2	45790	0	45790	1	45790	5329,9
45800	6021	45800	28,1	45800	0	45800	1	45800	5329,9
45810	6022	45810	34,4	45810	0	45810	1	45810	5329,9
45820	6023	45820	34,9	45820	0	45820	1	45820	5329,9
45830	6024	45830	36,6	45830	0	45830	1	45830	5329,9
45840	6025	45840	37,2	45840	0	45840	1	45840	5329,9
45850	6026	45850	38,8	45850	0	45850	1	45850	5329,9
45860	6027	45860	27,5	45860	0	45860	1	45860	5329,9
45870	6028	45870	35,6	45870	0	45870	1	45870	5329,9
45880	6029	45880	34,3	45880	0	45880	1	45880	5329,9
45890	6030	45890	36,7	45890	0	45890	1	45890	5329,9
45900	6031	45900	27,5	45900	0	45900	1	45900	5329,9
45910	6032	45910	27,2	45910	0	45910	1	45910	5329,9
45920	6033	45920	36,8	45920	0	45920	1	45920	5329,9
45930	6034	45930	28,2	45930	0	45930	1	45930	5329,9
45940	6035	45940	28,5	45940	0	45940	1	45940	5329,9
45950	6036	45950	34,5	45950	0	45950	1	45950	5329,9
45960	6037	45960	34,1	45960	0	45960	1	45960	5329,9
45970	6038	45970	27,4	45970	0	45970	1	45970	5329,9
45980	6039	45980	33,6	45980	0	45980	1	45980	5329,9
45990	6040	45990	34	45990	0	45990	1	45990	5329,9
46000	6041	46000	32,2	46000	0	46000	1	46000	5329,9
46010	6042	46010	52,5	46010	0	46010	1	46010	5329,9
46020	6043	46020	28,3	46020	0	46020	1	46020	5329,9
46030	6044	46030	34,6	46030	0	46030	1	46030	5329,9
46040	6045	46040	27,2	46040	0	46040	1	46040	5329,9
46050	6046	46050	27,6	46050	0	46050	1	46050	5329,9
46060	6047	46060	36	46060	0	46060	1	46060	5329,9
46070	6048	46070	27,2	46070	0	46070	1	46070	5329,9
46080	6049	46080	34	46080	0	46080	1	46080	5329,9
46090	6050	46090	30,9	46090	0	46090	1	46090	5329,9
46100	6051	46100	28,1	46100	0	46100	1	46100	5329,9
46110	6052	46110	34,4	46110	0	46110	1	46110	5329,9
46120	6053	46120	29,7	46120	0	46120	1	46120	5329,9
46130	6054	46130	34,7	46130	0	46130	1	46130	5329,9
46140	6055	46140	27,1	46140	0	46140	1	46140	5329,9
46150	6056	46150	33,9	46150	0	46150	1	46150	5329,9
46160	6057	46160	26,8	46160	0	46160	1	46160	5329,9
46170	6058	46170	26,5	46170	0	46170	1	46170	5329,9
46180	6059	46180	28,5	46180	0	46180	1	46180	5329,9
46190	6060	46190	26	46190	0	46190	1	46190	5329,9
46200	6061	46200	27,2	46200	0	46200	1	46200	5329,9
46210	6062	46210	31	46210	0	46210	1	46210	5329,9
46220	6063	46220	39,3	46220	0	46220	1	46220	5329,9
46230	6064	46230	27,4	46230	0	46230	1	46230	5329,9
46240	6065	46240	36	46240	0	46240	1	46240	5329,9
46250	6066	46250	35,4	46250	0	46250	1	46250	5329,9
46260	6067	46260	32,8	46260	0	46260	1	46260	5329,9
46270	6068	46270	44,2	46270	0	46270	1	46270	5329,9
46280	6069	46280	57,8	46280	0	46280	1	46280	5329,9
46290	6070	46290	48,9	46290	0	46290	1	46290	5329,9
46300	6071	46300	26,4	46300	0	46300	1	46300	5329,9
46310	6072	46310	54,3	46310	0	46310	1	46310	5329,9
46320	6073	46320	47,1	46320	0	46320	1	46320	5329,9
46330	6074	46330	26,7	46330	0	46330	1	46330	5329,9
46340	6075	46340	39,6	46340	0	46340	1	46340	5329,9
46350	6076	46350	26,8	46350	0	46350	1	46350	5329,9
46360	6077	46360	28,3	46360	0	46360	1	46360	5329,9
46370	6078	46370	26,2	46370	0	46370	1	46370	5329,9
46380	6079	46380	35,5	46380	0	46380	1	46380	5329,9
46390	6080	46390	26,8	46390	0	46390	1	46390	5329,9
46400	6081	46400	27,8	46400	0	46400	1	46400	5329,9
46410	6082	46410	52,4	46410	0	46410	1	46410	5329,9
46420	6083	46420	36,9	46420	0	46420	1	46420	5329,9
46430	6084	46430	25,9	46430	0	46430	1	46430	5329,9
46440	6085	46440	49,9	46440	0	46440	1	46440	5329,9
46450	6086	46450	49	46450	0	46450	1	46450	5329,9
46460	6087	46460	54,1	46460	0	46460	1	46460	5329,9
46470	6088	46470	52	46470	0	46470	1	46470	5329,9
46480	6089	46480	50,9	46480	0	46480	1	46480	5329,9
46490	6090	46490	50,1	46490	0	46490	1	46490	5329,9
46500	6091	46500	41,4	46500	0	46500	1	46500	5329,9
46510	6092	46510	39,9	46510	0	46510	1	46510	5329,9
46520	6093	46520	31,6	46520	0	46520	1	46520	5329,9
46530	6094	46530	26,7	46530	0	46530	1	46530	5329,9
46540	6095	46540	47,6	46540	0	46540	1	46540	5329,9
46550	6096	46550	28	46550	0	46550	1	46550	5329,9
46560	6097	46560	37,7	46560	0	46560	1	46560	5329,9
46570	6098	46570	50,7	46570	0	46570	1	46570	5329,9
46580	6099	46580	50,3	46580	0	46580	1	46580	5329,9
46590	6100	46590	28,6	46590	0	46590	3	46590	5329,9
46600	6101	46600	40,9	46600	0	46600	1	46600	5329,9
46610	6102	46610	53,4	46610	0	46610	1	46610	5329,9
46620	6103	46620	28,3	46620	0	46620	1	46620	5329,9
46630	6104	46630	53,3	46630	0	46630	1	46630	5329,9
46640	6105	46640	32,6	46640	0	46640	1	46640	5329,9
46650	6106	46650	44,5	46650	0	46650	1	46650	5329,9
46660	6107	46660	32,4	46660	0	46660	1	46660	5329,9
46670	6108	46670	26,2	46670	0	46670	1	46670	5329,9
46680	6109	46680	28,6	46680	0	46680	1	46680	5329,9
46690	6110	46690	31,1	46690	0	46690	1	46690	5329,9
46700	6111	46700	27,2	46700	0	46700	1	46700	5329,9
46710	6112	46710	25,4	46710	0	46710	1	46710	5329,9
46720	6113	46720	39,6	46720	0	46720	1	46720	5329,9
46730	6114	46730	37,4	46730	0	46730	1	46730	5329,9
46740	6115	46740	33,1	46740	0	46740	1	46740	5329,9
46750	6116	46750	26,4	46750	0	46750	1	46750	5329,9
46760	6117	46760	49,2	46760	0	46760	1	46760	5329,9
46770	6118	46770	49,9	46770	0	46770	1	46770	5329,9
46780	6119	46780	49,3	46780	0	46780	1	46780	5329,9
46790	6120	46790	39,3	46790	0	46790	1	46790	5329,9
46800	6121	46800	47,5	46800	0	46800	1	46800	5329,9
46810	6122	46810	30,8	46810	0	46810	1	46810	5329,9
46820	6123	46820	49,5	46820	0	46820	1	46820	5329,9
46830	6124	46830	27,1	46830	0	46830	1	46830	5329,9
46840	6125	46840	27,7	46840	0	46840	1	46840	5329,9
46850	6126	46850	47,1	46850	0	46850	1	46850	5329,9
46860	6127	46860	45,6	46860	0	46860	1	46860	5329,9
46870	6128	46870	27,2	46870	0	46870	1	46870	5329,9
46880	6129	46880	27,7	46880	0	46880	1	46880	5329,9
46890	6130	46890	26,6	46890	0	46890	1	46890	5329,9
46900	6131	46900	26,9	46900	0	46900	1	46900	5329,9
46910	6132	46910	29,7	46910	0	46910	1	46910	5329,9
46920	6133	46920	30,4	46920	0	46920	1	46920	5329,9
46930	6134	46930	27,9	46930	0	46930	1	46930	5329,9
46940	6135	46940	26,1	46940	0	46940	1	46940	5329,9
46950	6136	46950	26,8	46950	0	46950	1	46950	5329,9
46960	6137	46960	37,6	46960	0	46960	1	46960	5329,9
46970	6138	46970	33,9	46970	0	46970	1	46970	5329,9
46980	6139	46980	26,4	46980	0	46980	1	46980	5329,9
46990	6140	46990	46,4	46990	0	46990	1	46990	5329,9
47000	6141	47000	29,4	47000	0	47000	1	47000	5329,9
47010	6142	47010	45,7	47010	0	47010	1	47010	5329,9
47020	6143	47020	50,6	47020	0	47020	1	47020	5329,9
47030	6144	47030	44,8	47030	0	47030	1	47030	5329,9
47040	6145	47040	27,3	47040	0	47040	1	47040	5329,9
47050	6146	47050	29,6	47050	0	47050	1	47050	5329,9
47060	6147	47060	26	47060	0	47060	1	47060	5329,9
47070	6148	47070	25,7	47070	0	47070	1	47070	5329,9
47080	6149	47080	27,2	47080	0	47080	1	47080	5329,9
47090	6150	47090	26,3	47090	0	47090	1	47090	5329,9
47100	6151	47100	45,3	47100	0	47100	1	47100	5329,9
47110	6152	47110	26,5	47110	0	47110	1	47110	5329,9
47120	6153	47120	29,1	47120	0	47120	1	47120	5329,9
47130	6154	47130	39,5	47130	0	47130	1	47130	5329,9
47140	6155	47140	30,9	47140	0	47140	1	47140	5329,9
47150	6156	47150	56,1	47150	0	47150	1	47150	5329,9
47160	6157	47160	42,2	47160	0	47160	1	47160	5329,9
47170	6158	47170	30,7	47170	0	47170	1	47170	5329,9
47180	6159	47180	49,7	47180	0	47180	1	47180	5329,9
47190	6160	47190	48,4	47190	0	47190	1	47190	5329,9
47200	6161	47200	51,7	47200	0	47200	1	47200	5329,9
47210	6162	47210	45,3	47210	0	47210	1	47210	5329,9
47220	6163	47220	44,7	47220	0	47220	1	47220	5329,9
47230	6164	47230	45,4	47230	0	47230	1	47230	5329,9
47240	6165	47240	59,8	47240	0	47240	1	47240	5329,9
47250	6166	47250	47,8	47250	0	47250	1	47250	5329,9
47260	6167	47260	46,8	47260	0	47260	1	47260	5329,9
47270	6168	47270	48,8	47270	0	47270	1	47270	5329,9
47280	6169	47280	49,3	47280	0	47280	1	47280	5329,9
47290	6170	47290	54	47290	0	47290	1	47290	5329,9
47300	6171	47300	52	47300	0	47300	1	47300	5329,9
47310	6172	47310	56,4	47310	0	47310	1	47310	5329,9
47320	6173	47320	46,2	47320	0	47320	1	47320	5329,9
47330	6174	47330	43,4	47330	0	47330	1	47330	5329,9
47340	6175	47340	51,7	47340	0	47340	1	47340	5329,9
47350	6176	47350	40,2	47350	0	47350	1	47350	5329,9
47360	6177	47360	47,6	47360	0	47360	1	47360	5329,9
47370	6178	47370	46,2	47370	0	47370	1	47370	5329,9
47380	6179	47380	33,4	47380	0	47380	1	47380	5329,9
47390	6180	47390	44,3	47390	0	47390	1	47390	5329,9
47400	6181	47400	45,3	47400	0	47400	1	47400	5329,9
47410	6182	47410	47,6	47410	0	47410	1	47410	5329,9
47420	6183	47420	46,3	47420	0	47420	1	47420	5329,9
47430	6184	47430	51,2	47430	0	47430	1	47430	5329,9
47440	6185	47440	55,8	47440	0	47440	1	47440	5329,9
47450	6186	47450	60,1	47450	0	47450	1	47450	5329,9
47460	6187	47460	50,3	47460	0	47460	1	47460	5329,9
47470	6188	47470	41,4	47470	0	47470	1	47470	5329,9
47480	6189	47480	27,8	47480	0	47480	1	47480	5329,9
47490	6190	47490	27,4	47490	0	47490	1	47490	5329,9
47500	6191	47500	28	47500	0	47500	1	47500	5329,9
47510	6192	47510	28,3	47510	0	47510	1	47510	5329,9
47520	6193	47520	32,7	47520	0	47520	1	47520	5329,9
47530	6194	47530	25,7	47530	0	47530	1	47530	5329,9
47540	6195	47540	27,3	47540	0	47540	1	47540	5329,9
47550	6196	47550	27,7	47550	0	47550	1	47550	5329,9
47560	6197	47560	25,3	47560	0	47560	1	47560	5329,9
47570	6198	47570	29,7	47570	0	47570	1	47570	5329,9
47580	6199	47580	27,8	47580	0	47580	1	47580	5329,9
47590	6200	47590	28,8	47590	0	47590	3	47590	5329,9
47600	6201	47600	48,5	47600	0	47600	1	47600	5329,9
47610	6202	47610	34,9	47610	0	47610	1	47610	5329,9
47620	6203	47620	46,6	47620	0	47620	1	47620	5329,9
47630	6204	47630	43,8	47630	0	47630	1	47630	5329,9
47640	6205	47640	49,1	47640	0	47640	1	47640	5329,9
47650	6206	47650	44,2	47650	0	47650	1	47650	5329,9
47660	6207	47660	51,8	47660	0	47660	1	47660	5329,9
47670	6208	47670	56,8	47670	0	47670	1	47670	5329,9
47680	6209	47680	48,6	47680	0	47680	1	47680	5329,9
47690	6210	47690	49,9	47690	0	47690	1	47690	5329,9
47700	6211	47700	54,3	47700	0	47700	1	47700	5329,9
47710	6212	47710	50,4	47710	0	47710	1	47710	5329,9
47720	6213	47720	48,8	47720	0	47720	1	47720	5329,9
47730	6214	47730	27,6	47730	0	47730	1	47730	5329,9
47740	6215	47740	42,7	47740	0	47740	1	47740	5329,9
47750	6216	47750	45,3	47750	0	47750	1	47750	5329,9
47760	6217	47760	37,8	47760	0	47760	1	47760	5329,9
47770	6218	47770	46,5	47770	0	47770	1	47770	5329,9
47780	6219	47780	26,4	47780	0	47780	1	47780	5329,9
47790	6220	47790	54,6	47790	0	47790	1	47790	5329,9
47800	6221	47800	26,9	47800	0	47800	1	47800	5329,9
47810	6222	47810	46,5	47810	0	47810	1	47810	5329,9
47820	6223	47820	44,2	47820	0	47820	1	47820	5329,9
47830	6224	47830	39,7	47830	0	47830	1	47830	5329,9
47840	6225	47840	41,5	47840	0	47840	1	47840	5329,9
47850	6226	47850	48,6	47850	0	47850	1	47850	5329,9
47860	6227	47860	50,2	47860	0	47860	1	47860	5329,9
47870	6228	47870	47	47870	0	47870	1	47870	5329,9
47880	6229	47880	48,5	47880	0	47880	1	47880	5329,9
47890	6230	47890	46,5	47890	0	47890	1	47890	5329,9
47900	6231	47900	49,9	47900	0	47900	1	47900	5329,9
47910	6232	47910	50,7	47910	0	47910	1	47910	5329,9
47920	6233	47920	46,5	47920	0	47920	1	47920	5329,9
47930	6234	47930	58	47930	0	47930	1	47930	5329,9
47940	6235	47940	45,8	47940	0	47940	1	47940	5329,9
47950	6236	47950	49	47950	0	47950	1	47950	5329,9
47960	6237	47960	47,9	47960	0	47960	1	47960	5329,9
47970	6238	47970	60,7	47970	0	47970	1	47970	5329,9
47980	6239	47980	45,7	47980	0	47980	1	47980	5329,9
47990	6240	47990	49	47990	0	47990	1	47990	5329,9
48000	6241	48000	50,5	48000	0	48000	1	48000	5329,9
48010	6242	48010	50,3	48010	0	48010	1	48010	5329,9
48020	6243	48020	52,1	48020	0	48020	1	48020	5329,9
48030	6244	48030	50,2	48030	0	48030	1	48030	5329,9
48040	6245	48040	52,9	48040	0	48040	1	48040	5329,9
48050	6246	48050	46,9	48050	0	48050	1	48050	5329,9
48060	6247	48060	47	48060	0	48060	1	48060	5329,9
48070	6248	48070	33,9	48070	0	48070	1	48070	5329,9
48080	6249	48080	37,5	48080	0	48080	1	48080	5329,9
48090	6250	48090	58,5	48090	0	48090	1	48090	5329,9
48100	6251	48100	27,9	48100	0	48100	1	48100	5329,9
48110	6252	48110	54,2	48110	0	48110	1	48110	5329,9
48120	6253	48120	33,3	48120	0	48120	1	48120	5329,9
48130	6254	48130	50,1	48130	0	48130	1	48130	5329,9
48140	6255	48140	51,6	48140	0	48140	1	48140	5329,9
48150	6256	48150	49,7	48150	0	48150	1	48150	5329,9
48160	6257	48160	54,8	48160	0	48160	1	48160	5329,9
48170	6258	48170	46,9	48170	0	48170	1	48170	5329,9
48180	6259	48180	51,1	48180	0	48180	1	48180	5329,9
48190	6260	48190	45,4	48190	0	48190	1	48190	5329,9
48200	6261	48200	52	48200	0	48200	1	48200	5329,9
48210	6262	48210	47,7	48210	0	48210	1	48210	5329,9
48220	6263	48220	47,6	48220	0	48220	1	48220	5329,9
48230	6264	48230	46,7	48230	0	48230	1	48230	5329,9
48240	6265	48240	55,7	48240	0	48240	1	48240	5329,9
48250	6266	48250	53,7	48250	0	48250	1	48250	5329,9
48260	6267	48260	52,7	48260	0	48260	1	48260	5329,9
48270	6268	48270	50,3	48270	0	48270	1	48270	5329,9
48280	6269	48280	26,2	48280	0	48280	1	48280	5329,9
48290	6270	48290	26,6	48290	0	48290	1	48290	5329,9
48300	6271	48300	27	48300	0	48300	1	48300	5329,9
48310	6272	48310	40,6	48310	0	48310	1	48310	5329,9
48320	6273	48320	31,5	48320	0	48320	1	48320	5329,9
48330	6274	48330	40	48330	0	48330	1	48330	5329,9
48340	6275	48340	39,8	48340	0	48340	1	48340	5329,9
48350	6276	48350	27	48350	0	48350	1	48350	5329,9
48360	6277	48360	30,4	48360	0	48360	1	48360	5329,9
48370	6278	48370	55,1	48370	0	48370	1	48370	5329,9
48380	6279	48380	45,2	48380	0	48380	1	48380	5329,9
48390	6280	48390	47,2	48390	0	48390	1	48390	5329,9
48400	6281	48400	49,7	48400	0	48400	1	48400	5329,9
48410	6282	48410	48,7	48410	0	48410	1	48410	5329,9
48420	6283	48420	53,3	48420	0	48420	1	48420	5329,9
48430	6284	48430	45,8	48430	0	48430	1	48430	5329,9
48440	6285	48440	52,6	48440	0	48440	1	48440	5329,9
48450	6286	48450	49	48450	0	48450	1	48450	5329,9
48460	6287	48460	57,3	48460	0	48460	1	48460	5329,9
48470	6288	48470	48,5	48470	0	48470	1	48470	5329,9
48480	6289	48480	51,7	48480	0	48480	1	48480	5329,9
48490	6290	48490	48,1	48490	0	48490	1	48490	5329,9
48500	6291	48500	45,4	48500	0	48500	1	48500	5329,9
48510	6292	48510	48,2	48510	0	48510	1	48510	5329,9
48520	6293	48520	41,5	48520	0	48520	1	48520	5329,9
48530	6294	48530	41,8	48530	0	48530	1	48530	5329,9
48540	6295	48540	45,3	48540	0	48540	1	48540	5329,9
48550	6296	48550	54,5	48550	0	48550	1	48550	5329,9
48560	6297	48560	45,5	48560	0	48560	1	48560	5329,9
48570	6298	48570	55,2	48570	0	48570	1	48570	5329,9
48580	6299	48580	53,5	48580	0	48580	1	48580	5329,9
48590	6300	48590	43,9	48590	0	48590	3	48590	5329,9
48600	6301	48600	71	48600	0	48600	1	48600	5329,9
48610	6302	48610	49,7	48610	0	48610	1	48610	5329,9
48620	6303	48620	40,2	48620	0	48620	1	48620	5329,9
48630	6304	48630	49,9	48630	0	48630	1	48630	5329,9
48640	6305	48640	47,8	48640	0	48640	1	48640	5329,9
48650	6306	48650	45,6	48650	0	48650	1	48650	5329,9
48660	6307	48660	47	48660	0	48660	1	48660	5329,9
48670	6308	48670	51,4	48670	0	48670	1	48670	5329,9
48680	6309	48680	38,5	48680	0	48680	1	48680	5329,9
48690	6310	48690	56,6	48690	0	48690	1	48690	5329,9
48700	6311	48700	49	48700	0	48700	1	48700	5329,9
48710	6312	48710	45,9	48710	0	48710	1	48710	5329,9
48720	6313	48720	54,8	48720	0	48720	1	48720	5329,9
48730	6314	48730	52,3	48730	0	48730	1	48730	5329,9
48740	6315	48740	48,5	48740	0	48740	1	48740	5329,9
48750	6316	48750	46,4	48750	0	48750	1	48750	5329,9
48760	6317	48760	47,9	48760	0	48760	1	48760	5329,9
48770	6318	48770	46	48770	0	48770	1	48770	5329,9
48780	6319	48780	49,3	48780	0	48780	1	48780	5329,9
48790	6320	48790	44,6	48790	0	48790	1	48790	5329,9
48800	6321	48800	57,1	48800	0	48800	1	48800	5329,9
48810	6322	48810	47,5	48810	0	48810	1	48810	5329,9
48820	6323	48820	48,9	48820	0	48820	1	48820	5329,9
48830	6324	48830	41,1	48830	0	48830	1	48830	5329,9
48840	6325	48840	43,3	48840	0	48840	1	48840	5329,9
48850	6326	48850	46,7	48850	0	48850	1	48850	5329,9
48860	6327	48860	39,6	48860	0	48860	1	48860	5329,9
48870	6328	48870	28,4	48870	0	48870	1	48870	5329,9
48880	6329	48880	41,9	48880	0	48880	1	48880	5329,9
48890	6330	48890	48	48890	0	48890	1	48890	5329,9
48900	6331	48900	49,3	48900	0	48900	1	48900	5329,9
48910	6332	48910	56,6	48910	0	48910	1	48910	5329,9
48920	6333	48920	51,9	48920	0	48920	1	48920	5329,9
48930	6334	48930	54,6	48930	0	48930	1	48930	5329,9
48940	6335	48940	42,5	48940	0	48940	1	48940	5329,9
48950	6336	48950	47,3	48950	0	48950	1	48950	5329,9
48960	6337	48960	41,5	48960	0	48960	1	48960	5329,9
48970	6338	48970	61,9	48970	0	48970	1	48970	5329,9
48980	6339	48980	48	48980	0	48980	1	48980	5329,9
48990	6340	48990	58	48990	0	48990	1	48990	5329,9
49000	6341	49000	46,4	49000	0	49000	1	49000	5329,9
49010	6342	49010	61,7	49010	0	49010	1	49010	5329,9
49020	6343	49020	50,3	49020	0	49020	1	49020	5329,9
49030	6344	49030	57,6	49030	0	49030	1	49030	5329,9
49040	6345	49040	52,3	49040	0	49040	1	49040	5329,9
49050	6346	49050	39,1	49050	0	49050	1	49050	5329,9
49060	6347	49060	47,9	49060	0	49060	1	49060	5329,9
49070	6348	49070	48,3	49070	0	49070	1	49070	5329,9
49080	6349	49080	42,3	49080	0	49080	1	49080	5329,9
49090	6350	49090	44,5	49090	0	49090	1	49090	5329,9
49100	6351	49100	52,8	49100	0	49100	1	49100	5329,9
49110	6352	49110	53,6	49110	0	49110	1	49110	5329,9
49120	6353	49120	48,4	49120	0	49120	1	49120	5329,9
49130	6354	49130	51,1	49130	0	49130	1	49130	5329,9
49140	6355	49140	51,3	49140	0	49140	1	49140	5329,9
49150	6356	49150	59,6	49150	0	49150	1	49150	5329,9
49160	6357	49160	28	49160	0	49160	1	49160	5329,9
49170	6358	49170	26,3	49170	0	49170	1	49170	5329,9
49180	6359	49180	42,2	49180	0	49180	1	49180	5329,9
49190	6360	49190	25,2	49190	0	49190	1	49190	5329,9
49200	6361	49200	31,8	49200	0	49200	1	49200	5329,9
49210	6362	49210	27,3	49210	0	49210	1	49210	5329,9
49220	6363	49220	27,2	49220	0	49220	1	49220	5329,9
49230	6364	49230	47,9	49230	0	49230	1	49230	5329,9
49240	6365	49240	51,5	49240	0	49240	1	49240	5329,9
49250	6366	49250	49,4	49250	0	49250	1	49250	5329,9
49260	6367	49260	49,2	49260	0	49260	1	49260	5329,9
49270	6368	49270	49,8	49270	0	49270	1	49270	5329,9
49280	6369	49280	48	49280	0	49280	1	49280	5329,9
49290	6370	49290	44,4	49290	0	49290	1	49290	5329,9
49300	6371	49300	45,1	49300	0	49300	1	49300	5329,9
49310	6372	49310	46	49310	0	49310	1	49310	5329,9
49320	6373	49320	56,5	49320	0	49320	1	49320	5329,9
49330	6374	49330	59,7	49330	0	49330	1	49330	5329,9
49340	6375	49340	43,1	49340	0	49340	1	49340	5329,9
49350	6376	49350	23,9	49350	0	49350	1	49350	5329,9
49360	6377	49360	26,5	49360	0	49360	1	49360	5329,9
49370	6378	49370	35,8	49370	0	49370	1	49370	5329,9
49380	6379	49380	45,7	49380	0	49380	1	49380	5329,9
49390	6380	49390	47,8	49390	0	49390	1	49390	5329,9
49400	6381	49400	46,1	49400	0	49400	1	49400	5329,9
49410	6382	49410	41,5	49410	0	49410	1	49410	5329,9
49420	6383	49420	50,4	49420	0	49420	1	49420	5329,9
49430	6384	49430	49,8	49430	0	49430	1	49430	5329,9
49440	6385	49440	43,9	49440	0	49440	1	49440	5329,9
49450	6386	49450	48	49450	0	49450	1	49450	5329,9
49460	6387	49460	29,8	49460	0	49460	1	49460	5329,9
49470	6388	49470	45,3	49470	0	49470	1	49470	5329,9
49480	6389	49480	46,7	49480	0	49480	1	49480	5329,9
49490	6390	49490	48,2	49490	0	49490	1	49490	5329,9
49500	6391	49500	47,2	49500	0	49500	1	49500	5329,9
49510	6392	49510	42,7	49510	0	49510	1	49510	5329,9
49520	6393	49520	42,2	49520	0	49520	1	49520	5329,9
49530	6394	49530	48,7	49530	0	49530	1	49530	5329,9
49540	6395	49540	44	49540	0	49540	1	49540	5329,9
49550	6396	49550	45,5	49550	0	49550	1	49550	5329,9
49560	6397	49560	49,2	49560	0	49560	1	49560	5329,9
49570	6398	49570	49,3	49570	0	49570	1	49570	5329,9
49580	6399	49580	44,7	49580	0	49580	1	49580	5329,9
49590	6400	49590	49,9	49590	0	49590	3	49590	5329,9
49600	6401	49600	70,1	49600	0	49600	1	49600	5329,9
49610	6402	49610	34	49610	0	49610	1	49610	5329,9
49620	6403	49620	32,4	49620	0	49620	1	49620	5329,9
49630	6404	49630	46,3	49630	0	49630	1	49630	5329,9
49640	6405	49640	47,6	49640	0	49640	1	49640	5329,9
49650	6406	49650	57,5	49650	0	49650	1	49650	5329,9
49660	6407	49660	44,3	49660	0	49660	1	49660	5329,9
49670	6408	49670	48,7	49670	0	49670	1	49670	5329,9
49680	6409	49680	49,7	49680	0	49680	1	49680	5329,9
49690	6410	49690	47,9	49690	0	49690	1	49690	5329,9
49700	6411	49700	49,4	49700	0	49700	1	49700	5329,9
49710	6412	49710	53,7	49710	0	49710	1	49710	5329,9
49720	6413	49720	52,3	49720	0	49720	1	49720	5329,9
49730	6414	49730	38,3	49730	0	49730	1	49730	5329,9
49740	6415	49740	46,9	49740	0	49740	1	49740	5329,9
49750	6416	49750	46,9	49750	0	49750	1	49750	5329,9
49760	6417	49760	41,3	49760	0	49760	1	49760	5329,9
49770	6418	49770	49,9	49770	0	49770	1	49770	5329,9
49780	6419	49780	43,7	49780	0	49780	1	49780	5329,9
49790	6420	49790	32,1	49790	0	49790	1	49790	5329,9
49800	6421	49800	29,1	49800	0	49800	1	49800	5329,9
49810	6422	49810	26,6	49810	0	49810	1	49810	5329,9
49820	6423	49820	44,6	49820	0	49820	1	49820	5329,9
49830	6424	49830	41,6	49830	0	49830	1	49830	5329,9
49840	6425	49840	45,4	49840	0	49840	1	49840	5329,9
49850	6426	49850	46,7	49850	0	49850	1	49850	5329,9
49860	6427	49860	128,9	49860	0	49860	1	49860	5329,9
49870	6428	49870	48,6	49870	0	49870	1	49870	5329,9
49880	6429	49880	44,9	49880	0	49880	1	49880	5329,9
49890	6430	49890	48,9	49890	0	49890	1	49890	5329,9
49900	6431	49900	48,6	49900	0	49900	1	49900	5329,9
49910	6432	49910	48,7	49910	0	49910	1	49910	5329,9
49920	6433	49920	28,7	49920	0	49920	1	49920	5329,9
49930	6434	49930	53,8	49930	0	49930	1	49930	5329,9
49940	6435	49940	38,2	49940	0	49940	1	49940	5329,9
49950	6436	49950	45,1	49950	0	49950	1	49950	5329,9
49960	6437	49960	43,2	49960	0	49960	1	49960	5329,9
49970	6438	49970	27,1	49970	0	49970	1	49970	5329,9
49980	6439	49980	45,2	49980	0	49980	1	49980	5329,9
49990	6440	49990	42,2	49990	0	49990	1	49990	5329,9
50000	6441	50000	48,1	50000	0	50000	1	50000	5329,9
50010	6442	50010	41,3	50010	0	50010	1	50010	5329,9
50020	6443	50020	44,4	50020	0	50020	1	50020	5329,9
50030	6444	50030	44,2	50030	0	50030	1	50030	5329,9
50040	6445	50040	38,8	50040	0	50040	1	50040	5329,9
50050	6446	50050	44,2	50050	0	50050	1	50050	5329,9
50060	6447	50060	40,4	50060	0	50060	1	50060	5329,9
50070	6448	50070	47,4	50070	0	50070	1	50070	5329,9
50080	6449	50080	33,9	50080	0	50080	1	50080	5329,9
50090	6450	50090	47,8	50090	0	50090	1	50090	5329,9
50100	6451	50100	55,4	50100	0	50100	1	50100	5329,9
50110	6452	50110	46,6	50110	0	50110	1	50110	5329,9
50120	6453	50120	31,8	50120	0	50120	1	50120	5329,9
50130	6454	50130	43,3	50130	0	50130	1	50130	5329,9
50140	6455	50140	47,7	50140	0	50140	1	50140	5329,9
50150	6456	50150	43,2	50150	0	50150	1	50150	5329,9
50160	6457	50160	45,8	50160	0	50160	1	50160	5329,9
50170	6458	50170	46,1	50170	0	50170	1	50170	5329,9
50180	6459	50180	45,9	50180	0	50180	1	50180	5329,9
50190	6460	50190	33,3	50190	0	50190	1	50190	5329,9
50200	6461	50200	40,9	50200	0	50200	1	50200	5329,9
50210	6462	50210	33,8	50210	0	50210	1	50210	5329,9
50220	6463	50220	49,8	50220	0	50220	1	50220	5329,9
50230	6464	50230	53,1	50230	0	50230	1	50230	5329,9
50240	6465	50240	47,1	50240	0	50240	1	50240	5329,9
50250	6466	50250	40,8	50250	0	50250	1	50250	5329,9
50260	6467	50260	45,1	50260	0	50260	1	50260	5329,9
50270	6468	50270	50,7	50270	0	50270	1	50270	5329,9
50280	6469	50280	47,7	50280	0	50280	1	50280	5329,9
50290	6470	50290	43,4	50290	0	50290	1	50290	5329,9
50300	6471	50300	44,3	50300	0	50300	1	50300	5329,9
50310	6472	50310	44,6	50310	0	50310	1	50310	5329,9
50320	6473	50320	43,7	50320	0	50320	1	50320	5329,9
50330	6474	50330	24,8	50330	0	50330	1	50330	5329,9
50340	6475	50340	47,3	50340	0	50340	1	50340	5329,9
50350	6476	50350	40,9	50350	0	50350	1	50350	5329,9
50360	6477	50360	44,6	50360	0	50360	1	50360	5329,9
50370	6478	50370	46,4	50370	0	50370	1	50370	5329,9
50380	6479	50380	40,9	50380	0	50380	1	50380	5329,9
50390	6480	50390	42,5	50390	0	50390	1	50390	5329,9
50400	6481	50400	46,5	50400	0	50400	1	50400	5329,9
50410	6482	50410	44,8	50410	0	50410	1	50410	5329,9
50420	6483	50420	42,6	50420	0	50420	1	50420	5329,9
50430	6484	50430	31,3	50430	0	50430	1	50430	5329,9
50440	6485	50440	41,8	50440	0	50440	1	50440	5329,9
50450	6486	50450	50,5	50450	0	50450	1	50450	5329,9
50460	6487	50460	48,9	50460	0	50460	1	50460	5329,9
50470	6488	50470	45,1	50470	0	50470	1	50470	5329,9
50480	6489	50480	123,4	50480	0	50480	1	50480	5329,9
50490	6490	50490	40,7	50490	0	50490	1	50490	5329,9
50500	6491	50500	44,1	50500	0	50500	1	50500	5329,9
50510	6492	50510	44,9	50510	0	50510	1	50510	5329,9
50520	6493	50520	45,3	50520	0	50520	1	50520	5329,9
50530	6494	50530	50,9	50530	0	50530	1	50530	5329,9
50540	6495	50540	44,7	50540	0	50540	1	50540	5329,9
50550	6496	50550	28,9	50550	0	50550	1	50550	5329,9
50560	6497	50560	80,7	50560	0	50560	1	50560	5329,9
50570	6498	50570	44,7	50570	0	50570	1	50570	5329,9
50580	6499	50580	45,2	50580	0	50580	1	50580	5329,9
50590	6500	50590	44,8	50590	0	50590	3	50590	5329,9
50600	6501	50600	66,5	50600	0	50600	1	50600	5329,9
50610	6502	50610	50	50610	0	50610	1	50610	5329,9
50620	6503	50620	53,8	50620	0	50620	1	50620	5329,9
50630	6504	50630	36	50630	0	50630	1	50630	5329,9
50640	6505	50640	55	50640	0	50640	1	50640	5329,9
50650	6506	50650	47,9	50650	0	50650	1	50650	5329,9
50660	6507	50660	49,4	50660	0	50660	1	50660	5329,9
50670	6508	50670	45	50670	0	50670	1	50670	5329,9
50680	6509	50680	31,1	50680	0	50680	1	50680	5329,9
50690	6510	50690	45,7	50690	0	50690	1	50690	5329,9
50700	6511	50700	50	50700	0	50700	3	50700	5329,9
50710	6512	50710	64,5	50710	0	50710	1	50710	5329,9
50720	6513	50720	44,9	50720	0	50720	1	50720	5329,9
50730	6514	50730	31,4	50730	0	50730	1	50730	5329,9
50740	6515	50740	43,5	50740	0	50740	1	50740	5329,9
50750	6516	50750	51,2	50750	0	50750	1	50750	5329,9
50760	6517	50760	52,6	50760	0	50760	1	50760	5329,9
50770	6518	50770	46,8	50770	0	50770	3	50770	5329,9
50780	6519	50780	47,9	50780	0	50780	1	50780	5329,9
50790	6520	50790	49	50790	0	50790	1	50790	5329,9
50800	6521	50800	29,5	50800	0	50800	1	50800	5329,9
50810	6522	50810	47,4	50810	0	50810	1	50810	5329,9
50820	6523	50820	60	50820	0	50820	1	50820	5329,9
50830	6524	50830	34,3	50830	0	50830	1	50830	5329,9
50840	6525	50840	31,2	50840	0	50840	1	50840	5329,9
50850	6526	50850	42,3	50850	0	50850	1	50850	5329,9
50860	6527	50860	44,8	50860	0	50860	1	50860	5329,9
50870	6528	50870	154,2	50870	0	50870	1	50870	5329,9
50880	6529	50880	48	50880	0	50880	1	50880	5329,9
50890	6530	50890	47,5	50890	0	50890	1	50890	5329,9
50900	6531	50900	49,6	50900	0	50900	1	50900	5329,9
50910	6532	50910	48,9	50910	0	50910	1	50910	5329,9
50920	6533	50920	52,9	50920	0	50920	1	50920	5329,9
50930	6534	50930	55,5	50930	0	50930	1	50930	5329,9
50940	6535	50940	49,8	50940	0	50940	1	50940	5329,9
50950	6536	50950	64,1	50950	0	50950	1	50950	5329,9
50960	6537	50960	52,3	50960	0	50960	1	50960	5329,9
50970	6538	50970	54,9	50970	0	50970	1	50970	5329,9
50980	6539	50980	45,2	50980	0	50980	1	50980	5329,9
50990	6540	50990	48,7	50990	0	50990	1	50990	5329,9
51000	6541	51000	54,6	51000	0	51000	1	51000	5329,9
51010	6542	51010	35,6	51010	0	51010	1	51010	5329,9
51020	6543	51020	45,9	51020	0	51020	1	51020	5329,9
51030	6544	51030	51,8	51030	0	51030	1	51030	5329,9
51040	6545	51040	27,2	51040	0	51040	1	51040	5329,9
51050	6546	51050	41,9	51050	0	51050	1	51050	5329,9
51060	6547	51060	43,5	51060	0	51060	1	51060	5329,9
51070	6548	51070	48	51070	0	51070	1	51070	5329,9
51080	6549	51080	45,3	51080	0	51080	1	51080	5329,9
51090	6550	51090	45,4	51090	0	51090	1	51090	5329,9
51100	6551	51100	56,4	51100	0	51100	1	51100	5329,9
51110	6552	51110	45,8	51110	0	51110	1	51110	5329,9
51120	6553	51120	43,6	51120	0	51120	1	51120	5329,9
51130	6554	51130	55,3	51130	0	51130	1	51130	5329,9
51140	6555	51140	46,2	51140	0	51140	1	51140	5329,9
51150	6556	51150	72,1	51150	0	51150	1	51150	5329,9
51160	6557	51160	47,9	51160	0	51160	1	51160	5329,9
51170	6558	51170	44,9	51170	0	51170	1	51170	5329,9
51180	6559	51180	42,6	51180	0	51180	1	51180	5329,9
51190	6560	51190	50,6	51190	0	51190	1	51190	5329,9
51200	6561	51200	41,1	51200	0	51200	1	51200	5329,9
51210	6562	51210	49,1	51210	0	51210	1	51210	5329,9
51220	6563	51220	42,7	51220	0	51220	1	51220	5329,9
51230	6564	51230	55,9	51230	0	51230	1	51230	5329,9
51240	6565	51240	34,1	51240	0	51240	1	51240	5329,9
51250	6566	51250	50,6	51250	0	51250	1	51250	5329,9
51260	6567	51260	45,2	51260	0	51260	1	51260	5329,9
51270	6568	51270	30,7	51270	0	51270	1	51270	5329,9
51280	6569	51280	41,6	51280	0	51280	1	51280	5329,9
51290	6570	51290	46,1	51290	0	51290	1	51290	5329,9
51300	6571	51300	50,4	51300	0	51300	1	51300	5329,9
51310	6572	51310	44,3	51310	0	51310	1	51310	5329,9
51320	6573	51320	42,8	51320	0	51320	1	51320	5329,9
51330	6574	51330	48,1	51330	0	51330	1	51330	5329,9
51340	6575	51340	49,3	51340	0	51340	1	51340	5329,9
51350	6576	51350	48,4	51350	0	51350	1	51350	5329,9
51360	6577	51360	46	51360	0	51360	1	51360	5329,9
51370	6578	51370	46,2	51370	0	51370	1	51370	5329,9
51380	6579	51380	55,9	51380	0	51380	1	51380	5329,9
51390	6580	51390	49,4	51390	0	51390	1	51390	5329,9
51400	6581	51400	41,6	51400	0	51400	1	51400	5329,9
51410	6582	51410	40,8	51410	0	51410	1	51410	5329,9
51420	6583	51420	47,1	51420	0	51420	1	51420	5329,9
51430	6584	51430	55,7	51430	0	51430	1	51430	5329,9
51440	6585	51440	49,1	51440	0	51440	1	51440	5329,9
51450	6586	51450	47,4	51450	0	51450	1	51450	5329,9
51460	6587	51460	46	51460	0	51460	1	51460	5329,9
51470	6588	51470	46,1	51470	0	51470	1	51470	5329,9
51480	6589	51480	44,6	51480	0	51480	1	51480	5329,9
51490	6590	51490	45,2	51490	0	51490	1	51490	5329,9
51500	6591	51500	54	51500	0	51500	1	51500	5329,9
51510	6592	51510	56,9	51510	0	51510	1	51510	5329,9
51520	6593	51520	49,9	51520	0	51520	1	51520	5329,9
51530	6594	51530	51,1	51530	0	51530	1	51530	5329,9
51540	6595	51540	53,5	51540	0	51540	1	51540	5329,9
51550	6596	51550	50,3	51550	0	51550	1	51550	5329,9
51560	6597	51560	51,5	51560	0	51560	1	51560	5329,9
51570	6598	51570	53,4	51570	0	51570	1	51570	5329,9
51580	6599	51580	55,3	51580	0	51580	1	51580	5329,9
51590	6600	51590	47,7	51590	0	51590	3	51590	5329,9
51600	6601	51600	73,4	51600	0	51600	1	51600	5329,9
51610	6602	51610	33,8	51610	0	51610	1	51610	5329,9
51620	6603	51620	53,3	51620	0	51620	1	51620	5329,9
51630	6604	51630	26,7	51630	0	51630	1	51630	5329,9
51640	6605	51640	50,9	51640	0	51640	1	51640	5329,9
51650	6606	51650	30,6	51650	0	51650	1	51650	5329,9
51660	6607	51660	43,6	51660	0	51660	1	51660	5329,9
51670	6608	51670	49,5	51670	0	51670	1	51670	5329,9
51680	6609	51680	45,6	51680	0	51680	1	51680	5329,9
51690	6610	51690	56,9	51690	0	51690	1	51690	5329,9
51700	6611	51700	56,8	51700	0	51700	1	51700	5329,9
51710	6612	51710	48,4	51710	0	51710	1	51710	5329,9
51720	6613	51720	39,9	51720	0	51720	1	51720	5329,9
51730	6614	51730	45,9	51730	0	51730	1	51730	5329,9
51740	6615	51740	26,2	51740	0	51740	1	51740	5329,9
51750	6616	51750	27,3	51750	0	51750	1	51750	5329,9
51760	6617	51760	49,3	51760	0	51760	1	51760	5329,9
51770	6618	51770	33,4	51770	0	51770	1	51770	5329,9
51780	6619	51780	25,6	51780	0	51780	1	51780	5329,9
51790	6620	51790	26,6	51790	0	51790	1	51790	5329,9
51800	6621	51800	25,5	51800	0	51800	1	51800	5329,9
51810	6622	51810	42	51810	0	51810	1	51810	5329,9
51820	6623	51820	32,3	51820	0	51820	1	51820	5329,9
51830	6624	51830	27,6	51830	0	51830	1	51830	5329,9
51840	6625	51840	38,2	51840	0	51840	1	51840	5329,9
51850	6626	51850	31,1	51850	0	51850	1	51850	5329,9
51860	6627	51860	32,4	51860	0	51860	1	51860	5329,9
51870	6628	51870	49,3	51870	0	51870	1	51870	5329,9
51880	6629	51880	27,7	51880	0	51880	1	51880	5329,9
51890	6630	51890	28,5	51890	0	51890	1	51890	5329,9
51900	6631	51900	26,1	51900	0	51900	1	51900	5329,9
51910	6632	51910	28,5	51910	0	51910	1	51910	5329,9
51920	6633	51920	24,5	51920	0	51920	1	51920	5329,9
51930	6634	51930	28,2	51930	0	51930	1	51930	5329,9
51940	6635	51940	25,6	51940	0	51940	1	51940	5329,9
51950	6636	51950	25,1	51950	0	51950	1	51950	5329,9
51960	6637	51960	24,8	51960	0	51960	1	51960	5329,9
51970	6638	51970	27,5	51970	0	51970	1	51970	5329,9
51980	6639	51980	24,1	51980	0	51980	1	51980	5329,9
51990	6640	51990	37,3	51990	0	51990	1	51990	5329,9
52000	6641	52000	28	52000	0	52000	1	52000	5329,9
52010	6642	52010	38,8	52010	0	52010	1	52010	5329,9
52020	6643	52020	25,6	52020	0	52020	1	52020	5329,9
52030	6644	52030	26,4	52030	0	52030	1	52030	5329,9
52040	6645	52040	41,5	52040	0	52040	1	52040	5329,9
52050	6646	52050	24,5	52050	0	52050	1	52050	5329,9
52060	6647	52060	25	52060	0	52060	1	52060	5329,9
52070	6648	52070	27,8	52070	0	52070	1	52070	5329,9
52080	6649	52080	39,1	52080	0	52080	1	52080	5329,9
52090	6650	52090	28,9	52090	0	52090	1	52090	5329,9
52100	6651	52100	47,3	52100	0	52100	1	52100	5329,9
52110	6652	52110	28,3	52110	0	52110	1	52110	5329,9
52120	6653	52120	43,4	52120	0	52120	1	52120	5329,9
52130	6654	52130	49,5	52130	0	52130	1	52130	5329,9
52140	6655	52140	45,8	52140	0	52140	1	52140	5329,9
52150	6656	52150	56,4	52150	0	52150	1	52150	5329,9
52160	6657	52160	44,9	52160	0	52160	1	52160	5329,9
52170	6658	52170	47,8	52170	0	52170	1	52170	5329,9
52180	6659	52180	44	52180	0	52180	1	52180	5329,9
52190	6660	52190	46,5	52190	0	52190	1	52190	5329,9
52200	6661	52200	50,1	52200	0	52200	1	52200	5329,9
52210	6662	52210	49,4	52210	0	52210	1	52210	5329,9
52220	6663	52220	49,9	52220	0	52220	1	52220	5329,9
52230	6664	52230	55,2	52230	0	52230	1	52230	5329,9
52240	6665	52240	56,4	52240	0	52240	1	52240	5329,9
52250	6666	52250	49,3	52250	0	52250	1	52250	5329,9
52260	6667	52260	42,2	52260	0	52260	1	52260	5329,9
52270	6668	52270	32,5	52270	0	52270	1	52270	5329,9
52280	6669	52280	27,1	52280	0	52280	1	52280	5329,9
52290	6670	52290	40,3	52290	0	52290	1	52290	5329,9
52300	6671	52300	30,1	52300	0	52300	1	52300	5329,9
52310	6672	52310	34,6	52310	0	52310	1	52310	5329,9
52320	6673	52320	45,1	52320	0	52320	1	52320	5329,9
52330	6674	52330	42,1	52330	0	52330	1	52330	5329,9
52340	6675	52340	52,8	52340	0	52340	1	52340	5329,9
52350	6676	52350	44,5	52350	0	52350	1	52350	5329,9
52360	6677	52360	54,5	52360	0	52360	1	52360	5329,9
52370	6678	52370	51,5	52370	0	52370	1	52370	5329,9
52380	6679	52380	44,9	52380	0	52380	1	52380	5329,9
52390	6680	52390	28,9	52390	0	52390	1	52390	5329,9
52400	6681	52400	36,6	52400	0	52400	1	52400	5329,9
52410	6682	52410	26,3	52410	0	52410	1	52410	5329,9
52420	6683	52420	44,9	52420	0	52420	1	52420	5329,9
52430	6684	52430	56	52430	0	52430	1	52430	5329,9
52440	6685	52440	26,6	52440	0	52440	1	52440	5329,9
52450	6686	52450	47,9	52450	0	52450	1	52450	5329,9
52460	6687	52460	27,9	52460	0	52460	1	52460	5329,9
52470	6688	52470	45,5	52470	0	52470	1	52470	5329,9
52480	6689	52480	32,5	52480	0	52480	1	52480	5329,9
52490	6690	52490	49,5	52490	0	52490	1	52490	5329,9
52500	6691	52500	25,8	52500	0	52500	1	52500	5329,9
52510	6692	52510	26,2	52510	0	52510	1	52510	5329,9
52520	6693	52520	48,7	52520	0	52520	1	52520	5329,9
52530	6694	52530	51,5	52530	0	52530	1	52530	5329,9
52540	6695	52540	25,5	52540	0	52540	1	52540	5329,9
52550	6696	52550	43,4	52550	0	52550	1	52550	5329,9
52560	6697	52560	45	52560	0	52560	1	52560	5329,9
52570	6698	52570	31,4	52570	0	52570	1	52570	5329,9
52580	6699	52580	42,6	52580	0	52580	1	52580	5329,9
52590	6700	52590	48,8	52590	0	52590	3	52590	5329,9
52600	6701	52600	68,8	52600	0	52600	1	52600	5329,9
52610	6702	52610	44,2	52610	0	52610	1	52610	5329,9
52620	6703	52620	27,7	52620	0	52620	1	52620	5329,9
52630	6704	52630	30,4	52630	0	52630	1	52630	5329,9
52640	6705	52640	29,9	52640	0	52640	1	52640	5329,9
52650	6706	52650	43,6	52650	0	52650	1	52650	5329,9
52660	6707	52660	47,9	52660	0	52660	1	52660	5329,9
52670	6708	52670	44	52670	0	52670	1	52670	5329,9
52680	6709	52680	56	52680	0	52680	1	52680	5329,9
52690	6710	52690	49,6	52690	0	52690	1	52690	5329,9
52700	6711	52700	51,7	52700	0	52700	1	52700	5329,9
52710	6712	52710	45,5	52710	0	52710	1	52710	5329,9
52720	6713	52720	46,7	52720	0	52720	1	52720	5329,9
52730	6714	52730	47,1	52730	0	52730	1	52730	5329,9
52740	6715	52740	47,6	52740	0	52740	1	52740	5329,9
52750	6716	52750	23,1	52750	0	52750	1	52750	5329,9
52760	6717	52760	38,1	52760	0	52760	1	52760	5329,9
52770	6718	52770	47,9	52770	0	52770	1	52770	5329,9
52780	6719	52780	43,9	52780	0	52780	1	52780	5329,9
52790	6720	52790	43,3	52790	0	52790	1	52790	5329,9
52800	6721	52800	46	52800	0	52800	1	52800	5329,9
52810	6722	52810	54,1	52810	0	52810	1	52810	5329,9
52820	6723	52820	48,6	52820	0	52820	1	52820	5329,9
52830	6724	52830	33,2	52830	0	52830	1	52830	5329,9
52840	6725	52840	40,1	52840	0	52840	1	52840	5329,9
52850	6726	52850	45,6	52850	0	52850	1	52850	5329,9
52860	6727	52860	49,8	52860	0	52860	1	52860	5329,9
52870	6728	52870	44,4	52870	0	52870	1	52870	5329,9
52880	6729	52880	42,2	52880	0	52880	1	52880	5329,9
52890	6730	52890	48,1	52890	0	52890	1	52890	5329,9
52900	6731	52900	43,3	52900	0	52900	1	52900	5329,9
52910	6732	52910	39,3	52910	0	52910	1	52910	5329,9
52920	6733	52920	35,4	52920	0	52920	1	52920	5329,9
52930	6734	52930	44,8	52930	0	52930	1	52930	5329,9
52940	6735	52940	51,2	52940	0	52940	1	52940	5329,9
52950	6736	52950	54,5	52950	0	52950	1	52950	5329,9
52960	6737	52960	49,7	52960	0	52960	1	52960	5329,9
52970	6738	52970	46,7	52970	0	52970	1	52970	5329,9
52980	6739	52980	50,5	52980	0	52980	1	52980	5329,9
52990	6740	52990	43,6	52990	0	52990	1	52990	5329,9
53000	6741	53000	46,2	53000	0	53000	1	53000	5329,9
53010	6742	53010	56,2	53010	0	53010	1	53010	5329,9
53020	6743	53020	51,3	53020	0	53020	1	53020	5329,9
53030	6744	53030	44	53030	0	53030	1	53030	5329,9
53040	6745	53040	52,8	53040	0	53040	1	53040	5329,9
53050	6746	53050	49,2	53050	0	53050	1	53050	5329,9
53060	6747	53060	53,4	53060	0	53060	1	53060	5329,9
53070	6748	53070	48,9	53070	0	53070	1	53070	5329,9
53080	6749	53080	53	53080	0	53080	1	53080	5329,9
53090	6750	53090	52,8	53090	0	53090	1	53090	5329,9
53100	6751	53100	53,8	53100	0	53100	1	53100	5329,9
53110	6752	53110	30,6	53110	0	53110	1	53110	5329,9
53120	6753	53120	41,2	53120	0	53120	1	53120	5329,9
53130	6754	53130	53,6	53130	0	53130	1	53130	5329,9
53140	6755	53140	47,8	53140	0	53140	1	53140	5329,9
53150	6756	53150	48,3	53150	0	53150	1	53150	5329,9
53160	6757	53160	32	53160	0	53160	1	53160	5329,9
53170	6758	53170	37,1	53170	0	53170	1	53170	5329,9
53180	6759	53180	48,3	53180	0	53180	1	53180	5329,9
53190	6760	53190	37,9	53190	0	53190	1	53190	5329,9
53200	6761	53200	48,7	53200	0	53200	1	53200	5329,9
53210	6762	53210	53	53210	0	53210	1	53210	5329,9
53220	6763	53220	46,1	53220	0	53220	1	53220	5329,9
53230	6764	53230	36,4	53230	0	53230	1	53230	5329,9
53240	6765	53240	56,4	53240	0	53240	1	53240	5329,9
53250	6766	53250	55	53250	0	53250	1	53250	5329,9
53260	6767	53260	54	53260	0	53260	1	53260	5329,9
53270	6768	53270	47,1	53270	0	53270	1	53270	5329,9
53280	6769	53280	51,7	53280	0	53280	1	53280	5329,9
53290	6770	53290	38,5	53290	0	53290	1	53290	5329,9
53300	6771	53300	38,6	53300	0	53300	1	53300	5329,9
53310	6772	53310	44,9	53310	0	53310	1	53310	5329,9
53320	6773	53320	47,5	53320	0	53320	1	53320	5329,9
53330	6774	53330	26,5	53330	0	53330	1	53330	5329,9
53340	6775	53340	43,8	53340	0	53340	1	53340	5329,9
53350	6776	53350	40,9	53350	0	53350	1	53350	5329,9
53360	6777	53360	39	53360	0	53360	1	53360	5329,9
53370	6778	53370	49,1	53370	0	53370	1	53370	5329,9
53380	6779	53380	60	53380	0	53380	1	53380	5329,9
53390	6780	53390	47,4	53390	0	53390	1	53390	5329,9
53400	6781	53400	55,4	53400	0	53400	1	53400	5329,9
53410	6782	53410	50,3	53410	0	53410	1	53410	5329,9
53420	6783	53420	47	53420	0	53420	1	53420	5329,9
53430	6784	53430	58,8	53430	0	53430	1	53430	5329,9
53440	6785	53440	52,3	53440	0	53440	1	53440	5329,9
53450	6786	53450	52,5	53450	0	53450	1	53450	5329,9
53460	6787	53460	52,6	53460	0	53460	1	53460	5329,9
53470	6788	53470	60,6	53470	0	53470	1	53470	5329,9
53480	6789	53480	45,9	53480	0	53480	1	53480	5329,9
53490	6790	53490	34,2	53490	0	53490	1	53490	5329,9
53500	6791	53500	25,7	53500	0	53500	1	53500	5329,9
53510	6792	53510	25,9	53510	0	53510	1	53510	5329,9
53520	6793	53520	36,5	53520	0	53520	1	53520	5329,9
53530	6794	53530	30,1	53530	0	53530	1	53530	5329,9
53540	6795	53540	92,3	53540	0	53540	1	53540	5329,9
53550	6796	53550	54,2	53550	0	53550	1	53550	5329,9
53560	6797	53560	50,2	53560	0	53560	1	53560	5329,9
53570	6798	53570	43,2	53570	0	53570	1	53570	5329,9
53580	6799	53580	47,9	53580	0	53580	1	53580	5329,9
53590	6800	53590	31,9	53590	0	53590	3	53590	5329,9
53600	6801	53600	67,5	53600	0	53600	1	53600	5329,9
53610	6802	53610	42,3	53610	0	53610	1	53610	5329,9
53620	6803	53620	45,2	53620	0	53620	1	53620	5329,9
53630	6804	53630	46,2	53630	0	53630	1	53630	5329,9
53640	6805	53640	50,1	53640	0	53640	1	53640	5329,9
53650	6806	53650	48,1	53650	0	53650	1	53650	5329,9
53660	6807	53660	44,7	53660	0	53660	1	53660	5329,9
53670	6808	53670	52,8	53670	0	53670	1	53670	5329,9
53680	6809	53680	49,3	53680	0	53680	1	53680	5329,9
53690	6810	53690	58,1	53690	0	53690	1	53690	5329,9
53700	6811	53700	47,4	53700	0	53700	1	53700	5329,9
53710	6812	53710	50,1	53710	0	53710	1	53710	5329,9
53720	6813	53720	48,8	53720	0	53720	1	53720	5329,9
53730	6814	53730	49	53730	0	53730	1	53730	5329,9
53740	6815	53740	55,8	53740	0	53740	1	53740	5329,9
53750	6816	53750	54,3	53750	0	53750	1	53750	5329,9
53760	6817	53760	53,6	53760	0	53760	1	53760	5329,9
53770	6818	53770	56	53770	0	53770	1	53770	5329,9
53780	6819	53780	41,8	53780	0	53780	3	53780	5329,9
53790	6820	53790	61,3	53790	0	53790	1	53790	5329,9
53800	6821	53800	46,7	53800	0	53800	1	53800	5329,9
53810	6822	53810	49,6	53810	0	53810	1	53810	5329,9
53820	6823	53820	44,5	53820	0	53820	1	53820	5329,9
53830	6824	53830	31,8	53830	0	53830	1	53830	5329,9
53840	6825	53840	27,5	53840	0	53840	1	53840	5329,9
53850	6826	53850	49,2	53850	0	53850	1	53850	5329,9
53860	6827	53860	45,7	53860	0	53860	1	53860	5329,9
53870	6828	53870	48,4	53870	0	53870	1	53870	5329,9
53880	6829	53880	39,7	53880	0	53880	1	53880	5329,9
53890	6830	53890	55,5	53890	0	53890	1	53890	5329,9
53900	6831	53900	46,8	53900	0	53900	1	53900	5329,9
53910	6832	53910	48,5	53910	0	53910	1	53910	5329,9
53920	6833	53920	63,2	53920	0	53920	1	53920	5329,9
53930	6834	53930	47,8	53930	0	53930	1	53930	5329,9
53940	6835	53940	49,1	53940	0	53940	1	53940	5329,9
53950	6836	53950	51,7	53950	0	53950	1	53950	5329,9
53960	6837	53960	50,2	53960	0	53960	1	53960	5329,9
53970	6838	53970	41,2	53970	0	53970	1	53970	5329,9
53980	6839	53980	52,2	53980	0	53980	1	53980	5329,9
53990	6840	53990	52,1	53990	0	53990	1	53990	5329,9
54000	6841	54000	55	54000	0	54000	1	54000	5329,9
54010	6842	54010	48,9	54010	0	54010	1	54010	5329,9
54020	6843	54020	54,7	54020	0	54020	1	54020	5329,9
54030	6844	54030	50,2	54030	0	54030	1	54030	5329,9
54040	6845	54040	44,9	54040	0	54040	1	54040	5329,9
54050	6846	54050	55,2	54050	0	54050	1	54050	5329,9
54060	6847	54060	60,6	54060	0	54060	1	54060	5329,9
54070	6848	54070	49,1	54070	0	54070	1	54070	5329,9
54080	6849	54080	55	54080	0	54080	1	54080	5329,9
54090	6850	54090	28,8	54090	0	54090	1	54090	5329,9
54100	6851	54100	79,3	54100	0	54100	1	54100	5329,9
54110	6852	54110	49,5	54110	0	54110	1	54110	5329,9
54120	6853	54120	52,5	54120	0	54120	1	54120	5329,9
54130	6854	54130	53,4	54130	0	54130	1	54130	5329,9
54140	6855	54140	47,7	54140	0	54140	1	54140	5329,9
54150	6856	54150	47,1	54150	0	54150	1	54150	5329,9
54160	6857	54160	49,9	54160	0	54160	1	54160	5329,9
54170	6858	54170	53,2	54170	0	54170	1	54170	5329,9
54180	6859	54180	45,2	54180	0	54180	1	54180	5329,9
54190	6860	54190	47,8	54190	0	54190	1	54190	5329,9
54200	6861	54200	47,8	54200	0	54200	1	54200	5329,9
54210	6862	54210	49,5	54210	0	54210	1	54210	5329,9
54220	6863	54220	55,1	54220	0	54220	1	54220	5329,9
54230	6864	54230	52,2	54230	0	54230	1	54230	5329,9
54240	6865	54240	52,4	54240	0	54240	1	54240	5329,9
54250	6866	54250	63,1	54250	0	54250	1	54250	5329,9
54260	6867	54260	57,9	54260	0	54260	1	54260	5329,9
54270	6868	54270	51	54270	0	54270	1	54270	5329,9
54280	6869	54280	43,8	54280	0	54280	1	54280	5329,9
54290	6870	54290	55,3	54290	0	54290	1	54290	5329,9
54300	6871	54300	60,1	54300	0	54300	1	54300	5329,9
54310	6872	54310	29,2	54310	0	54310	1	54310	5329,9
54320	6873	54320	43	54320	0	54320	1	54320	5329,9
54330	6874	54330	35,1	54330	0	54330	1	54330	5329,9
54340	6875	54340	35,7	54340	0	54340	1	54340	5329,9
54350	6876	54350	48,7	54350	0	54350	1	54350	5329,9
54360	6877	54360	50,2	54360	0	54360	1	54360	5329,9
54370	6878	54370	36,5	54370	0	54370	1	54370	5329,9
54380	6879	54380	34,7	54380	0	54380	1	54380	5329,9
54390	6880	54390	40,6	54390	0	54390	1	54390	5329,9
54400	6881	54400	56,5	54400	0	54400	1	54400	5329,9
54410	6882	54410	37,6	54410	0	54410	1	54410	5329,9
54420	6883	54420	57,2	54420	0	54420	1	54420	5329,9
54430	6884	54430	42,6	54430	0	54430	1	54430	5329,9
54440	6885	54440	108,6	54440	0	54440	1	54440	5329,9
54450	6886	54450	28,3	54450	0	54450	1	54450	5329,9
54460	6887	54460	29	54460	0	54460	1	54460	5329,9
54470	6888	54470	58,5	54470	0	54470	1	54470	5329,9
54480	6889	54480	50,7	54480	0	54480	1	54480	5329,9
54490	6890	54490	25,8	54490	0	54490	1	54490	5329,9
54500	6891	54500	53,8	54500	0	54500	1	54500	5329,9
54510	6892	54510	26,5	54510	0	54510	1	54510	5329,9
54520	6893	54520	26,4	54520	0	54520	1	54520	5329,9
54530	6894	54530	27,3	54530	0	54530	1	54530	5329,9
54540	6895	54540	27	54540	0	54540	1	54540	5329,9
54550	6896	54550	28,4	54550	0	54550	1	54550	5329,9
54560	6897	54560	26,7	54560	0	54560	1	54560	5329,9
54570	6898	54570	25,8	54570	0	54570	1	54570	5329,9
54580	6899	54580	30,7	54580	0	54580	1	54580	5329,9
54590	6900	54590	28,6	54590	0	54590	3	54590	5329,9
54600	6901	54600	35,5	54600	0	54600	1	54600	5329,9
54610	6902	54610	26,1	54610	0	54610	1	54610	5329,9
54620	6903	54620	41,4	54620	0	54620	1	54620	5329,9
54630	6904	54630	24,5	54630	0	54630	1	54630	5329,9
54640	6905	54640	26,1	54640	0	54640	1	54640	5329,9
54650	6906	54650	24,3	54650	0	54650	1	54650	5329,9
54660	6907	54660	25,9	54660	0	54660	1	54660	5329,9
54670	6908	54670	27	54670	0	54670	1	54670	5329,9
54680	6909	54680	25,9	54680	0	54680	1	54680	5329,9
54690	6910	54690	40,7	54690	0	54690	1	54690	5329,9
54700	6911	54700	26,2	54700	0	54700	1	54700	5329,9
54710	6912	54710	46,1	54710	0	54710	1	54710	5329,9
54720	6913	54720	46,1	54720	0	54720	1	54720	5329,9
54730	6914	54730	26,4	54730	0	54730	1	54730	5329,9
54740	6915	54740	53,2	54740	0	54740	1	54740	5329,9
54750	6916	54750	34	54750	0	54750	1	54750	5329,9
54760	6917	54760	32,6	54760	0	54760	1	54760	5329,9
54770	6918	54770	38,4	54770	0	54770	1	54770	5329,9
54780	6919	54780	43,3	54780	0	54780	1	54780	5329,9
54790	6920	54790	48,2	54790	0	54790	1	54790	5329,9
54800	6921	54800	43,7	54800	0	54800	1	54800	5329,9
54810	6922	54810	48,1	54810	0	54810	1	54810	5329,9
54820	6923	54820	42	54820	0	54820	1	54820	5329,9
54830	6924	54830	38,1	54830	0	54830	1	54830	5329,9
54840	6925	54840	33,3	54840	0	54840	1	54840	5329,9
54850	6926	54850	40	54850	0	54850	1	54850	5329,9
54860	6927	54860	39,4	54860	0	54860	1	54860	5329,9
54870	6928	54870	45,3	54870	0	54870	1	54870	5329,9
54880	6929	54880	57,4	54880	0	54880	1	54880	5329,9
54890	6930	54890	51,7	54890	0	54890	1	54890	5329,9
54900	6931	54900	52,9	54900	0	54900	1	54900	5329,9
54910	6932	54910	47,8	54910	0	54910	1	54910	5329,9
54920	6933	54920	51,1	54920	0	54920	1	54920	5329,9
54930	6934	54930	41,1	54930	0	54930	1	54930	5329,9
54940	6935	54940	38,7	54940	0	54940	1	54940	5329,9
54950	6936	54950	35,4	54950	0	54950	1	54950	5329,9
54960	6937	54960	49,6	54960	0	54960	1	54960	5329,9
54970	6938	54970	56,5	54970	0	54970	1	54970	5329,9
54980	6939	54980	43,6	54980	0	54980	1	54980	5329,9
54990	6940	54990	43,5	54990	0	54990	1	54990	5329,9
55000	6941	55000	42,2	55000	0	55000	1	55000	5329,9
55010	6942	55010	49,2	55010	0	55010	1	55010	5329,9
55020	6943	55020	52,3	55020	0	55020	1	55020	5329,9
55030	6944	55030	48	55030	0	55030	1	55030	5329,9
55040	6945	55040	34,4	55040	0	55040	1	55040	5329,9
55050	6946	55050	46,4	55050	0	55050	1	55050	5329,9
55060	6947	55060	50	55060	0	55060	1	55060	5329,9
55070	6948	55070	41,1	55070	0	55070	1	55070	5329,9
55080	6949	55080	47,9	55080	0	55080	1	55080	5329,9
55090	6950	55090	49,8	55090	0	55090	1	55090	5329,9
55100	6951	55100	50,5	55100	0	55100	1	55100	5329,9
55110	6952	55110	68	55110	0	55110	1	55110	5329,9
55120	6953	55120	50,9	55120	0	55120	1	55120	5329,9
55130	6954	55130	51,1	55130	0	55130	1	55130	5329,9
55140	6955	55140	49,4	55140	0	55140	1	55140	5329,9
55150	6956	55150	48,1	55150	0	55150	1	55150	5329,9
55160	6957	55160	38	55160	0	55160	1	55160	5329,9
55170	6958	55170	54,2	55170	0	55170	1	55170	5329,9
55180	6959	55180	45	55180	0	55180	1	55180	5329,9
55190	6960	55190	43,5	55190	0	55190	1	55190	5329,9
55200	6961	55200	45,2	55200	0	55200	1	55200	5329,9
55210	6962	55210	51,7	55210	0	55210	1	55210	5329,9
55220	6963	55220	47,4	55220	0	55220	1	55220	5329,9
55230	6964	55230	48,7	55230	0	55230	1	55230	5329,9
55240	6965	55240	49,3	55240	0	55240	1	55240	5329,9
55250	6966	55250	56,5	55250	0	55250	1	55250	5329,9
55260	6967	55260	45,5	55260	0	55260	1	55260	5329,9
55270	6968	55270	42,3	55270	0	55270	1	55270	5329,9
55280	6969	55280	43,9	55280	0	55280	1	55280	5329,9
55290	6970	55290	32,5	55290	0	55290	1	55290	5329,9
55300	6971	55300	45,9	55300	0	55300	1	55300	5329,9
55310	6972	55310	48,7	55310	0	55310	1	55310	5329,9
55320	6973	55320	47,2	55320	0	55320	1	55320	5329,9
55330	6974	55330	57,6	55330	0	55330	1	55330	5329,9
55340	6975	55340	55,7	55340	0	55340	1	55340	5329,9
55350	6976	55350	47,1	55350	0	55350	1	55350	5329,9
55360	6977	55360	48,2	55360	0	55360	1	55360	5329,9
55370	6978	55370	46,3	55370	0	55370	1	55370	5329,9
55380	6979	55380	51,9	55380	0	55380	1	55380	5329,9
55390	6980	55390	48,9	55390	0	55390	1	55390	5329,9
55400	6981	55400	53,1	55400	0	55400	1	55400	5329,9
55410	6982	55410	41,5	55410	0	55410	1	55410	5329,9
55420	6983	55420	50,5	55420	0	55420	1	55420	5329,9
55430	6984	55430	56,9	55430	0	55430	1	55430	5329,9
55440	6985	55440	65,7	55440	0	55440	1	55440	5329,9
55450	6986	55450	55,3	55450	0	55450	1	55450	5329,9
55460	6987	55460	44,9	55460	0	55460	1	55460	5329,9
55470	6988	55470	28,5	55470	0	55470	1	55470	5329,9
55480	6989	55480	43,8	55480	0	55480	1	55480	5329,9
55490	6990	55490	46,1	55490	0	55490	1	55490	5329,9
55500	6991	55500	46,6	55500	0	55500	1	55500	5329,9
55510	6992	55510	27,6	55510	0	55510	1	55510	5329,9
55520	6993	55520	48,4	55520	0	55520	1	55520	5329,9
55530	6994	55530	47,2	55530	0	55530	1	55530	5329,9
55540	6995	55540	49,5	55540	0	55540	1	55540	5329,9
55550	6996	55550	46,2	55550	0	55550	1	55550	5329,9
55560	6997	55560	26,3	55560	0	55560	1	55560	5329,9
55570	6998	55570	47	55570	0	55570	1	55570	5329,9
55580	6999	55580	51,3	55580	0	55580	1	55580	5329,9
55590	7000	55590	46	55590	0	55590	3	55590	5329,9
55600	7001	55600	72,1	55600	0	55600	1	55600	5329,9
55610	7002	55610	44,3	55610	0	55610	1	55610	5329,9
55620	7003	55620	51,9	55620	0	55620	1	55620	5329,9
55630	7004	55630	48,1	55630	0	55630	1	55630	5329,9
55640	7005	55640	40,9	55640	0	55640	1	55640	5329,9
55650	7006	55650	45,4	55650	0	55650	1	55650	5329,9
55660	7007	55660	47,4	55660	0	55660	1	55660	5329,9
55670	7008	55670	48,3	55670	0	55670	1	55670	5329,9
55680	7009	55680	54,2	55680	0	55680	1	55680	5329,9
55690	7010	55690	47,8	55690	0	55690	1	55690	5329,9
55700	7011	55700	47,1	55700	0	55700	1	55700	5329,9
55710	7012	55710	34	55710	0	55710	3	55710	5329,9
55720	7013	55720	69	55720	0	55720	1	55720	5329,9
55730	7014	55730	47,7	55730	0	55730	1	55730	5329,9
55740	7015	55740	47	55740	0	55740	1	55740	5329,9
55750	7016	55750	26,2	55750	0	55750	1	55750	5329,9
55760	7017	55760	47,2	55760	0	55760	1	55760	5329,9
55770	7018	55770	55,7	55770	0	55770	1	55770	5329,9
55780	7019	55780	29,9	55780	0	55780	1	55780	5329,9
55790	7020	55790	27,7	55790	0	55790	1	55790	5329,9
55800	7021	55800	52,4	55800	0	55800	1	55800	5329,9
55810	7022	55810	50,9	55810	0	55810	1	55810	5329,9
55820	7023	55820	41,2	55820	0	55820	1	55820	5329,9
55830	7024	55830	46,5	55830	0	55830	1	55830	5329,9
55840	7025	55840	48,4	55840	0	55840	1	55840	5329,9
55850	7026	55850	50,9	55850	0	55850	1	55850	5329,9
55860	7027	55860	40,6	55860	0	55860	1	55860	5329,9
55870	7028	55870	54	55870	0	55870	1	55870	5329,9
55880	7029	55880	49,1	55880	0	55880	1	55880	5329,9
55890	7030	55890	53	55890	0	55890	1	55890	5329,9
55900	7031	55900	56,2	55900	0	55900	1	55900	5329,9
55910	7032	55910	45	55910	0	55910	1	55910	5329,9
55920	7033	55920	43,8	55920	0	55920	1	55920	5329,9
55930	7034	55930	52,1	55930	0	55930	1	55930	5329,9
55940	7035	55940	39,8	55940	0	55940	1	55940	5329,9
55950	7036	55950	50,1	55950	0	55950	1	55950	5329,9
55960	7037	55960	52,4	55960	0	55960	1	55960	5329,9
55970	7038	55970	50,1	55970	0	55970	1	55970	5329,9
55980	7039	55980	46,5	55980	0	55980	1	55980	5329,9
55990	7040	55990	57,4	55990	0	55990	1	55990	5329,9
56000	7041	56000	40,8	56000	0	56000	1	56000	5329,9
56010	7042	56010	48,1	56010	0	56010	1	56010	5329,9
56020	7043	56020	49	56020	0	56020	1	56020	5329,9
56030	7044	56030	39,5	56030	0	56030	1	56030	5329,9
56040	7045	56040	36,4	56040	0	56040	1	56040	5329,9
56050	7046	56050	46	56050	0	56050	1	56050	5329,9
56060	7047	56060	51,5	56060	0	56060	1	56060	5329,9
56070	7048	56070	30	56070	0	56070	1	56070	5329,9
56080	7049	56080	48,7	56080	0	56080	1	56080	5329,9
56090	7050	56090	41,2	56090	0	56090	1	56090	5329,9
56100	7051	56100	46,1	56100	0	56100	1	56100	5329,9
56110	7052	56110	27,4	56110	0	56110	1	56110	5329,9
56120	7053	56120	38,9	56120	0	56120	1	56120	5329,9
56130	7054	56130	34,3	56130	0	56130	1	56130	5329,9
56140	7055	56140	48,1	56140	0	56140	1	56140	5329,9
56150	7056	56150	30,7	56150	0	56150	1	56150	5329,9
56160	7057	56160	51	56160	0	56160	1	56160	5329,9
56170	7058	56170	30,2	56170	0	56170	1	56170	5329,9
56180	7059	56180	41	56180	0	56180	1	56180	5329,9
56190	7060	56190	27,2	56190	0	56190	1	56190	5329,9
56200	7061	56200	27,4	56200	0	56200	1	56200	5329,9
56210	7062	56210	41,9	56210	0	56210	1	56210	5329,9
56220	7063	56220	30,7	56220	0	56220	1	56220	5329,9
56230	7064	56230	55,1	56230	0	56230	1	56230	5329,9
56240	7065	56240	35,3	56240	0	56240	1	56240	5329,9
56250	7066	56250	29,2	56250	0	56250	1	56250	5329,9
56260	7067	56260	45,2	56260	0	56260	1	56260	5329,9
56270	7068	56270	55,4	56270	0	56270	1	56270	5329,9
56280	7069	56280	50,4	56280	0	56280	1	56280	5329,9
56290	7070	56290	50,5	56290	0	56290	1	56290	5329,9
56300	7071	56300	48,8	56300	0	56300	1	56300	5329,9
56310	7072	56310	46,7	56310	0	56310	1	56310	5329,9
56320	7073	56320	47,4	56320	0	56320	1	56320	5329,9
56330	7074	56330	53,5	56330	0	56330	1	56330	5329,9
56340	7075	56340	49,7	56340	0	56340	1	56340	5329,9
56350	7076	56350	52,4	56350	0	56350	1	56350	5329,9
56360	7077	56360	49,2	56360	0	56360	1	56360	5329,9
56370	7078	56370	56,5	56370	0	56370	1	56370	5329,9
56380	7079	56380	53,6	56380	0	56380	1	56380	5329,9
56390	7080	56390	39,1	56390	0	56390	1	56390	5329,9
56400	7081	56400	47,9	56400	0	56400	1	56400	5329,9
56410	7082	56410	26,7	56410	0	56410	1	56410	5329,9
56420	7083	56420	50,2	56420	0	56420	1	56420	5329,9
56430	7084	56430	50,5	56430	0	56430	1	56430	5329,9
56440	7085	56440	27,8	56440	0	56440	1	56440	5329,9
56450	7086	56450	25,8	56450	0	56450	1	56450	5329,9
56460	7087	56460	50,5	56460	0	56460	1	56460	5329,9
56470	7088	56470	29,3	56470	0	56470	1	56470	5329,9
56480	7089	56480	31,3	56480	0	56480	1	56480	5329,9
56490	7090	56490	43,8	56490	0	56490	1	56490	5329,9
56500	7091	56500	48,6	56500	0	56500	1	56500	5329,9
56510	7092	56510	45,1	56510	0	56510	1	56510	5329,9
56520	7093	56520	38,8	56520	0	56520	1	56520	5329,9
56530	7094	56530	42,3	56530	0	56530	1	56530	5329,9
56540	7095	56540	48,6	56540	0	56540	1	56540	5329,9
56550	7096	56550	47,5	56550	0	56550	1	56550	5329,9
56560	7097	56560	45,5	56560	0	56560	1	56560	5329,9
56570	7098	56570	32,6	56570	0	56570	1	56570	5329,9
56580	7099	56580	47,6	56580	0	56580	1	56580	5329,9
56590	7100	56590	35,6	56590	0	56590	3	56590	5329,9
56600	7101	56600	68	56600	0	56600	1	56600	5329,9
56610	7102	56610	543,6	56610	0	56610	1	56610	5329,9
56620	7103	56620	26,9	56620	0	56620	1	56620	5329,9
56630	7104	56630	29,9	56630	0	56630	1	56630	5329,9
56640	7105	56640	25,8	56640	0	56640	1	56640	5329,9
56650	7106	56650	28,3	56650	0	56650	1	56650	5329,9
56660	7107	56660	49,8	56660	0	56660	1	56660	5329,9
56670	7108	56670	41,2	56670	0	56670	1	56670	5329,9
56680	7109	56680	39,1	56680	0	56680	1	56680	5329,9
56690	7110	56690	42,4	56690	0	56690	1	56690	5329,9
56700	7111	56700	61,7	56700	0	56700	1	56700	5329,9
56710	7112	56710	50,1	56710	0	56710	1	56710	5329,9
56720	7113	56720	33,7	56720	0	56720	1	56720	5329,9
56730	7114	56730	36,1	56730	0	56730	1	56730	5329,9
56740	7115	56740	41,7	56740	0	56740	1	56740	5329,9
56750	7116	56750	43,3	56750	0	56750	1	56750	5329,9
56760	7117	56760	36	56760	0	56760	1	56760	5329,9
56770	7118	56770	27,4	56770	0	56770	1	56770	5329,9
56780	7119	56780	40	56780	0	56780	1	56780	5329,9
56790	7120	56790	43,2	56790	0	56790	1	56790	5329,9
56800	7121	56800	49,1	56800	0	56800	1	56800	5329,9
56810	7122	56810	48	56810	0	56810	1	56810	5329,9
56820	7123	56820	50,1	56820	0	56820	1	56820	5329,9
56830	7124	56830	45,8	56830	0	56830	1	56830	5329,9
56840	7125	56840	30	56840	0	56840	1	56840	5329,9
56850	7126	56850	35,9	56850	0	56850	1	56850	5329,9
56860	7127	56860	43,3	56860	0	56860	1	56860	5329,9
56870	7128	56870	35,3	56870	0	56870	1	56870	5329,9
56880	7129	56880	49,9	56880	0	56880	1	56880	5329,9
56890	7130	56890	45,3	56890	0	56890	1	56890	5329,9
56900	7131	56900	42,6	56900	0	56900	1	56900	5329,9
56910	7132	56910	55,1	56910	0	56910	1	56910	5329,9
56920	7133	56920	33,6	56920	0	56920	1	56920	5329,9
56930	7134	56930	29,1	56930	0	56930	1	56930	5329,9
56940	7135	56940	46,7	56940	0	56940	1	56940	5329,9
56950	7136	56950	34,5	56950	0	56950	1	56950	5329,9
56960	7137	56960	46,5	56960	0	56960	1	56960	5329,9
56970	7138	56970	37,6	56970	0	56970	1	56970	5329,9
56980	7139	56980	40	56980	0	56980	1	56980	5329,9
56990	7140	56990	44,7	56990	0	56990	1	56990	5329,9
57000	7141	57000	41,6	57000	0	57000	1	57000	5329,9
57010	7142	57010	44	57010	0	57010	1	57010	5329,9
57020	7143	57020	48,7	57020	0	57020	1	57020	5329,9
57030	7144	57030	46,7	57030	0	57030	1	57030	5329,9
57040	7145	57040	29,3	57040	0	57040	1	57040	5329,9
57050	7146	57050	49,4	57050	0	57050	1	57050	5329,9
57060	7147	57060	39,7	57060	0	57060	1	57060	5329,9
57070	7148	57070	33,7	57070	0	57070	1	57070	5329,9
57080	7149	57080	35,1	57080	0	57080	1	57080	5329,9
57090	7150	57090	57	57090	0	57090	1	57090	5329,9
57100	7151	57100	41,4	57100	0	57100	1	57100	5329,9
57110	7152	57110	29,8	57110	0	57110	1	57110	5329,9
57120	7153	57120	47,1	57120	0	57120	1	57120	5329,9
57130	7154	57130	50	57130	0	57130	1	57130	5329,9
57140	7155	57140	55	57140	0	57140	1	57140	5329,9
57150	7156	57150	53,3	57150	0	57150	1	57150	5329,9
57160	7157	57160	49,9	57160	0	57160	1	57160	5329,9
57170	7158	57170	50,2	57170	0	57170	1	57170	5329,9
57180	7159	57180	47	57180	0	57180	1	57180	5329,9
57190	7160	57190	47,6	57190	0	57190	1	57190	5329,9
57200	7161	57200	46	57200	0	57200	1	57200	5329,9
57210	7162	57210	54	57210	0	57210	1	57210	5329,9
57220	7163	57220	47,3	57220	0	57220	1	57220	5329,9
57230	7164	57230	46,6	57230	0	57230	1	57230	5329,9
57240	7165	57240	51,3	57240	0	57240	1	57240	5329,9
57250	7166	57250	48	57250	0	57250	1	57250	5329,9
57260	7167	57260	49,8	57260	0	57260	1	57260	5329,9
57270	7168	57270	33,7	57270	0	57270	1	57270	5329,9
57280	7169	57280	50,4	57280	0	57280	1	57280	5329,9
57290	7170	57290	55,6	57290	0	57290	1	57290	5329,9
57300	7171	57300	52,6	57300	0	57300	1	57300	5329,9
57310	7172	57310	53,2	57310	0	57310	1	57310	5329,9
57320	7173	57320	44,8	57320	0	57320	1	57320	5329,9
57330	7174	57330	35,9	57330	0	57330	1	57330	5329,9
57340	7175	57340	47,5	57340	0	57340	1	57340	5329,9
57350	7176	57350	53,3	57350	0	57350	1	57350	5329,9
57360	7177	57360	47,3	57360	0	57360	1	57360	5329,9
57370	7178	57370	39,8	57370	0	57370	1	57370	5329,9
57380	7179	57380	42,6	57380	0	57380	1	57380	5329,9
57390	7180	57390	43,2	57390	0	57390	1	57390	5329,9
57400	7181	57400	47,2	57400	0	57400	1	57400	5329,9
57410	7182	57410	60,9	57410	0	57410	1	57410	5329,9
57420	7183	57420	44	57420	0	57420	1	57420	5329,9
57430	7184	57430	51,2	57430	0	57430	1	57430	5329,9
57440	7185	57440	62,7	57440	0	57440	1	57440	5329,9
57450	7186	57450	51,9	57450	0	57450	1	57450	5329,9
57460	7187	57460	48,6	57460	0	57460	1	57460	5329,9
57470	7188	57470	46,4	57470	0	57470	1	57470	5329,9
57480	7189	57480	40,4	57480	0	57480	1	57480	5329,9
57490	7190	57490	98,2	57490	0	57490	1	57490	5329,9
57500	7191	57500	38,4	57500	0	57500	1	57500	5329,9
57510	7192	57510	37,5	57510	0	57510	1	57510	5329,9
57520	7193	57520	45,1	57520	0	57520	1	57520	5329,9
57530	7194	57530	39	57530	0	57530	1	57530	5329,9
57540	7195	57540	27,5	57540	0	57540	1	57540	5329,9
57550	7196	57550	37,5	57550	0	57550	1	57550	5329,9
57560	7197	57560	46,5	57560	0	57560	1	57560	5329,9
57570	7198	57570	60,7	57570	0	57570	1	57570	5329,9
57580	7199	57580	44,3	57580	0	57580	1	57580	5329,9
57590	7200	57590	59,2	57590	0	57590	3	57590	5329,9
57600	7201	57600	62,5	57600	0	57600	1	57600	5329,9
57610	7202	57610	47,1	57610	0	57610	1	57610	5329,9
57620	7203	57620	48,4	57620	0	57620	1	57620	5329,9
57630	7204	57630	43,9	57630	0	57630	1	57630	5329,9
57640	7205	57640	46,9	57640	0	57640	1	57640	5329,9
57650	7206	57650	54,8	57650	0	57650	1	57650	5329,9
57660	7207	57660	45,1	57660	0	57660	1	57660	5329,9
57670	7208	57670	54,1	57670	0	57670	1	57670	5329,9
57680	7209	57680	49,1	57680	0	57680	1	57680	5329,9
57690	7210	57690	47,1	57690	0	57690	1	57690	5329,9
57700	7211	57700	49,7	57700	0	57700	1	57700	5329,9
57710	7212	57710	50,1	57710	0	57710	1	57710	5329,9
57720	7213	57720	56,6	57720	0	57720	1	57720	5329,9
57730	7214	57730	50,5	57730	0	57730	1	57730	5329,9
57740	7215	57740	52,3	57740	0	57740	1	57740	5329,9
57750	7216	57750	30,3	57750	0	57750	1	57750	5329,9
57760	7217	57760	50,7	57760	0	57760	1	57760	5329,9
57770	7218	57770	53,4	57770	0	57770	1	57770	5329,9
57780	7219	57780	50,5	57780	0	57780	1	57780	5329,9
57790	7220	57790	55,2	57790	0	57790	1	57790	5329,9
57800	7221	57800	52,7	57800	0	57800	1	57800	5329,9
57810	7222	57810	29,4	57810	0	57810	1	57810	5329,9
57820	7223	57820	48,6	57820	0	57820	1	57820	5329,9
57830	7224	57830	33,5	57830	0	57830	1	57830	5329,9
57840	7225	57840	38,8	57840	0	57840	1	57840	5329,9
57850	7226	57850	53,7	57850	0	57850	1	57850	5329,9
57860	7227	57860	50,7	57860	0	57860	1	57860	5329,9
57870	7228	57870	27,8	57870	0	57870	1	57870	5329,9
57880	7229	57880	53,2	57880	0	57880	1	57880	5329,9
57890	7230	57890	83,6	57890	0	57890	1	57890	5329,9
57900	7231	57900	38	57900	0	57900	1	57900	5329,9
57910	7232	57910	41,2	57910	0	57910	1	57910	5329,9
57920	7233	57920	49,4	57920	0	57920	1	57920	5329,9
57930	7234	57930	43,5	57930	0	57930	1	57930	5329,9
57940	7235	57940	46,7	57940	0	57940	1	57940	5329,9
57950	7236	57950	53,4	57950	0	57950	1	57950	5329,9
57960	7237	57960	44,7	57960	0	57960	1	57960	5329,9
57970	7238	57970	58,3	57970	0	57970	1	57970	5329,9
57980	7239	57980	47,6	57980	0	57980	1	57980	5329,9
57990	7240	57990	48,4	57990	0	57990	1	57990	5329,9
58000	7241	58000	43	58000	0	58000	1	58000	5329,9
58010	7242	58010	62,3	58010	0	58010	1	58010	5329,9
58020	7243	58020	43,3	58020	0	58020	1	58020	5329,9
58030	7244	58030	48	58030	0	58030	1	58030	5329,9
58040	7245	58040	53,4	58040	0	58040	1	58040	5329,9
58050	7246	58050	51,1	58050	0	58050	1	58050	5329,9
58060	7247	58060	53,8	58060	0	58060	1	58060	5329,9
58070	7248	58070	45,7	58070	0	58070	1	58070	5329,9
58080	7249	58080	48,8	58080	0	58080	1	58080	5329,9
58090	7250	58090	55,2	58090	0	58090	1	58090	5329,9
58100	7251	58100	53,8	58100	0	58100	1	58100	5329,9
58110	7252	58110	48,2	58110	0	58110	1	58110	5329,9
58120	7253	58120	52,6	58120	0	58120	1	58120	5329,9
58130	7254	58130	47,9	58130	0	58130	1	58130	5329,9
58140	7255	58140	47,3	58140	0	58140	1	58140	5329,9
58150	7256	58150	38,9	58150	0	58150	1	58150	5329,9
58160	7257	58160	49,6	58160	0	58160	1	58160	5329,9
58170	7258	58170	47,2	58170	0	58170	1	58170	5329,9
58180	7259	58180	46,5	58180	0	58180	1	58180	5329,9
58190	7260	58190	44	58190	0	58190	1	58190	5329,9
58200	7261	58200	53,7	58200	0	58200	1	58200	5329,9
58210	7262	58210	40,8	58210	0	58210	1	58210	5329,9
58220	7263	58220	52,9	58220	0	58220	1	58220	5329,9
58230	7264	58230	40,8	58230	0	58230	1	58230	5329,9
58240	7265	58240	54,9	58240	0	58240	1	58240	5329,9
58250	7266	58250	47,5	58250	0	58250	1	58250	5329,9
58260	7267	58260	51	58260	0	58260	1	58260	5329,9
58270	7268	58270	39,8	58270	0	58270	1	58270	5329,9
58280	7269	58280	50,1	58280	0	58280	1	58280	5329,9
58290	7270	58290	51,1	58290	0	58290	1	58290	5329,9
58300	7271	58300	52,1	58300	0	58300	1	58300	5329,9
58310	7272	58310	48,2	58310	0	58310	1	58310	5329,9
58320	7273	58320	34,3	58320	0	58320	1	58320	5329,9
58330	7274	58330	52,9	58330	0	58330	1	58330	5329,9
58340	7275	58340	27,2	58340	0	58340	1	58340	5329,9
58350	7276	58350	50,5	58350	0	58350	1	58350	5329,9
58360	7277	58360	47,1	58360	0	58360	1	58360	5329,9
58370	7278	58370	48,3	58370	0	58370	1	58370	5329,9
58380	7279	58380	56,3	58380	0	58380	1	58380	5329,9
58390	7280	58390	40,3	58390	0	58390	1	58390	5329,9
58400	7281	58400	222,4	58400	0	58400	1	58400	5329,9
58410	7282	58410	40,4	58410	0	58410	1	58410	5329,9
58420	7283	58420	49,3	58420	0	58420	1	58420	5329,9
58430	7284	58430	36,9	58430	0	58430	1	58430	5329,9
58440	7285	58440	47,3	58440	0	58440	1	58440	5329,9
58450	7286	58450	56,7	58450	0	58450	1	58450	5329,9
58460	7287	58460	42,4	58460	0	58460	1	58460	5329,9
58470	7288	58470	56,4	58470	0	58470	1	58470	5329,9
58480	7289	58480	55,7	58480	0	58480	1	58480	5329,9
58490	7290	58490	47,7	58490	0	58490	1	58490	5329,9
58500	7291	58500	48,3	58500	0	58500	1	58500	5329,9
58510	7292	58510	44,7	58510	0	58510	1	58510	5329,9
58520	7293	58520	51	58520	0	58520	1	58520	5329,9
58530	7294	58530	43,9	58530	0	58530	1	58530	5329,9
58540	7295	58540	49,4	58540	0	58540	1	58540	5329,9
58550	7296	58550	42,8	58550	0	58550	1	58550	5329,9
58560	7297	58560	163,8	58560	0	58560	1	58560	5329,9
58570	7298	58570	49,6	58570	0	58570	1	58570	5329,9
58580	7299	58580	48,7	58580	0	58580	1	58580	5329,9
58590	7300	58590	45,3	58590	0	58590	3	58590	5329,9
58600	7301	58600	69,1	58600	0	58600	1	58600	5329,9
58610	7302	58610	45,6	58610	0	58610	1	58610	5329,9
58620	7303	58620	50,5	58620	0	58620	1	58620	5329,9
58630	7304	58630	46,6	58630	0	58630	1	58630	5329,9
58640	7305	58640	49,2	58640	0	58640	1	58640	5329,9
58650	7306	58650	49,2	58650	0	58650	1	58650	5329,9
58660	7307	58660	59	58660	0	58660	1	58660	5329,9
58670	7308	58670	44,5	58670	0	58670	1	58670	5329,9
58680	7309	58680	50,7	58680	0	58680	1	58680	5329,9
58690	7310	58690	46	58690	0	58690	1	58690	5329,9
58700	7311	58700	43,9	58700	0	58700	1	58700	5329,9
58710	7312	58710	49	58710	0	58710	1	58710	5329,9
58720	7313	58720	52,4	58720	0	58720	1	58720	5329,9
58730	7314	58730	41	58730	0	58730	1	58730	5329,9
58740	7315	58740	43,1	58740	0	58740	1	58740	5329,9
58750	7316	58750	48,7	58750	0	58750	1	58750	5329,9
58760	7317	58760	40	58760	0	58760	1	58760	5329,9
58770	7318	58770	43,8	58770	0	58770	1	58770	5329,9
58780	7319	58780	42,4	58780	0	58780	1	58780	5329,9
58790	7320	58790	43,9	58790	0	58790	1	58790	5329,9
58800	7321	58800	40,5	58800	0	58800	1	58800	5329,9
58810	7322	58810	41,8	58810	0	58810	1	58810	5329,9
58820	7323	58820	44,7	58820	0	58820	1	58820	5329,9
58830	7324	58830	49	58830	0	58830	1	58830	5329,9
58840	7325	58840	41,5	58840	0	58840	1	58840	5329,9
58850	7326	58850	53,8	58850	0	58850	1	58850	5329,9
58860	7327	58860	48,9	58860	0	58860	1	58860	5329,9
58870	7328	58870	42,9	58870	0	58870	1	58870	5329,9
58880	7329	58880	49,6	58880	0	58880	1	58880	5329,9
58890	7330	58890	47,5	58890	0	58890	1	58890	5329,9
58900	7331	58900	42,2	58900	0	58900	1	58900	5329,9
58910	7332	58910	50,2	58910	0	58910	1	58910	5329,9
58920	7333	58920	33,6	58920	0	58920	1	58920	5329,9
58930	7334	58930	42,9	58930	0	58930	1	58930	5329,9
58940	7335	58940	49,1	58940	0	58940	1	58940	5329,9
58950	7336	58950	48,5	58950	0	58950	1	58950	5329,9
58960	7337	58960	74,7	58960	0	58960	1	58960	5329,9
58970	7338	58970	43,8	58970	0	58970	1	58970	5329,9
58980	7339	58980	47,6	58980	0	58980	1	58980	5329,9
58990	7340	58990	54,7	58990	0	58990	1	58990	5329,9
59000	7341	59000	49	59000	0	59000	1	59000	5329,9
59010	7342	59010	45,6	59010	0	59010	1	59010	5329,9
59020	7343	59020	48	59020	0	59020	1	59020	5329,9
59030	7344	59030	51,5	59030	0	59030	1	59030	5329,9
59040	7345	59040	51,8	59040	0	59040	1	59040	5329,9
59050	7346	59050	45,2	59050	0	59050	1	59050	5329,9
59060	7347	59060	50,3	59060	0	59060	1	59060	5329,9
59070	7348	59070	60,9	59070	0	59070	1	59070	5329,9
59080	7349	59080	50,6	59080	0	59080	1	59080	5329,9
59090	7350	59090	44,1	59090	0	59090	1	59090	5329,9
59100	7351	59100	52,6	59100	0	59100	1	59100	5329,9
59110	7352	59110	52,6	59110	0	59110	1	59110	5329,9
59120	7353	59120	33	59120	0	59120	1	59120	5329,9
59130	7354	59130	27,7	59130	0	59130	1	59130	5329,9
59140	7355	59140	40,5	59140	0	59140	1	59140	5329,9
59150	7356	59150	36,8	59150	0	59150	1	59150	5329,9
59160	7357	59160	28,9	59160	0	59160	1	59160	5329,9
59170	7358	59170	27	59170	0	59170	1	59170	5329,9
59180	7359	59180	46,3	59180	0	59180	1	59180	5329,9
59190	7360	59190	27,6	59190	0	59190	1	59190	5329,9
59200	7361	59200	30,9	59200	0	59200	1	59200	5329,9
59210	7362	59210	48,7	59210	0	59210	1	59210	5329,9
59220	7363	59220	35,7	59220	0	59220	1	59220	5329,9
59230	7364	59230	69	59230	0	59230	1	59230	5329,9
59240	7365	59240	42,8	59240	0	59240	1	59240	5329,9
59250	7366	59250	45,4	59250	0	59250	1	59250	5329,9
59260	7367	59260	51,4	59260	0	59260	1	59260	5329,9
59270	7368	59270	31,2	59270	0	59270	1	59270	5329,9
59280	7369	59280	39,5	59280	0	59280	1	59280	5329,9
59290	7370	59290	47	59290	0	59290	1	59290	5329,9
59300	7371	59300	50,5	59300	0	59300	1	59300	5329,9
59310	7372	59310	52,6	59310	0	59310	1	59310	5329,9
59320	7373	59320	42	59320	0	59320	1	59320	5329,9
59330	7374	59330	25	59330	0	59330	1	59330	5329,9
59340	7375	59340	44,2	59340	0	59340	1	59340	5329,9
59350	7376	59350	38,6	59350	0	59350	1	59350	5329,9
59360	7377	59360	41,1	59360	0	59360	1	59360	5329,9
59370	7378	59370	25,4	59370	0	59370	1	59370	5329,9
59380	7379	59380	43,6	59380	0	59380	1	59380	5329,9
59390	7380	59390	46,6	59390	0	59390	1	59390	5329,9
59400	7381	59400	21,1	59400	0	59400	1	59400	5329,9
59410	7382	59410	42	59410	0	59410	1	59410	5329,9
59420	7383	59420	23,6	59420	0	59420	1	59420	5329,9
59430	7384	59430	26,8	59430	0	59430	1	59430	5329,9
59440	7385	59440	32,7	59440	0	59440	1	59440	5329,9
59450	7386	59450	45,5	59450	0	59450	1	59450	5329,9
59460	7387	59460	46	59460	0	59460	1	59460	5329,9
59470	7388	59470	49,3	59470	0	59470	1	59470	5329,9
59480	7389	59480	52,6	59480	0	59480	1	59480	5329,9
59490	7390	59490	43,6	59490	0	59490	1	59490	5329,9
59500	7391	59500	42,4	59500	0	59500	1	59500	5329,9
59510	7392	59510	53	59510	0	59510	1	59510	5329,9
59520	7393	59520	41,8	59520	0	59520	1	59520	5329,9
59530	7394	59530	54,7	59530	0	59530	1	59530	5329,9
59540	7395	59540	43,1	59540	0	59540	1	59540	5329,9
59550	7396	59550	38,2	59550	0	59550	1	59550	5329,9
59560	7397	59560	41	59560	0	59560	1	59560	5329,9
59570	7398	59570	42,4	59570	0	59570	1	59570	5329,9
59580	7399	59580	48	59580	0	59580	1	59580	5329,9
59590	7400	59590	47,5	59590	0	59590	3	59590	5329,9
59600	7401	59600	62,6	59600	0	59600	1	59600	5329,9
59610	7402	59610	56,3	59610	0	59610	1	59610	5329,9
59620	7403	59620	48	59620	0	59620	1	59620	5329,9
59630	7404	59630	47,2	59630	0	59630	1	59630	5329,9
59640	7405	59640	45,6	59640	0	59640	1	59640	5329,9
59650	7406	59650	40,5	59650	0	59650	1	59650	5329,9
59660	7407	59660	50,5	59660	0	59660	1	59660	5329,9
59670	7408	59670	41,1	59670	0	59670	1	59670	5329,9
59680	7409	59680	41,1	59680	0	59680	1	59680	5329,9
59690	7410	59690	41	59690	0	59690	1	59690	5329,9
59700	7411	59700	50,9	59700	0	59700	1	59700	5329,9
59710	7412	59710	46,8	59710	0	59710	1	59710	5329,9
59720	7413	59720	50,9	59720	0	59720	1	59720	5329,9
59730	7414	59730	38,8	59730	0	59730	1	59730	5329,9
59740	7415	59740	49,6	59740	0	59740	1	59740	5329,9
59750	7416	59750	47,2	59750	0	59750	1	59750	5329,9
59760	7417	59760	51,6	59760	0	59760	1	59760	5329,9
59770	7418	59770	46	59770	0	59770	1	59770	5329,9
59780	7419	59780	48,6	59780	0	59780	1	59780	5329,9
59790	7420	59790	53,4	59790	0	59790	1	59790	5329,9
59800	7421	59800	48,3	59800	0	59800	3	59800	5329,9
59810	7422	59810	62,9	59810	0	59810	1	59810	5329,9
59820	7423	59820	42,4	59820	0	59820	1	59820	5329,9
59830	7424	59830	57,9	59830	0	59830	1	59830	5329,9
59840	7425	59840	50,8	59840	0	59840	1	59840	5329,9
59850	7426	59850	47,9	59850	0	59850	1	59850	5329,9
59860	7427	59860	47,5	59860	0	59860	1	59860	5329,9
59870	7428	59870	47,5	59870	0	59870	1	59870	5329,9
59880	7429	59880	56,5	59880	0	59880	1	59880	5329,9
59890	7430	59890	55,6	59890	0	59890	1	59890	5329,9
59900	7431	59900	74,6	59900	0	59900	1	59900	5329,9
59910	7432	59910	47,4	59910	0	59910	1	59910	5329,9
59920	7433	59920	56,1	59920	0	59920	1	59920	5329,9
59930	7434	59930	47,7	59930	0	59930	1	59930	5329,9
59940	7435	59940	48,5	59940	0	59940	1	59940	5329,9
59950	7436	59950	48,3	59950	0	59950	1	59950	5329,9
59960	7437	59960	47	59960	0	59960	1	59960	5329,9
59970	7438	59970	51,4	59970	0	59970	1	59970	5329,9
59980	7439	59980	52,5	59980	0	59980	1	59980	5329,9
59990	7440	59990	45,7	59990	0	59990	1	59990	5329,9
60000	7441	60000	46,8	60000	0	60000	1	60000	5329,9
60010	7442	60010	32,7	60010	0	60010	1	60010	5329,9
60020	7443	60020	44,2	60020	0	60020	1	60020	5329,9
60030	7444	60030	53,5	60030	0	60030	1	60030	5329,9
60040	7445	60040	25,8	60040	0	60040	1	60040	5329,9
60050	7446	60050	32,7	60050	0	60050	1	60050	5329,9
60060	7447	60060	52,6	60060	0	60060	1	60060	5329,9
60070	7448	60070	52,8	60070	0	60070	1	60070	5329,9
60080	7449	60080	49,9	60080	0	60080	1	60080	5329,9
60090	7450	60090	47	60090	0	60090	1	60090	5329,9
60100	7451	60100	49,9	60100	0	60100	1	60100	5329,9
60110	7452	60110	45,2	60110	0	60110	1	60110	5329,9
60120	7453	60120	52,8	60120	0	60120	1	60120	5329,9
60130	7454	60130	44,2	60130	0	60130	1	60130	5329,9
60140	7455	60140	50,6	60140	0	60140	1	60140	5329,9
60150	7456	60150	48,1	60150	0	60150	1	60150	5329,9
60160	7457	60160	46,4	60160	0	60160	1	60160	5329,9
60170	7458	60170	49	60170	0	60170	1	60170	5329,9
60180	7459	60180	128,7	60180	0	60180	1	60180	5329,9
60190	7460	60190	55	60190	0	60190	1	60190	5329,9
60200	7461	60200	41,8	60200	0	60200	1	60200	5329,9
60210	7462	60210	45,1	60210	0	60210	1	60210	5329,9
60220	7463	60220	53,6	60220	0	60220	1	60220	5329,9
60230	7464	60230	57	60230	0	60230	1	60230	5329,9
60240	7465	60240	98,4	60240	0	60240	1	60240	5329,9
60250	7466	60250	48,5	60250	0	60250	1	60250	5329,9
60260	7467	60260	48,5	60260	0	60260	1	60260	5329,9
60270	7468	60270	55,5	60270	0	60270	1	60270	5329,9
60280	7469	60280	48,7	60280	0	60280	1	60280	5329,9
60290	7470	60290	41,6	60290	0	60290	1	60290	5329,9
60300	7471	60300	44,9	60300	0	60300	1	60300	5329,9
60310	7472	60310	42,6	60310	0	60310	1	60310	5329,9
60320	7473	60320	48,3	60320	0	60320	1	60320	5329,9
60330	7474	60330	45,6	60330	0	60330	1	60330	5329,9
60340	7475	60340	30,9	60340	0	60340	1	60340	5329,9
60350	7476	60350	55	60350	0	60350	1	60350	5329,9
60360	7477	60360	41,4	60360	0	60360	1	60360	5329,9
60370	7478	60370	48,9	60370	0	60370	1	60370	5329,9
60380	7479	60380	46,6	60380	0	60380	1	60380	5329,9
60390	7480	60390	49	60390	0	60390	1	60390	5329,9
60400	7481	60400	50,4	60400	0	60400	1	60400	5329,9
60410	7482	60410	47,7	60410	0	60410	1	60410	5329,9
60420	7483	60420	55,5	60420	0	60420	1	60420	5329,9
60430	7484	60430	49,9	60430	0	60430	1	60430	5329,9
60440	7485	60440	53,3	60440	0	60440	1	60440	5329,9
60450	7486	60450	42,3	60450	0	60450	1	60450	5329,9
60460	7487	60460	57,1	60460	0	60460	1	60460	5329,9
60470	7488	60470	41,4	60470	0	60470	1	60470	5329,9
60480	7489	60480	40,6	60480	0	60480	1	60480	5329,9
60490	7490	60490	22,4	60490	0	60490	1	60490	5329,9
60500	7491	60500	41,3	60500	0	60500	1	60500	5329,9
60510	7492	60510	44,3	60510	0	60510	1	60510	5329,9
60520	7493	60520	45,3	60520	0	60520	1	60520	5329,9
60530	7494	60530	48,3	60530	0	60530	1	60530	5329,9
60540	7495	60540	49,8	60540	0	60540	1	60540	5329,9
60550	7496	60550	44,9	60550	0	60550	1	60550	5329,9
60560	7497	60560	45,9	60560	0	60560	1	60560	5329,9
60570	7498	60570	44,8	60570	0	60570	1	60570	5329,9
60580	7499	60580	48,3	60580	0	60580	1	60580	5329,9
60590	7500	60590	47,5	60590	0	60590	3	60590	5329,9
60600	7501	60600	63,1	60600	0	60600	1	60600	5329,9
60610	7502	60610	47,9	60610	0	60610	1	60610	5329,9
60620	7503	60620	54	60620	0	60620	1	60620	5329,9
60630	7504	60630	45,3	60630	0	60630	1	60630	5329,9
60640	7505	60640	48,3	60640	0	60640	1	60640	5329,9
60650	7506	60650	33,9	60650	0	60650	1	60650	5329,9
60660	7507	60660	49,2	60660	0	60660	1	60660	5329,9
60670	7508	60670	55,1	60670	0	60670	1	60670	5329,9
60680	7509	60680	52,2	60680	0	60680	1	60680	5329,9
60690	7510	60690	50,1	60690	0	60690	1	60690	5329,9
60700	7511	60700	39,7	60700	0	60700	1	60700	5329,9
60710	7512	60710	36,1	60710	0	60710	1	60710	5329,9
60720	7513	60720	59,1	60720	0	60720	1	60720	5329,9
60730	7514	60730	28,6	60730	0	60730	1	60730	5329,9
60740	7515	60740	43,2	60740	0	60740	1	60740	5329,9
60750	7516	60750	53,7	60750	0	60750	1	60750	5329,9
60760	7517	60760	50	60760	0	60760	1	60760	5329,9
60770	7518	60770	52,2	60770	0	60770	1	60770	5329,9
60780	7519	60780	53,1	60780	0	60780	1	60780	5329,9
60790	7520	60790	37,9	60790	0	60790	1	60790	5329,9
60800	7521	60800	38,7	60800	0	60800	1	60800	5329,9
60810	7522	60810	48,8	60810	0	60810	1	60810	5329,9
60820	7523	60820	52,1	60820	0	60820	1	60820	5329,9
60830	7524	60830	28	60830	0	60830	1	60830	5329,9
60840	7525	60840	30,2	60840	0	60840	1	60840	5329,9
60850	7526	60850	26,1	60850	0	60850	1	60850	5329,9
60860	7527	60860	45,2	60860	0	60860	1	60860	5329,9
60870	7528	60870	29,8	60870	0	60870	1	60870	5329,9
60880	7529	60880	25,7	60880	0	60880	1	60880	5329,9
60890	7530	60890	28,5	60890	0	60890	1	60890	5329,9
60900	7531	60900	47,7	60900	0	60900	1	60900	5329,9
60910	7532	60910	50,7	60910	0	60910	1	60910	5329,9
60920	7533	60920	62	60920	0	60920	1	60920	5329,9
60930	7534	60930	51,6	60930	0	60930	1	60930	5329,9
60940	7535	60940	70,7	60940	0	60940	1	60940	5329,9
60950	7536	60950	51,3	60950	0	60950	1	60950	5329,9
60960	7537	60960	27,2	60960	0	60960	1	60960	5329,9
60970	7538	60970	46,9	60970	0	60970	1	60970	5329,9
60980	7539	60980	43,1	60980	0	60980	1	60980	5329,9
60990	7540	60990	50,6	60990	0	60990	1	60990	5329,9
61000	7541	61000	49,7	61000	0	61000	1	61000	5329,9
61010	7542	61010	60,9	61010	0	61010	1	61010	5329,9
61020	7543	61020	49,5	61020	0	61020	1	61020	5329,9
61030	7544	61030	49,3	61030	0	61030	1	61030	5329,9
61040	7545	61040	55,8	61040	0	61040	1	61040	5329,9
61050	7546	61050	53,3	61050	0	61050	1	61050	5329,9
61060	7547	61060	56	61060	0	61060	1	61060	5329,9
61070	7548	61070	52,5	61070	0	61070	1	61070	5329,9
61080	7549	61080	50	61080	0	61080	1	61080	5329,9
61090	7550	61090	48,5	61090	0	61090	1	61090	5329,9
61100	7551	61100	44,5	61100	0	61100	1	61100	5329,9
61110	7552	61110	42,7	61110	0	61110	1	61110	5329,9
61120	7553	61120	39,7	61120	0	61120	1	61120	5329,9
61130	7554	61130	29,9	61130	0	61130	1	61130	5329,9
61140	7555	61140	48,6	61140	0	61140	1	61140	5329,9
61150	7556	61150	37,4	61150	0	61150	1	61150	5329,9
61160	7557	61160	33,8	61160	0	61160	1	61160	5329,9
61170	7558	61170	26,9	61170	0	61170	1	61170	5329,9
61180	7559	61180	26,3	61180	0	61180	1	61180	5329,9
61190	7560	61190	44,3	61190	0	61190	1	61190	5329,9
61200	7561	61200	24,9	61200	0	61200	1	61200	5329,9
61210	7562	61210	26,1	61210	0	61210	1	61210	5329,9
61220	7563	61220	28	61220	0	61220	1	61220	5329,9
61230	7564	61230	45	61230	0	61230	1	61230	5329,9
61240	7565	61240	43,9	61240	0	61240	1	61240	5329,9
61250	7566	61250	44,4	61250	0	61250	1	61250	5329,9
61260	7567	61260	44,1	61260	0	61260	1	61260	5329,9
61270	7568	61270	47,6	61270	0	61270	1	61270	5329,9
61280	7569	61280	35,8	61280	0	61280	1	61280	5329,9
61290	7570	61290	51	61290	0	61290	1	61290	5329,9
61300	7571	61300	44,5	61300	0	61300	1	61300	5329,9
61310	7572	61310	50,7	61310	0	61310	1	61310	5329,9
61320	7573	61320	35,4	61320	0	61320	1	61320	5329,9
61330	7574	61330	39,7	61330	0	61330	1	61330	5329,9
61340	7575	61340	45,5	61340	0	61340	1	61340	5329,9
61350	7576	61350	49,9	61350	0	61350	1	61350	5329,9
61360	7577	61360	53,3	61360	0	61360	1	61360	5329,9
61370	7578	61370	41,9	61370	0	61370	1	61370	5329,9
61380	7579	61380	54,6	61380	0	61380	1	61380	5329,9
61390	7580	61390	53,3	61390	0	61390	1	61390	5329,9
61400	7581	61400	49,3	61400	0	61400	1	61400	5329,9
61410	7582	61410	40	61410	0	61410	1	61410	5329,9
61420	7583	61420	52,7	61420	0	61420	1	61420	5329,9
61430	7584	61430	53,7	61430	0	61430	1	61430	5329,9
61440	7585	61440	48,1	61440	0	61440	1	61440	5329,9
61450	7586	61450	51,5	61450	0	61450	1	61450	5329,9
61460	7587	61460	50,3	61460	0	61460	1	61460	5329,9
61470	7588	61470	52,2	61470	0	61470	1	61470	5329,9
61480	7589	61480	52,3	61480	0	61480	1	61480	5329,9
61490	7590	61490	56,7	61490	0	61490	1	61490	5329,9
61500	7591	61500	47,5	61500	0	61500	1	61500	5329,9
61510	7592	61510	39,6	61510	0	61510	1	61510	5329,9
61520	7593	61520	32,6	61520	0	61520	1	61520	5329,9
61530	7594	61530	30,5	61530	0	61530	1	61530	5329,9
61540	7595	61540	103,5	61540	0	61540	1	61540	5329,9
61550	7596	61550	38,2	61550	0	61550	1	61550	5329,9
61560	7597	61560	51,7	61560	0	61560	1	61560	5329,9
61570	7598	61570	36,5	61570	0	61570	1	61570	5329,9
61580	7599	61580	36,9	61580	0	61580	1	61580	5329,9
61590	7600	61590	25,4	61590	0	61590	3	61590	5329,9
61600	7601	61600	66,9	61600	0	61600	1	61600	5329,9
61610	7602	61610	51,5	61610	0	61610	1	61610	5329,9
61620	7603	61620	55,5	61620	0	61620	1	61620	5329,9
61630	7604	61630	34,8	61630	0	61630	1	61630	5329,9
61640	7605	61640	40,6	61640	0	61640	1	61640	5329,9
61650	7606	61650	48,5	61650	0	61650	1	61650	5329,9
61660	7607	61660	26,3	61660	0	61660	1	61660	5329,9
61670	7608	61670	32,4	61670	0	61670	1	61670	5329,9
61680	7609	61680	43,1	61680	0	61680	1	61680	5329,9
61690	7610	61690	47,4	61690	0	61690	1	61690	5329,9
61700	7611	61700	43	61700	0	61700	1	61700	5329,9
61710	7612	61710	43,4	61710	0	61710	1	61710	5329,9
61720	7613	61720	48,6	61720	0	61720	1	61720	5329,9
61730	7614	61730	46,2	61730	0	61730	1	61730	5329,9
61740	7615	61740	54,5	61740	0	61740	1	61740	5329,9
61750	7616	61750	53,5	61750	0	61750	1	61750	5329,9
61760	7617	61760	51,9	61760	0	61760	1	61760	5329,9
61770	7618	61770	52,5	61770	0	61770	1	61770	5329,9
61780	7619	61780	33,8	61780	0	61780	1	61780	5329,9
61790	7620	61790	50,1	61790	0	61790	1	61790	5329,9
61800	7621	61800	48,4	61800	0	61800	1	61800	5329,9
61810	7622	61810	51,7	61810	0	61810	1	61810	5329,9
61820	7623	61820	33,3	61820	0	61820	1	61820	5329,9
61830	7624	61830	33	61830	0	61830	1	61830	5329,9
61840	7625	61840	23,9	61840	0	61840	1	61840	5329,9
61850	7626	61850	34,3	61850	0	61850	1	61850	5329,9
61860	7627	61860	45,3	61860	0	61860	1	61860	5329,9
61870	7628	61870	42,9	61870	0	61870	1	61870	5329,9
61880	7629	61880	43,2	61880	0	61880	1	61880	5329,9
61890	7630	61890	47,9	61890	0	61890	1	61890	5329,9
61900	7631	61900	43,9	61900	0	61900	1	61900	5329,9
61910	7632	61910	31,1	61910	0	61910	1	61910	5329,9
61920	7633	61920	54,7	61920	0	61920	1	61920	5329,9
61930	7634	61930	57,6	61930	0	61930	1	61930	5329,9
61940	7635	61940	42,8	61940	0	61940	1	61940	5329,9
61950	7636	61950	43,8	61950	0	61950	1	61950	5329,9
61960	7637	61960	44	61960	0	61960	1	61960	5329,9
61970	7638	61970	52	61970	0	61970	1	61970	5329,9
61980	7639	61980	44,2	61980	0	61980	1	61980	5329,9
61990	7640	61990	43,6	61990	0	61990	1	61990	5329,9
62000	7641	62000	57,1	62000	0	62000	1	62000	5329,9
62010	7642	62010	47,4	62010	0	62010	1	62010	5329,9
62020	7643	62020	46,3	62020	0	62020	1	62020	5329,9
62030	7644	62030	56,4	62030	0	62030	1	62030	5329,9
62040	7645	62040	47,1	62040	0	62040	1	62040	5329,9
62050	7646	62050	41,2	62050	0	62050	1	62050	5329,9
62060	7647	62060	47,1	62060	0	62060	1	62060	5329,9
62070	7648	62070	44,1	62070	0	62070	1	62070	5329,9
62080	7649	62080	31,8	62080	0	62080	1	62080	5329,9
62090	7650	62090	47,1	62090	0	62090	1	62090	5329,9
62100	7651	62100	43,7	62100	0	62100	1	62100	5329,9
62110	7652	62110	45,4	62110	0	62110	1	62110	5329,9
62120	7653	62120	42,1	62120	0	62120	1	62120	5329,9
62130	7654	62130	41,8	62130	0	62130	1	62130	5329,9
62140	7655	62140	44,4	62140	0	62140	1	62140	5329,9
62150	7656	62150	47,9	62150	0	62150	1	62150	5329,9
62160	7657	62160	40,8	62160	0	62160	1	62160	5329,9
62170	7658	62170	47,8	62170	0	62170	1	62170	5329,9
62180	7659	62180	43,7	62180	0	62180	1	62180	5329,9
62190	7660	62190	41,6	62190	0	62190	1	62190	5329,9
62200	7661	62200	44	62200	0	62200	1	62200	5329,9
62210	7662	62210	49,1	62210	0	62210	1	62210	5329,9
62220	7663	62220	30,3	62220	0	62220	1	62220	5329,9
62230	7664	62230	49,7	62230	0	62230	1	62230	5329,9
62240	7665	62240	44,1	62240	0	62240	1	62240	5329,9
62250	7666	62250	44,2	62250	0	62250	1	62250	5329,9
62260	7667	62260	44,5	62260	0	62260	1	62260	5329,9
62270	7668	62270	46,8	62270	0	62270	1	62270	5329,9
62280	7669	62280	47,4	62280	0	62280	1	62280	5329,9
62290	7670	62290	54,9	62290	0	62290	1	62290	5329,9
62300	7671	62300	47,2	62300	0	62300	1	62300	5329,9
62310	7672	62310	37,8	62310	0	62310	1	62310	5329,9
62320	7673	62320	36	62320	0	62320	1	62320	5329,9
62330	7674	62330	25	62330	0	62330	1	62330	5329,9
62340	7675	62340	33,8	62340	0	62340	1	62340	5329,9
62350	7676	62350	45,1	62350	0	62350	1	62350	5329,9
62360	7677	62360	51	62360	0	62360	1	62360	5329,9
62370	7678	62370	25,1	62370	0	62370	1	62370	5329,9
62380	7679	62380	43	62380	0	62380	1	62380	5329,9
62390	7680	62390	40,9	62390	0	62390	1	62390	5329,9
62400	7681	62400	34	62400	0	62400	1	62400	5329,9
62410	7682	62410	54	62410	0	62410	1	62410	5329,9
62420	7683	62420	48,1	62420	0	62420	1	62420	5329,9
62430	7684	62430	51,4	62430	0	62430	1	62430	5329,9
62440	7685	62440	26,3	62440	0	62440	1	62440	5329,9
62450	7686	62450	23,9	62450	0	62450	1	62450	5329,9
62460	7687	62460	38	62460	0	62460	1	62460	5329,9
62470	7688	62470	28,3	62470	0	62470	1	62470	5329,9
62480	7689	62480	33,8	62480	0	62480	1	62480	5329,9
62490	7690	62490	45,1	62490	0	62490	1	62490	5329,9
62500	7691	62500	45,5	62500	0	62500	1	62500	5329,9
62510	7692	62510	48	62510	0	62510	1	62510	5329,9
62520	7693	62520	38,9	62520	0	62520	1	62520	5329,9
62530	7694	62530	50,9	62530	0	62530	1	62530	5329,9
62540	7695	62540	49,2	62540	0	62540	1	62540	5329,9
62550	7696	62550	31,5	62550	0	62550	1	62550	5329,9
62560	7697	62560	48,6	62560	0	62560	1	62560	5329,9
62570	7698	62570	32,7	62570	0	62570	1	62570	5329,9
62580	7699	62580	46,6	62580	0	62580	1	62580	5329,9
62590	7700	62590	44,7	62590	0	62590	3	62590	5329,9
62600	7701	62600	58,3	62600	0	62600	1	62600	5329,9
62610	7702	62610	35,2	62610	0	62610	1	62610	5329,9
62620	7703	62620	22,8	62620	0	62620	1	62620	5329,9
62630	7704	62630	46,1	62630	0	62630	1	62630	5329,9
62640	7705	62640	55,2	62640	0	62640	1	62640	5329,9
62650	7706	62650	47,8	62650	0	62650	1	62650	5329,9
62660	7707	62660	25,4	62660	0	62660	1	62660	5329,9
62670	7708	62670	47	62670	0	62670	1	62670	5329,9
62680	7709	62680	47,6	62680	0	62680	1	62680	5329,9
62690	7710	62690	48,7	62690	0	62690	1	62690	5329,9
62700	7711	62700	43	62700	0	62700	1	62700	5329,9
62710	7712	62710	48,4	62710	0	62710	1	62710	5329,9
62720	7713	62720	50,4	62720	0	62720	1	62720	5329,9
62730	7714	62730	37,5	62730	0	62730	1	62730	5329,9
62740	7715	62740	38,4	62740	0	62740	1	62740	5329,9
62750	7716	62750	41,7	62750	0	62750	1	62750	5329,9
62760	7717	62760	48,9	62760	0	62760	1	62760	5329,9
62770	7718	62770	43,7	62770	0	62770	1	62770	5329,9
62780	7719	62780	51,8	62780	0	62780	1	62780	5329,9
62790	7720	62790	40,6	62790	0	62790	1	62790	5329,9
62800	7721	62800	40,7	62800	0	62800	1	62800	5329,9
62810	7722	62810	36,6	62810	0	62810	3	62810	5329,9
62820	7723	62820	60,8	62820	0	62820	1	62820	5329,9
62830	7724	62830	47,2	62830	0	62830	1	62830	5329,9
62840	7725	62840	42,6	62840	0	62840	1	62840	5329,9
62850	7726	62850	49	62850	0	62850	1	62850	5329,9
62860	7727	62860	48,6	62860	0	62860	1	62860	5329,9
62870	7728	62870	39,3	62870	0	62870	1	62870	5329,9
62880	7729	62880	45,3	62880	0	62880	1	62880	5329,9
62890	7730	62890	45,3	62890	0	62890	1	62890	5329,9
62900	7731	62900	45,6	62900	0	62900	1	62900	5329,9
62910	7732	62910	52,4	62910	0	62910	1	62910	5329,9
62920	7733	62920	51,5	62920	0	62920	1	62920	5329,9
62930	7734	62930	53,6	62930	0	62930	1	62930	5329,9
62940	7735	62940	45,5	62940	0	62940	1	62940	5329,9
62950	7736	62950	35,2	62950	0	62950	1	62950	5329,9
62960	7737	62960	36,4	62960	0	62960	1	62960	5329,9
62970	7738	62970	30,2	62970	0	62970	1	62970	5329,9
62980	7739	62980	46,1	62980	0	62980	1	62980	5329,9
62990	7740	62990	44,8	62990	0	62990	1	62990	5329,9
63000	7741	63000	37,5	63000	0	63000	1	63000	5329,9
63010	7742	63010	33,8	63010	0	63010	1	63010	5329,9
63020	7743	63020	35,8	63020	0	63020	1	63020	5329,9
63030	7744	63030	47,2	63030	0	63030	1	63030	5329,9
63040	7745	63040	46,9	63040	0	63040	1	63040	5329,9
63050	7746	63050	28,5	63050	0	63050	1	63050	5329,9
63060	7747	63060	39,3	63060	0	63060	1	63060	5329,9
63070	7748	63070	38,5	63070	0	63070	1	63070	5329,9
63080	7749	63080	30,1	63080	0	63080	1	63080	5329,9
63090	7750	63090	37,2	63090	0	63090	1	63090	5329,9
63100	7751	63100	40,2	63100	0	63100	1	63100	5329,9
63110	7752	63110	35,1	63110	0	63110	1	63110	5329,9
63120	7753	63120	34,9	63120	0	63120	1	63120	5329,9
63130	7754	63130	34	63130	0	63130	1	63130	5329,9
63140	7755	63140	39	63140	0	63140	1	63140	5329,9
63150	7756	63150	31	63150	0	63150	1	63150	5329,9
63160	7757	63160	23,8	63160	0	63160	1	63160	5329,9
63170	7758	63170	41,1	63170	0	63170	1	63170	5329,9
63180	7759	63180	45,3	63180	0	63180	1	63180	5329,9
63190	7760	63190	44,2	63190	0	63190	1	63190	5329,9
63200	7761	63200	45,9	63200	0	63200	1	63200	5329,9
63210	7762	63210	43,6	63210	0	63210	1	63210	5329,9
63220	7763	63220	46,3	63220	0	63220	1	63220	5329,9
63230	7764	63230	53,1	63230	0	63230	1	63230	5329,9
63240	7765	63240	42,6	63240	0	63240	1	63240	5329,9
63250	7766	63250	25,2	63250	0	63250	1	63250	5329,9
63260	7767	63260	28,7	63260	0	63260	1	63260	5329,9
63270	7768	63270	50,1	63270	0	63270	1	63270	5329,9
63280	7769	63280	36	63280	0	63280	1	63280	5329,9
63290	7770	63290	41,6	63290	0	63290	1	63290	5329,9
63300	7771	63300	42	63300	0	63300	1	63300	5329,9
63310	7772	63310	40,8	63310	0	63310	1	63310	5329,9
63320	7773	63320	42,5	63320	0	63320	1	63320	5329,9
63330	7774	63330	45	63330	0	63330	1	63330	5329,9
63340	7775	63340	37,9	63340	0	63340	1	63340	5329,9
63350	7776	63350	37,1	63350	0	63350	1	63350	5329,9
63360	7777	63360	40,8	63360	0	63360	1	63360	5329,9
63370	7778	63370	45,8	63370	0	63370	1	63370	5329,9
63380	7779	63380	47,4	63380	0	63380	1	63380	5329,9
63390	7780	63390	48,7	63390	0	63390	1	63390	5329,9
63400	7781	63400	54,9	63400	0	63400	1	63400	5329,9
63410	7782	63410	49,1	63410	0	63410	1	63410	5329,9
63420	7783	63420	28,3	63420	0	63420	1	63420	5329,9
63430	7784	63430	49	63430	0	63430	1	63430	5329,9
63440	7785	63440	45,3	63440	0	63440	1	63440	5329,9
63450	7786	63450	42,2	63450	0	63450	1	63450	5329,9
63460	7787	63460	50,8	63460	0	63460	1	63460	5329,9
63470	7788	63470	52,4	63470	0	63470	1	63470	5329,9
63480	7789	63480	41,7	63480	0	63480	1	63480	5329,9
63490	7790	63490	56,1	63490	0	63490	1	63490	5329,9
63500	7791	63500	40,8	63500	0	63500	1	63500	5329,9
63510	7792	63510	38	63510	0	63510	1	63510	5329,9
63520	7793	63520	37,5	63520	0	63520	1	63520	5329,9
63530	7794	63530	38,3	63530	0	63530	1	63530	5329,9
63540	7795	63540	38,2	63540	0	63540	1	63540	5329,9
63550	7796	63550	47,7	63550	0	63550	1	63550	5329,9
63560	7797	63560	40,3	63560	0	63560	1	63560	5329,9
63570	7798	63570	41,5	63570	0	63570	1	63570	5329,9
63580	7799	63580	41	63580	0	63580	1	63580	5329,9
63590	7800	63590	47,6	63590	0	63590	3	63590	5329,9
63600	7801	63600	66,4	63600	0	63600	1	63600	5329,9
63610	7802	63610	42,6	63610	0	63610	1	63610	5329,9
63620	7803	63620	38,5	63620	0	63620	1	63620	5329,9
63630	7804	63630	47,5	63630	0	63630	1	63630	5329,9
63640	7805	63640	40,5	63640	0	63640	1	63640	5329,9
63650	7806	63650	45,2	63650	0	63650	1	63650	5329,9
63660	7807	63660	43,1	63660	0	63660	1	63660	5329,9
63670	7808	63670	46,9	63670	0	63670	1	63670	5329,9
63680	7809	63680	47,2	63680	0	63680	1	63680	5329,9
63690	7810	63690	47,6	63690	0	63690	1	63690	5329,9
63700	7811	63700	42,7	63700	0	63700	1	63700	5329,9
63710	7812	63710	50,9	63710	0	63710	1	63710	5329,9
63720	7813	63720	47,9	63720	0	63720	1	63720	5329,9
63730	7814	63730	42,3	63730	0	63730	1	63730	5329,9
63740	7815	63740	55	63740	0	63740	1	63740	5329,9
63750	7816	63750	28,7	63750	0	63750	1	63750	5329,9
63760	7817	63760	38,4	63760	0	63760	1	63760	5329,9
63770	7818	63770	38,9	63770	0	63770	1	63770	5329,9
63780	7819	63780	40,1	63780	0	63780	1	63780	5329,9
63790	7820	63790	42,3	63790	0	63790	1	63790	5329,9
63800	7821	63800	41,9	63800	0	63800	1	63800	5329,9
63810	7822	63810	41,6	63810	0	63810	1	63810	5329,9
63820	7823	63820	40,8	63820	0	63820	1	63820	5329,9
63830	7824	63830	46,5	63830	0	63830	1	63830	5329,9
63840	7825	63840	40,1	63840	0	63840	1	63840	5329,9
63850	7826	63850	38,4	63850	0	63850	1	63850	5329,9
63860	7827	63860	46,5	63860	0	63860	1	63860	5329,9
63870	7828	63870	58,2	63870	0	63870	1	63870	5329,9
63880	7829	63880	41,9	63880	0	63880	1	63880	5329,9
63890	7830	63890	43,4	63890	0	63890	1	63890	5329,9
63900	7831	63900	42,4	63900	0	63900	1	63900	5329,9
63910	7832	63910	44,1	63910	0	63910	1	63910	5329,9
63920	7833	63920	43	63920	0	63920	1	63920	5329,9
63930	7834	63930	44,8	63930	0	63930	1	63930	5329,9
63940	7835	63940	40,5	63940	0	63940	1	63940	5329,9
63950	7836	63950	43,3	63950	0	63950	1	63950	5329,9
63960	7837	63960	40,1	63960	0	63960	1	63960	5329,9
63970	7838	63970	40,5	63970	0	63970	1	63970	5329,9
63980	7839	63980	24,5	63980	0	63980	1	63980	5329,9
63990	7840	63990	50,4	63990	0	63990	1	63990	5329,9
64000	7841	64000	43,1	64000	0	64000	1	64000	5329,9
64010	7842	64010	43,4	64010	0	64010	1	64010	5329,9
64020	7843	64020	44,5	64020	0	64020	1	64020	5329,9
64030	7844	64030	49,5	64030	0	64030	1	64030	5329,9
64040	7845	64040	47,5	64040	0	64040	1	64040	5329,9
64050	7846	64050	44,1	64050	0	64050	1	64050	5329,9
64060	7847	64060	48,5	64060	0	64060	1	64060	5329,9
64070	7848	64070	51,3	64070	0	64070	1	64070	5329,9
64080	7849	64080	42,6	64080	0	64080	1	64080	5329,9
64090	7850	64090	29,3	64090	0	64090	1	64090	5329,9
64100	7851	64100	40,5	64100	0	64100	1	64100	5329,9
64110	7852	64110	32	64110	0	64110	1	64110	5329,9
64120	7853	64120	42,4	64120	0	64120	1	64120	5329,9
64130	7854	64130	41,2	64130	0	64130	1	64130	5329,9
64140	7855	64140	41,6	64140	0	64140	1	64140	5329,9
64150	7856	64150	56,5	64150	0	64150	1	64150	5329,9
64160	7857	64160	41,7	64160	0	64160	1	64160	5329,9
64170	7858	64170	40	64170	0	64170	1	64170	5329,9
64180	7859	64180	36,8	64180	0	64180	1	64180	5329,9
64190	7860	64190	57,6	64190	0	64190	1	64190	5329,9
64200	7861	64200	39,8	64200	0	64200	1	64200	5329,9
64210	7862	64210	41,4	64210	0	64210	1	64210	5329,9
64220	7863	64220	38,1	64220	0	64220	1	64220	5329,9
64230	7864	64230	41,2	64230	0	64230	1	64230	5329,9
64240	7865	64240	47,4	64240	0	64240	1	64240	5329,9
64250	7866	64250	50,4	64250	0	64250	1	64250	5329,9
64260	7867	64260	49	64260	0	64260	1	64260	5329,9
64270	7868	64270	44,5	64270	0	64270	1	64270	5329,9
64280	7869	64280	42,7	64280	0	64280	1	64280	5329,9
64290	7870	64290	45,5	64290	0	64290	1	64290	5329,9
64300	7871	64300	41	64300	0	64300	1	64300	5329,9
64310	7872	64310	64,7	64310	0	64310	1	64310	5329,9
64320	7873	64320	36,7	64320	0	64320	1	64320	5329,9
64330	7874	64330	41,6	64330	0	64330	1	64330	5329,9
64340	7875	64340	43,9	64340	0	64340	1	64340	5329,9
64350	7876	64350	46,4	64350	0	64350	1	64350	5329,9
64360	7877	64360	48,5	64360	0	64360	1	64360	5329,9
64370	7878	64370	42,2	64370	0	64370	1	64370	5329,9
64380	7879	64380	42,2	64380	0	64380	1	64380	5329,9
64390	7880	64390	43,9	64390	0	64390	1	64390	5329,9
64400	7881	64400	40	64400	0	64400	1	64400	5329,9
64410	7882	64410	46,5	64410	0	64410	1	64410	5329,9
64420	7883	64420	42,8	64420	0	64420	1	64420	5329,9
64430	7884	64430	38,3	64430	0	64430	1	64430	5329,9
64440	7885	64440	42,3	64440	0	64440	1	64440	5329,9
64450	7886	64450	40,5	64450	0	64450	1	64450	5329,9
64460	7887	64460	50	64460	0	64460	1	64460	5329,9
64470	7888	64470	53,3	64470	0	64470	1	64470	5329,9
64480	7889	64480	57,2	64480	0	64480	1	64480	5329,9
64490	7890	64490	38	64490	0	64490	1	64490	5329,9
64500	7891	64500	23,5	64500	0	64500	1	64500	5329,9
64510	7892	64510	40,3	64510	0	64510	1	64510	5329,9
64520	7893	64520	25,1	64520	0	64520	1	64520	5329,9
64530	7894	64530	33	64530	0	64530	1	64530	5329,9
64540	7895	64540	50,5	64540	0	64540	1	64540	5329,9
64550	7896	64550	41,1	64550	0	64550	1	64550	5329,9
64560	7897	64560	39,7	64560	0	64560	1	64560	5329,9
64570	7898	64570	43,6	64570	0	64570	1	64570	5329,9
64580	7899	64580	46,3	64580	0	64580	1	64580	5329,9
64590	7900	64590	44,3	64590	0	64590	3	64590	5329,9
64600	7901	64600	77,6	64600	0	64600	1	64600	5329,9
64610	7902	64610	41,1	64610	0	64610	1	64610	5329,9
64620	7903	64620	44	64620	0	64620	1	64620	5329,9
64630	7904	64630	44,1	64630	0	64630	1	64630	5329,9
64640	7905	64640	23	64640	0	64640	1	64640	5329,9
64650	7906	64650	41,4	64650	0	64650	1	64650	5329,9
64660	7907	64660	40,7	64660	0	64660	1	64660	5329,9
64670	7908	64670	40,2	64670	0	64670	1	64670	5329,9
64680	7909	64680	41,7	64680	0	64680	1	64680	5329,9
64690	7910	64690	49,9	64690	0	64690	1	64690	5329,9
64700	7911	64700	26,2	64700	0	64700	1	64700	5329,9
64710	7912	64710	26,5	64710	0	64710	1	64710	5329,9
64720	7913	64720	30,6	64720	0	64720	1	64720	5329,9
64730	7914	64730	48,2	64730	0	64730	1	64730	5329,9
64740	7915	64740	56,4	64740	0	64740	1	64740	5329,9
64750	7916	64750	44,3	64750	0	64750	1	64750	5329,9
64760	7917	64760	32	64760	0	64760	1	64760	5329,9
64770	7918	64770	55	64770	0	64770	1	64770	5329,9
64780	7919	64780	26,4	64780	0	64780	1	64780	5329,9
64790	7920	64790	34,8	64790	0	64790	1	64790	5329,9
64800	7921	64800	25,4	64800	0	64800	1	64800	5329,9
64810	7922	64810	39,1	64810	0	64810	1	64810	5329,9
64820	7923	64820	39,5	64820	0	64820	1	64820	5329,9
64830	7924	64830	41,9	64830	0	64830	1	64830	5329,9
64840	7925	64840	33,5	64840	0	64840	1	64840	5329,9
64850	7926	64850	40,2	64850	0	64850	1	64850	5329,9
64860	7927	64860	30,6	64860	0	64860	1	64860	5329,9
64870	7928	64870	44,5	64870	0	64870	1	64870	5329,9
64880	7929	64880	46,8	64880	0	64880	1	64880	5329,9
64890	7930	64890	44,2	64890	0	64890	1	64890	5329,9
64900	7931	64900	46	64900	0	64900	1	64900	5329,9
64910	7932	64910	49,8	64910	0	64910	1	64910	5329,9
64920	7933	64920	45	64920	0	64920	1	64920	5329,9
64930	7934	64930	46,5	64930	0	64930	1	64930	5329,9
64940	7935	64940	43,6	64940	0	64940	1	64940	5329,9
64950	7936	64950	57,4	64950	0	64950	1	64950	5329,9
64960	7937	64960	39,4	64960	0	64960	1	64960	5329,9
64970	7938	64970	42,1	64970	0	64970	1	64970	5329,9
64980	7939	64980	57,4	64980	0	64980	1	64980	5329,9
64990	7940	64990	41,8	64990	0	64990	1	64990	5329,9
65000	7941	65000	38,3	65000	0	65000	1	65000	5329,9
65010	7942	65010	38,5	65010	0	65010	1	65010	5329,9
65020	7943	65020	40,7	65020	0	65020	1	65020	5329,9
65030	7944	65030	40,4	65030	0	65030	1	65030	5329,9
65040	7945	65040	50,1	65040	0	65040	1	65040	5329,9
65050	7946	65050	47,3	65050	0	65050	1	65050	5329,9
65060	7947	65060	23,9	65060	0	65060	1	65060	5329,9
65070	7948	65070	42,2	65070	0	65070	1	65070	5329,9
65080	7949	65080	25,5	65080	0	65080	1	65080	5329,9
65090	7950	65090	23,4	65090	0	65090	1	65090	5329,9
65100	7951	65100	36,4	65100	0	65100	1	65100	5329,9
65110	7952	65110	40,2	65110	0	65110	1	65110	5329,9
65120	7953	65120	36,1	65120	0	65120	1	65120	5329,9
65130	7954	65130	27	65130	0	65130	1	65130	5329,9
65140	7955	65140	31,6	65140	0	65140	1	65140	5329,9
65150	7956	65150	36,1	65150	0	65150	1	65150	5329,9
65160	7957	65160	40,2	65160	0	65160	1	65160	5329,9
65170	7958	65170	34,6	65170	0	65170	1	65170	5329,9
65180	7959	65180	25,5	65180	0	65180	1	65180	5329,9
65190	7960	65190	45,2	65190	0	65190	1	65190	5329,9
65200	7961	65200	42	65200	0	65200	1	65200	5329,9
65210	7962	65210	26,4	65210	0	65210	1	65210	5329,9
65220	7963	65220	26	65220	0	65220	1	65220	5329,9
65230	7964	65230	40,3	65230	0	65230	1	65230	5329,9
65240	7965	65240	39,2	65240	0	65240	1	65240	5329,9
65250	7966	65250	35,3	65250	0	65250	1	65250	5329,9
65260	7967	65260	41,4	65260	0	65260	1	65260	5329,9
65270	7968	65270	47,3	65270	0	65270	1	65270	5329,9
65280	7969	65280	26,1	65280	0	65280	1	65280	5329,9
65290	7970	65290	27,5	65290	0	65290	1	65290	5329,9
65300	7971	65300	47,1	65300	0	65300	1	65300	5329,9
65310	7972	65310	41,5	65310	0	65310	1	65310	5329,9
65320	7973	65320	42,1	65320	0	65320	1	65320	5329,9
65330	7974	65330	43,8	65330	0	65330	1	65330	5329,9
65340	7975	65340	40,5	65340	0	65340	1	65340	5329,9
65350	7976	65350	46,7	65350	0	65350	1	65350	5329,9
65360	7977	65360	47,3	65360	0	65360	1	65360	5329,9
65370	7978	65370	42,1	65370	0	65370	1	65370	5329,9
65380	7979	65380	40,3	65380	0	65380	1	65380	5329,9
65390	7980	65390	39,9	65390	0	65390	1	65390	5329,9
65400	7981	65400	40,8	65400	0	65400	1	65400	5329,9
65410	7982	65410	32,8	65410	0	65410	1	65410	5329,9
65420	7983	65420	40,3	65420	0	65420	1	65420	5329,9
65430	7984	65430	42,8	65430	0	65430	1	65430	5329,9
65440	7985	65440	40,8	65440	0	65440	1	65440	5329,9
65450	7986	65450	46,9	65450	0	65450	1	65450	5329,9
65460	7987	65460	53,9	65460	0	65460	1	65460	5329,9
65470	7988	65470	45,3	65470	0	65470	1	65470	5329,9
65480	7989	65480	26	65480	0	65480	1	65480	5329,9
65490	7990	65490	51,2	65490	0	65490	1	65490	5329,9
65500	7991	65500	40,5	65500	0	65500	1	65500	5329,9
65510	7992	65510	46,3	65510	0	65510	1	65510	5329,9
65520	7993	65520	50,7	65520	0	65520	1	65520	5329,9
65530	7994	65530	43,1	65530	0	65530	1	65530	5329,9
65540	7995	65540	47,9	65540	0	65540	1	65540	5329,9
65550	7996	65550	44,4	65550	0	65550	1	65550	5329,9
65560	7997	65560	43	65560	0	65560	1	65560	5329,9
65570	7998	65570	25,4	65570	0	65570	1	65570	5329,9
65580	7999	65580	42,9	65580	0	65580	1	65580	5329,9
65590	8000	65590	40,9	65590	0	65590	3	65590	5329,9
65600	8001	65600	66	65600	0	65600	1	65600	5329,9
65610	8002	65610	42,9	65610	0	65610	1	65610	5329,9
65620	8003	65620	47,9	65620	0	65620	1	65620	5329,9
65630	8004	65630	52,1	65630	0	65630	1	65630	5329,9
65640	8005	65640	52,4	65640	0	65640	1	65640	5329,9
65650	8006	65650	39,9	65650	0	65650	1	65650	5329,9
65660	8007	65660	43	65660	0	65660	1	65660	5329,9
65670	8008	65670	45,1	65670	0	65670	1	65670	5329,9
65680	8009	65680	46,3	65680	0	65680	1	65680	5329,9
65690	8010	65690	44,1	65690	0	65690	1	65690	5329,9
65700	8011	65700	55,7	65700	0	65700	1	65700	5329,9
65710	8012	65710	46,9	65710	0	65710	1	65710	5329,9
65720	8013	65720	46,6	65720	0	65720	3	65720	5329,9
65730	8014	65730	59,7	65730	0	65730	1	65730	5329,9
65740	8015	65740	53	65740	0	65740	1	65740	5329,9
65750	8016	65750	29	65750	0	65750	1	65750	5329,9
65760	8017	65760	44,6	65760	0	65760	1	65760	5329,9
65770	8018	65770	48,9	65770	0	65770	1	65770	5329,9
65780	8019	65780	36,8	65780	0	65780	1	65780	5329,9
65790	8020	65790	44,3	65790	0	65790	1	65790	5329,9
65800	8021	65800	46,4	65800	0	65800	1	65800	5329,9
65810	8022	65810	45,9	65810	0	65810	1	65810	5329,9
65820	8023	65820	50,4	65820	0	65820	1	65820	5329,9
65830	8024	65830	46	65830	0	65830	1	65830	5329,9
65840	8025	65840	49,3	65840	0	65840	1	65840	5329,9
65850	8026	65850	44,1	65850	0	65850	1	65850	5329,9
65860	8027	65860	56,2	65860	0	65860	1	65860	5329,9
65870	8028	65870	47,8	65870	0	65870	1	65870	5329,9
65880	8029	65880	40,6	65880	0	65880	1	65880	5329,9
65890	8030	65890	47,7	65890	0	65890	1	65890	5329,9
65900	8031	65900	45,8	65900	0	65900	1	65900	5329,9
65910	8032	65910	48,5	65910	0	65910	1	65910	5329,9
65920	8033	65920	42,4	65920	0	65920	1	65920	5329,9
65930	8034	65930	50,3	65930	0	65930	1	65930	5329,9
65940	8035	65940	48,3	65940	0	65940	1	65940	5329,9
65950	8036	65950	48,7	65950	0	65950	1	65950	5329,9
65960	8037	65960	46,7	65960	0	65960	1	65960	5329,9
65970	8038	65970	49,1	65970	0	65970	1	65970	5329,9
65980	8039	65980	47,8	65980	0	65980	1	65980	5329,9
65990	8040	65990	50,1	65990	0	65990	1	65990	5329,9
66000	8041	66000	51,5	66000	0	66000	1	66000	5329,9
66010	8042	66010	50	66010	0	66010	1	66010	5329,9
66020	8043	66020	44,9	66020	0	66020	1	66020	5329,9
66030	8044	66030	50,4	66030	0	66030	1	66030	5329,9
66040	8045	66040	39,8	66040	0	66040	1	66040	5329,9
66050	8046	66050	43,7	66050	0	66050	1	66050	5329,9
66060	8047	66060	49,1	66060	0	66060	1	66060	5329,9
66070	8048	66070	58,3	66070	0	66070	1	66070	5329,9
66080	8049	66080	42,1	66080	0	66080	1	66080	5329,9
66090	8050	66090	47,3	66090	0	66090	1	66090	5329,9
66100	8051	66100	51,9	66100	0	66100	1	66100	5329,9
66110	8052	66110	52,5	66110	0	66110	1	66110	5329,9
66120	8053	66120	44,2	66120	0	66120	1	66120	5329,9
66130	8054	66130	45,4	66130	0	66130	1	66130	5329,9
66140	8055	66140	62,1	66140	0	66140	1	66140	5329,9
66150	8056	66150	46,1	66150	0	66150	1	66150	5329,9
66160	8057	66160	65,9	66160	0	66160	1	66160	5329,9
66170	8058	66170	45,7	66170	0	66170	1	66170	5329,9
66180	8059	66180	43,6	66180	0	66180	1	66180	5329,9
66190	8060	66190	43,3	66190	0	66190	1	66190	5329,9
66200	8061	66200	47,6	66200	0	66200	1	66200	5329,9
66210	8062	66210	55,3	66210	0	66210	1	66210	5329,9
66220	8063	66220	44,4	66220	0	66220	1	66220	5329,9
66230	8064	66230	40,8	66230	0	66230	1	66230	5329,9
66240	8065	66240	49,7	66240	0	66240	1	66240	5329,9
66250	8066	66250	44,3	66250	0	66250	1	66250	5329,9
66260	8067	66260	40,1	66260	0	66260	1	66260	5329,9
66270	8068	66270	53,2	66270	0	66270	1	66270	5329,9
66280	8069	66280	45,4	66280	0	66280	1	66280	5329,9
66290	8070	66290	54,1	66290	0	66290	1	66290	5329,9
66300	8071	66300	45,3	66300	0	66300	1	66300	5329,9
66310	8072	66310	42,3	66310	0	66310	1	66310	5329,9
66320	8073	66320	55,2	66320	0	66320	1	66320	5329,9
66330	8074	66330	38,2	66330	0	66330	1	66330	5329,9
66340	8075	66340	42,9	66340	0	66340	1	66340	5329,9
66350	8076	66350	46	66350	0	66350	1	66350	5329,9
66360	8077	66360	44,8	66360	0	66360	1	66360	5329,9
66370	8078	66370	44,5	66370	0	66370	1	66370	5329,9
66380	8079	66380	45	66380	0	66380	1	66380	5329,9
66390	8080	66390	29,3	66390	0	66390	1	66390	5329,9
66400	8081	66400	40,7	66400	0	66400	1	66400	5329,9
66410	8082	66410	45,9	66410	0	66410	1	66410	5329,9
66420	8083	66420	49,6	66420	0	66420	1	66420	5329,9
66430	8084	66430	45,3	66430	0	66430	1	66430	5329,9
66440	8085	66440	43,3	66440	0	66440	1	66440	5329,9
66450	8086	66450	32	66450	0	66450	1	66450	5329,9
66460	8087	66460	45,3	66460	0	66460	1	66460	5329,9
66470	8088	66470	40,7	66470	0	66470	1	66470	5329,9
66480	8089	66480	39,9	66480	0	66480	1	66480	5329,9
66490	8090	66490	44,2	66490	0	66490	1	66490	5329,9
66500	8091	66500	43,3	66500	0	66500	1	66500	5329,9
66510	8092	66510	44,3	66510	0	66510	1	66510	5329,9
66520	8093	66520	57,2	66520	0	66520	1	66520	5329,9
66530	8094	66530	50,5	66530	0	66530	1	66530	5329,9
66540	8095	66540	48,8	66540	0	66540	1	66540	5329,9
66550	8096	66550	43,7	66550	0	66550	1	66550	5329,9
66560	8097	66560	51,5	66560	0	66560	1	66560	5329,9
66570	8098	66570	51	66570	0	66570	1	66570	5329,9
66580	8099	66580	46,3	66580	0	66580	1	66580	5329,9
66590	8100	66590	30,1	66590	0	66590	3	66590	5329,9
66600	8101	66600	37,5	66600	0	66600	1	66600	5329,9
66610	8102	66610	29,9	66610	0	66610	1	66610	5329,9
66620	8103	66620	42,6	66620	0	66620	1	66620	5329,9
66630	8104	66630	40,7	66630	0	66630	1	66630	5329,9
66640	8105	66640	31,4	66640	0	66640	1	66640	5329,9
66650	8106	66650	29	66650	0	66650	1	66650	5329,9
66660	8107	66660	44,9	66660	0	66660	1	66660	5329,9
66670	8108	66670	48,1	66670	0	66670	1	66670	5329,9
66680	8109	66680	58,3	66680	0	66680	1	66680	5329,9
66690	8110	66690	52,1	66690	0	66690	1	66690	5329,9
66700	8111	66700	67,4	66700	0	66700	1	66700	5329,9
66710	8112	66710	26,5	66710	0	66710	1	66710	5329,9
66720	8113	66720	25,9	66720	0	66720	1	66720	5329,9
66730	8114	66730	22,1	66730	0	66730	1	66730	5329,9
66740	8115	66740	40	66740	0	66740	1	66740	5329,9
66750	8116	66750	52,8	66750	0	66750	1	66750	5329,9
66760	8117	66760	40,4	66760	0	66760	1	66760	5329,9
66770	8118	66770	45,8	66770	0	66770	1	66770	5329,9
66780	8119	66780	49,6	66780	0	66780	1	66780	5329,9
66790	8120	66790	46,4	66790	0	66790	1	66790	5329,9
66800	8121	66800	49,7	66800	0	66800	1	66800	5329,9
66810	8122	66810	42,9	66810	0	66810	1	66810	5329,9
66820	8123	66820	48,4	66820	0	66820	1	66820	5329,9
66830	8124	66830	47,7	66830	0	66830	1	66830	5329,9
66840	8125	66840	26	66840	0	66840	1	66840	5329,9
66850	8126	66850	27	66850	0	66850	1	66850	5329,9
66860	8127	66860	37,8	66860	0	66860	1	66860	5329,9
66870	8128	66870	55,1	66870	0	66870	1	66870	5329,9
66880	8129	66880	51,5	66880	0	66880	1	66880	5329,9
66890	8130	66890	49,3	66890	0	66890	1	66890	5329,9
66900	8131	66900	41,2	66900	0	66900	1	66900	5329,9
66910	8132	66910	49,1	66910	0	66910	1	66910	5329,9
66920	8133	66920	43,8	66920	0	66920	1	66920	5329,9
66930	8134	66930	41,7	66930	0	66930	1	66930	5329,9
66940	8135	66940	47,3	66940	0	66940	1	66940	5329,9
66950	8136	66950	46,8	66950	0	66950	1	66950	5329,9
66960	8137	66960	47,3	66960	0	66960	1	66960	5329,9
66970	8138	66970	41,5	66970	0	66970	1	66970	5329,9
66980	8139	66980	50	66980	0	66980	1	66980	5329,9
66990	8140	66990	47	66990	0	66990	1	66990	5329,9
67000	8141	67000	43,4	67000	0	67000	1	67000	5329,9
67010	8142	67010	46,8	67010	0	67010	1	67010	5329,9
67020	8143	67020	43,5	67020	0	67020	1	67020	5329,9
67030	8144	67030	56,5	67030	0	67030	1	67030	5329,9
67040	8145	67040	51,5	67040	0	67040	1	67040	5329,9
67050	8146	67050	48,6	67050	0	67050	1	67050	5329,9
67060	8147	67060	51,6	67060	0	67060	1	67060	5329,9
67070	8148	67070	43,2	67070	0	67070	1	67070	5329,9
67080	8149	67080	50,6	67080	0	67080	1	67080	5329,9
67090	8150	67090	55,7	67090	0	67090	1	67090	5329,9
67100	8151	67100	45,2	67100	0	67100	1	67100	5329,9
67110	8152	67110	47,6	67110	0	67110	1	67110	5329,9
67120	8153	67120	46,4	67120	0	67120	1	67120	5329,9
67130	8154	67130	49,7	67130	0	67130	1	67130	5329,9
67140	8155	67140	43,8	67140	0	67140	1	67140	5329,9
67150	8156	67150	54,8	67150	0	67150	1	67150	5329,9
67160	8157	67160	31,3	67160	0	67160	1	67160	5329,9
67170	8158	67170	34,8	67170	0	67170	1	67170	5329,9
67180	8159	67180	36,3	67180	0	67180	1	67180	5329,9
67190	8160	67190	26,1	67190	0	67190	1	67190	5329,9
67200	8161	67200	43,6	67200	0	67200	1	67200	5329,9
67210	8162	67210	43,3	67210	0	67210	1	67210	5329,9
67220	8163	67220	43	67220	0	67220	1	67220	5329,9
67230	8164	67230	38,1	67230	0	67230	1	67230	5329,9
67240	8165	67240	51,2	67240	0	67240	1	67240	5329,9
67250	8166	67250	50,1	67250	0	67250	1	67250	5329,9
67260	8167	67260	53,8	67260	0	67260	1	67260	5329,9
67270	8168	67270	49,7	67270	0	67270	1	67270	5329,9
67280	8169	67280	27,7	67280	0	67280	1	67280	5329,9
67290	8170	67290	26,1	67290	0	67290	1	67290	5329,9
67300	8171	67300	44,6	67300	0	67300	1	67300	5329,9
67310	8172	67310	44,1	67310	0	67310	1	67310	5329,9
67320	8173	67320	26,5	67320	0	67320	1	67320	5329,9
67330	8174	67330	30,5	67330	0	67330	1	67330	5329,9
67340	8175	67340	47,7	67340	0	67340	1	67340	5329,9
67350	8176	67350	63,8	67350	0	67350	1	67350	5329,9
67360	8177	67360	51,5	67360	0	67360	1	67360	5329,9
67370	8178	67370	47,2	67370	0	67370	1	67370	5329,9
67380	8179	67380	50,4	67380	0	67380	1	67380	5329,9
67390	8180	67390	53,4	67390	0	67390	1	67390	5329,9
67400	8181	67400	57,1	67400	0	67400	1	67400	5329,9
67410	8182	67410	49,8	67410	0	67410	1	67410	5329,9
67420	8183	67420	46,5	67420	0	67420	1	67420	5329,9
67430	8184	67430	26,6	67430	0	67430	1	67430	5329,9
67440	8185	67440	50,7	67440	0	67440	1	67440	5329,9
67450	8186	67450	50,8	67450	0	67450	1	67450	5329,9
67460	8187	67460	37,9	67460	0	67460	1	67460	5329,9
67470	8188	67470	50,9	67470	0	67470	1	67470	5329,9
67480	8189	67480	35,6	67480	0	67480	1	67480	5329,9
67490	8190	67490	50,8	67490	0	67490	1	67490	5329,9
67500	8191	67500	47,8	67500	0	67500	1	67500	5329,9
67510	8192	67510	46,4	67510	0	67510	1	67510	5329,9
67520	8193	67520	41,3	67520	0	67520	1	67520	5329,9
67530	8194	67530	41,4	67530	0	67530	1	67530	5329,9
67540	8195	67540	42,9	67540	0	67540	1	67540	5329,9
67550	8196	67550	49,5	67550	0	67550	1	67550	5329,9
67560	8197	67560	41,9	67560	0	67560	1	67560	5329,9
67570	8198	67570	46,1	67570	0	67570	1	67570	5329,9
67580	8199	67580	48,4	67580	0	67580	1	67580	5329,9
67590	8200	67590	49,6	67590	0	67590	3	67590	5329,9
67600	8201	67600	69,9	67600	0	67600	1	67600	5329,9
67610	8202	67610	70,6	67610	0	67610	1	67610	5329,9
67620	8203	67620	53,1	67620	0	67620	1	67620	5329,9
67630	8204	67630	41,6	67630	0	67630	1	67630	5329,9
67640	8205	67640	39	67640	0	67640	1	67640	5329,9
67650	8206	67650	41,1	67650	0	67650	1	67650	5329,9
67660	8207	67660	50	67660	0	67660	1	67660	5329,9
67670	8208	67670	48,1	67670	0	67670	1	67670	5329,9
67680	8209	67680	38,8	67680	0	67680	1	67680	5329,9
67690	8210	67690	56,6	67690	0	67690	1	67690	5329,9
67700	8211	67700	42,3	67700	0	67700	1	67700	5329,9
67710	8212	67710	42,8	67710	0	67710	1	67710	5329,9
67720	8213	67720	55,7	67720	0	67720	1	67720	5329,9
67730	8214	67730	43	67730	0	67730	1	67730	5329,9
67740	8215	67740	51,4	67740	0	67740	1	67740	5329,9
67750	8216	67750	43,3	67750	0	67750	1	67750	5329,9
67760	8217	67760	44,4	67760	0	67760	1	67760	5329,9
67770	8218	67770	46,8	67770	0	67770	1	67770	5329,9
67780	8219	67780	45,5	67780	0	67780	1	67780	5329,9
67790	8220	67790	46	67790	0	67790	1	67790	5329,9
67800	8221	67800	42,4	67800	0	67800	1	67800	5329,9
67810	8222	67810	48,4	67810	0	67810	1	67810	5329,9
67820	8223	67820	48,6	67820	0	67820	1	67820	5329,9
67830	8224	67830	45,2	67830	0	67830	1	67830	5329,9
67840	8225	67840	49	67840	0	67840	1	67840	5329,9
67850	8226	67850	49	67850	0	67850	1	67850	5329,9
67860	8227	67860	42	67860	0	67860	1	67860	5329,9
67870	8228	67870	48,3	67870	0	67870	1	67870	5329,9
67880	8229	67880	57,8	67880	0	67880	1	67880	5329,9
67890	8230	67890	40,7	67890	0	67890	1	67890	5329,9
67900	8231	67900	56,7	67900	0	67900	1	67900	5329,9
67910	8232	67910	57,5	67910	0	67910	1	67910	5329,9
67920	8233	67920	52,1	67920	0	67920	1	67920	5329,9
67930	8234	67930	37,2	67930	0	67930	1	67930	5329,9
67940	8235	67940	45,5	67940	0	67940	1	67940	5329,9
67950	8236	67950	45,1	67950	0	67950	1	67950	5329,9
67960	8237	67960	38,8	67960	0	67960	1	67960	5329,9
67970	8238	67970	40,9	67970	0	67970	1	67970	5329,9
67980	8239	67980	30,7	67980	0	67980	1	67980	5329,9
67990	8240	67990	49,2	67990	0	67990	1	67990	5329,9
68000	8241	68000	37,3	68000	0	68000	1	68000	5329,9
68010	8242	68010	32,3	68010	0	68010	1	68010	5329,9
68020	8243	68020	23,2	68020	0	68020	1	68020	5329,9
68030	8244	68030	39,1	68030	0	68030	1	68030	5329,9
68040	8245	68040	35,1	68040	0	68040	1	68040	5329,9
68050	8246	68050	35,6	68050	0	68050	1	68050	5329,9
68060	8247	68060	26,3	68060	0	68060	1	68060	5329,9
68070	8248	68070	38,9	68070	0	68070	1	68070	5329,9
68080	8249	68080	39,7	68080	0	68080	1	68080	5329,9
68090	8250	68090	32,7	68090	0	68090	1	68090	5329,9
68100	8251	68100	39,5	68100	0	68100	1	68100	5329,9
68110	8252	68110	47,3	68110	0	68110	1	68110	5329,9
68120	8253	68120	47,3	68120	0	68120	1	68120	5329,9
68130	8254	68130	50,3	68130	0	68130	1	68130	5329,9
68140	8255	68140	43,3	68140	0	68140	1	68140	5329,9
68150	8256	68150	44,4	68150	0	68150	1	68150	5329,9
68160	8257	68160	42,1	68160	0	68160	1	68160	5329,9
68170	8258	68170	43	68170	0	68170	1	68170	5329,9
68180	8259	68180	40,8	68180	0	68180	1	68180	5329,9
68190	8260	68190	45	68190	0	68190	1	68190	5329,9
68200	8261	68200	50,6	68200	0	68200	1	68200	5329,9
68210	8262	68210	52,6	68210	0	68210	1	68210	5329,9
68220	8263	68220	46,6	68220	0	68220	1	68220	5329,9
68230	8264	68230	47,8	68230	0	68230	1	68230	5329,9
68240	8265	68240	50,5	68240	0	68240	1	68240	5329,9
68250	8266	68250	49,2	68250	0	68250	1	68250	5329,9
68260	8267	68260	48,6	68260	0	68260	1	68260	5329,9
68270	8268	68270	52,3	68270	0	68270	1	68270	5329,9
68280	8269	68280	48,3	68280	0	68280	1	68280	5329,9
68290	8270	68290	43,8	68290	0	68290	1	68290	5329,9
68300	8271	68300	43,7	68300	0	68300	1	68300	5329,9
68310	8272	68310	34,6	68310	0	68310	1	68310	5329,9
68320	8273	68320	42,9	68320	0	68320	1	68320	5329,9
68330	8274	68330	22,9	68330	0	68330	1	68330	5329,9
68340	8275	68340	33,6	68340	0	68340	1	68340	5329,9
68350	8276	68350	41,3	68350	0	68350	1	68350	5329,9
68360	8277	68360	47,6	68360	0	68360	1	68360	5329,9
68370	8278	68370	46	68370	0	68370	1	68370	5329,9
68380	8279	68380	46,8	68380	0	68380	1	68380	5329,9
68390	8280	68390	45	68390	0	68390	1	68390	5329,9
68400	8281	68400	45,2	68400	0	68400	1	68400	5329,9
68410	8282	68410	32,5	68410	0	68410	1	68410	5329,9
68420	8283	68420	56,2	68420	0	68420	1	68420	5329,9
68430	8284	68430	43,2	68430	0	68430	1	68430	5329,9
68440	8285	68440	50,3	68440	0	68440	1	68440	5329,9
68450	8286	68450	46,5	68450	0	68450	1	68450	5329,9
68460	8287	68460	53,7	68460	0	68460	1	68460	5329,9
68470	8288	68470	40,5	68470	0	68470	1	68470	5329,9
68480	8289	68480	45,1	68480	0	68480	1	68480	5329,9
68490	8290	68490	49,4	68490	0	68490	1	68490	5329,9
68500	8291	68500	52,7	68500	0	68500	1	68500	5329,9
68510	8292	68510	55,3	68510	0	68510	1	68510	5329,9
68520	8293	68520	49,5	68520	0	68520	1	68520	5329,9
68530	8294	68530	45,4	68530	0	68530	1	68530	5329,9
68540	8295	68540	42	68540	0	68540	1	68540	5329,9
68550	8296	68550	47,2	68550	0	68550	1	68550	5329,9
68560	8297	68560	49,9	68560	0	68560	1	68560	5329,9
68570	8298	68570	53,2	68570	0	68570	1	68570	5329,9
68580	8299	68580	47,6	68580	0	68580	1	68580	5329,9
68590	8300	68590	55,6	68590	0	68590	3	68590	5329,9
68600	8301	68600	69,5	68600	0	68600	1	68600	5329,9
68610	8302	68610	41,9	68610	0	68610	1	68610	5329,9
68620	8303	68620	49,8	68620	0	68620	1	68620	5329,9
68630	8304	68630	49,7	68630	0	68630	1	68630	5329,9
68640	8305	68640	52,2	68640	0	68640	1	68640	5329,9
68650	8306	68650	49,3	68650	0	68650	1	68650	5329,9
68660	8307	68660	46,2	68660	0	68660	1	68660	5329,9
68670	8308	68670	40,8	68670	0	68670	1	68670	5329,9
68680	8309	68680	45,4	68680	0	68680	1	68680	5329,9
68690	8310	68690	47,6	68690	0	68690	1	68690	5329,9
68700	8311	68700	49,6	68700	0	68700	1	68700	5329,9
68710	8312	68710	48,2	68710	0	68710	1	68710	5329,9
68720	8313	68720	49,3	68720	0	68720	1	68720	5329,9
68730	8314	68730	44,8	68730	0	68730	1	68730	5329,9
68740	8315	68740	49,3	68740	0	68740	1	68740	5329,9
68750	8316	68750	43,4	68750	0	68750	1	68750	5329,9
68760	8317	68760	51,1	68760	0	68760	1	68760	5329,9
68770	8318	68770	46,2	68770	0	68770	1	68770	5329,9
68780	8319	68780	55,5	68780	0	68780	1	68780	5329,9
68790	8320	68790	48,7	68790	0	68790	1	68790	5329,9
68800	8321	68800	44,4	68800	0	68800	1	68800	5329,9
68810	8322	68810	44,6	68810	0	68810	1	68810	5329,9
68820	8323	68820	45	68820	0	68820	1	68820	5329,9
68830	8324	68830	47	68830	0	68830	3	68830	5329,9
68840	8325	68840	71,8	68840	0	68840	1	68840	5329,9
68850	8326	68850	49,9	68850	0	68850	1	68850	5329,9
68860	8327	68860	47,8	68860	0	68860	1	68860	5329,9
68870	8328	68870	43,7	68870	0	68870	1	68870	5329,9
68880	8329	68880	55,1	68880	0	68880	1	68880	5329,9
68890	8330	68890	50,8	68890	0	68890	1	68890	5329,9
68900	8331	68900	47,9	68900	0	68900	1	68900	5329,9
68910	8332	68910	46,8	68910	0	68910	1	68910	5329,9
68920	8333	68920	46,2	68920	0	68920	1	68920	5329,9
68930	8334	68930	42,6	68930	0	68930	1	68930	5329,9
68940	8335	68940	45,9	68940	0	68940	1	68940	5329,9
68950	8336	68950	47,8	68950	0	68950	1	68950	5329,9
68960	8337	68960	44,8	68960	0	68960	1	68960	5329,9
68970	8338	68970	46,4	68970	0	68970	1	68970	5329,9
68980	8339	68980	55	68980	0	68980	1	68980	5329,9
68990	8340	68990	55,9	68990	0	68990	1	68990	5329,9
69000	8341	69000	26,6	69000	0	69000	1	69000	5329,9
69010	8342	69010	39,9	69010	0	69010	1	69010	5329,9
69020	8343	69020	29,7	69020	0	69020	1	69020	5329,9
69030	8344	69030	44,2	69030	0	69030	1	69030	5329,9
69040	8345	69040	51,7	69040	0	69040	1	69040	5329,9
69050	8346	69050	46	69050	0	69050	1	69050	5329,9
69060	8347	69060	45,7	69060	0	69060	1	69060	5329,9
69070	8348	69070	45	69070	0	69070	1	69070	5329,9
69080	8349	69080	50,4	69080	0	69080	1	69080	5329,9
69090	8350	69090	43,9	69090	0	69090	1	69090	5329,9
69100	8351	69100	51	69100	0	69100	1	69100	5329,9
69110	8352	69110	63,3	69110	0	69110	1	69110	5329,9
69120	8353	69120	46,5	69120	0	69120	1	69120	5329,9
69130	8354	69130	43,3	69130	0	69130	1	69130	5329,9
69140	8355	69140	34,1	69140	0	69140	1	69140	5329,9
69150	8356	69150	55,5	69150	0	69150	1	69150	5329,9
69160	8357	69160	45,7	69160	0	69160	1	69160	5329,9
69170	8358	69170	47,8	69170	0	69170	1	69170	5329,9
69180	8359	69180	32,1	69180	0	69180	1	69180	5329,9
69190	8360	69190	48,6	69190	0	69190	1	69190	5329,9
69200	8361	69200	43,7	69200	0	69200	1	69200	5329,9
69210	8362	69210	44,6	69210	0	69210	1	69210	5329,9
69220	8363	69220	46,8	69220	0	69220	1	69220	5329,9
69230	8364	69230	44,7	69230	0	69230	1	69230	5329,9
69240	8365	69240	57,1	69240	0	69240	1	69240	5329,9
69250	8366	69250	41,5	69250	0	69250	1	69250	5329,9
69260	8367	69260	54,7	69260	0	69260	1	69260	5329,9
69270	8368	69270	51,1	69270	0	69270	1	69270	5329,9
69280	8369	69280	41,5	69280	0	69280	1	69280	5329,9
69290	8370	69290	47,7	69290	0	69290	1	69290	5329,9
69300	8371	69300	50,4	69300	0	69300	1	69300	5329,9
69310	8372	69310	43,8	69310	0	69310	1	69310	5329,9
69320	8373	69320	55,5	69320	0	69320	1	69320	5329,9
69330	8374	69330	55,6	69330	0	69330	1	69330	5329,9
69340	8375	69340	42,7	69340	0	69340	1	69340	5329,9
69350	8376	69350	50	69350	0	69350	1	69350	5329,9
69360	8377	69360	49,5	69360	0	69360	1	69360	5329,9
69370	8378	69370	46,4	69370	0	69370	1	69370	5329,9
69380	8379	69380	48,8	69380	0	69380	1	69380	5329,9
69390	8380	69390	47,3	69390	0	69390	1	69390	5329,9
69400	8381	69400	46,9	69400	0	69400	1	69400	5329,9
69410	8382	69410	45,2	69410	0	69410	1	69410	5329,9
69420	8383	69420	44	69420	0	69420	1	69420	5329,9
69430	8384	69430	43,4	69430	0	69430	1	69430	5329,9
69440	8385	69440	43,1	69440	0	69440	1	69440	5329,9
69450	8386	69450	47,7	69450	0	69450	1	69450	5329,9
69460	8387	69460	41,6	69460	0	69460	1	69460	5329,9
69470	8388	69470	38,9	69470	0	69470	1	69470	5329,9
69480	8389	69480	38	69480	0	69480	1	69480	5329,9
69490	8390	69490	41,2	69490	0	69490	1	69490	5329,9
69500	8391	69500	47,8	69500	0	69500	1	69500	5329,9
69510	8392	69510	44,1	69510	0	69510	1	69510	5329,9
69520	8393	69520	49,1	69520	0	69520	1	69520	5329,9
69530	8394	69530	45	69530	0	69530	1	69530	5329,9
69540	8395	69540	55,9	69540	0	69540	1	69540	5329,9
69550	8396	69550	38,5	69550	0	69550	1	69550	5329,9
69560	8397	69560	42,5	69560	0	69560	1	69560	5329,9
69570	8398	69570	42,3	69570	0	69570	1	69570	5329,9
69580	8399	69580	44,6	69580	0	69580	1	69580	5329,9
69590	8400	69590	40,3	69590	0	69590	3	69590	5329,9
69600	8401	69600	67,4	69600	0	69600	1	69600	5329,9
69610	8402	69610	45,2	69610	0	69610	1	69610	5329,9
69620	8403	69620	42,6	69620	0	69620	1	69620	5329,9
69630	8404	69630	48,5	69630	0	69630	1	69630	5329,9
69640	8405	69640	43,4	69640	0	69640	1	69640	5329,9
69650	8406	69650	43,4	69650	0	69650	1	69650	5329,9
69660	8407	69660	43,8	69660	0	69660	1	69660	5329,9
69670	8408	69670	43	69670	0	69670	1	69670	5329,9
69680	8409	69680	48,4	69680	0	69680	1	69680	5329,9
69690	8410	69690	46,7	69690	0	69690	1	69690	5329,9
69700	8411	69700	46	69700	0	69700	1	69700	5329,9
69710	8412	69710	28,9	69710	0	69710	1	69710	5329,9
69720	8413	69720	43,9	69720	0	69720	1	69720	5329,9
69730	8414	69730	41,1	69730	0	69730	1	69730	5329,9
69740	8415	69740	46,6	69740	0	69740	1	69740	5329,9
69750	8416	69750	51,5	69750	0	69750	1	69750	5329,9
69760	8417	69760	49,4	69760	0	69760	1	69760	5329,9
69770	8418	69770	48,4	69770	0	69770	1	69770	5329,9
69780	8419	69780	51	69780	0	69780	1	69780	5329,9
69790	8420	69790	49,8	69790	0	69790	1	69790	5329,9
69800	8421	69800	51,9	69800	0	69800	1	69800	5329,9
69810	8422	69810	26,5	69810	0	69810	1	69810	5329,9
69820	8423	69820	39,3	69820	0	69820	1	69820	5329,9
69830	8424	69830	44,2	69830	0	69830	1	69830	5329,9
69840	8425	69840	26,8	69840	0	69840	1	69840	5329,9
69850	8426	69850	26,1	69850	0	69850	1	69850	5329,9
69860	8427	69860	40,6	69860	0	69860	1	69860	5329,9
69870	8428	69870	35,5	69870	0	69870	1	69870	5329,9
69880	8429	69880	38,9	69880	0	69880	1	69880	5329,9
69890	8430	69890	41,2	69890	0	69890	1	69890	5329,9
69900	8431	69900	48,2	69900	0	69900	1	69900	5329,9
69910	8432	69910	55,1	69910	0	69910	1	69910	5329,9
69920	8433	69920	48,9	69920	0	69920	1	69920	5329,9
69930	8434	69930	43,7	69930	0	69930	1	69930	5329,9
69940	8435	69940	47,4	69940	0	69940	1	69940	5329,9
69950	8436	69950	49	69950	0	69950	1	69950	5329,9
69960	8437	69960	52,9	69960	0	69960	1	69960	5329,9
69970	8438	69970	33,5	69970	0	69970	1	69970	5329,9
69980	8439	69980	49,8	69980	0	69980	1	69980	5329,9
69990	8440	69990	25,6	69990	0	69990	1	69990	5329,9
70000	8441	70000	44,7	70000	0	70000	1	70000	5329,9
70010	8442	70010	31	70010	0	70010	1	70010	5329,9
70020	8443	70020	45,3	70020	0	70020	1	70020	5329,9
70030	8444	70030	40,1	70030	0	70030	1	70030	5329,9
70040	8445	70040	47,6	70040	0	70040	1	70040	5329,9
70050	8446	70050	45	70050	0	70050	1	70050	5329,9
70060	8447	70060	45,4	70060	0	70060	1	70060	5329,9
70070	8448	70070	46,6	70070	0	70070	1	70070	5329,9
70080	8449	70080	47,8	70080	0	70080	1	70080	5329,9
70090	8450	70090	47,9	70090	0	70090	1	70090	5329,9
70100	8451	70100	49,1	70100	0	70100	1	70100	5329,9
70110	8452	70110	46,2	70110	0	70110	1	70110	5329,9
70120	8453	70120	42,7	70120	0	70120	1	70120	5329,9
70130	8454	70130	51,3	70130	0	70130	1	70130	5329,9
70140	8455	70140	50,4	70140	0	70140	1	70140	5329,9
70150	8456	70150	50,6	70150	0	70150	1	70150	5329,9
70160	8457	70160	35,2	70160	0	70160	1	70160	5329,9
70170	8458	70170	55,8	70170	0	70170	1	70170	5329,9
70180	8459	70180	52,1	70180	0	70180	1	70180	5329,9
70190	8460	70190	48,2	70190	0	70190	1	70190	5329,9
70200	8461	70200	52	70200	0	70200	1	70200	5329,9
70210	8462	70210	51,1	70210	0	70210	1	70210	5329,9
70220	8463	70220	59	70220	0	70220	1	70220	5329,9
70230	8464	70230	47,1	70230	0	70230	1	70230	5329,9
70240	8465	70240	57	70240	0	70240	1	70240	5329,9
70250	8466	70250	45,9	70250	0	70250	1	70250	5329,9
70260	8467	70260	41,3	70260	0	70260	1	70260	5329,9
70270	8468	70270	35,7	70270	0	70270	1	70270	5329,9
70280	8469	70280	59,4	70280	0	70280	1	70280	5329,9
70290	8470	70290	43,5	70290	0	70290	1	70290	5329,9
70300	8471	70300	55	70300	0	70300	1	70300	5329,9
70310	8472	70310	59,4	70310	0	70310	1	70310	5329,9
70320	8473	70320	38	70320	0	70320	1	70320	5329,9
70330	8474	70330	64,9	70330	0	70330	1	70330	5329,9
70340	8475	70340	44,2	70340	0	70340	1	70340	5329,9
70350	8476	70350	29,9	70350	0	70350	1	70350	5329,9
70360	8477	70360	41,2	70360	0	70360	1	70360	5329,9
70370	8478	70370	48,3	70370	0	70370	1	70370	5329,9
70380	8479	70380	53	70380	0	70380	1	70380	5329,9
70390	8480	70390	27,8	70390	0	70390	1	70390	5329,9
70400	8481	70400	43,8	70400	0	70400	1	70400	5329,9
70410	8482	70410	26,5	70410	0	70410	1	70410	5329,9
70420	8483	70420	48,6	70420	0	70420	1	70420	5329,9
70430	8484	70430	36,7	70430	0	70430	1	70430	5329,9
70440	8485	70440	45,8	70440	0	70440	1	70440	5329,9
70450	8486	70450	54,5	70450	0	70450	1	70450	5329,9
70460	8487	70460	52,4	70460	0	70460	1	70460	5329,9
70470	8488	70470	58,1	70470	0	70470	1	70470	5329,9
70480	8489	70480	48	70480	0	70480	1	70480	5329,9
70490	8490	70490	50,1	70490	0	70490	1	70490	5329,9
70500	8491	70500	51	70500	0	70500	1	70500	5329,9
70510	8492	70510	51,1	70510	0	70510	1	70510	5329,9
70520	8493	70520	45,5	70520	0	70520	1	70520	5329,9
70530	8494	70530	46,1	70530	0	70530	1	70530	5329,9
70540	8495	70540	25,8	70540	0	70540	1	70540	5329,9
70550	8496	70550	51,3	70550	0	70550	1	70550	5329,9
70560	8497	70560	35,9	70560	0	70560	1	70560	5329,9
70570	8498	70570	43,9	70570	0	70570	1	70570	5329,9
70580	8499	70580	28,1	70580	0	70580	1	70580	5329,9
70590	8500	70590	48,1	70590	0	70590	3	70590	5329,9
70600	8501	70600	62,2	70600	0	70600	1	70600	5329,9
70610	8502	70610	50,3	70610	0	70610	1	70610	5329,9
70620	8503	70620	27,3	70620	0	70620	1	70620	5329,9
70630	8504	70630	45,3	70630	0	70630	1	70630	5329,9
70640	8505	70640	46,3	70640	0	70640	1	70640	5329,9
70650	8506	70650	27,3	70650	0	70650	1	70650	5329,9
70660	8507	70660	45,7	70660	0	70660	1	70660	5329,9
70670	8508	70670	21,9	70670	0	70670	1	70670	5329,9
70680	8509	70680	30,7	70680	0	70680	1	70680	5329,9
70690	8510	70690	47,1	70690	0	70690	1	70690	5329,9
70700	8511	70700	46,6	70700	0	70700	1	70700	5329,9
70710	8512	70710	64,5	70710	0	70710	1	70710	5329,9
70720	8513	70720	25,2	70720	0	70720	1	70720	5329,9
70730	8514	70730	39,9	70730	0	70730	3	70730	5329,9
70740	8515	70740	60,7	70740	0	70740	1	70740	5329,9
70750	8516	70750	51,2	70750	0	70750	1	70750	5329,9
70760	8517	70760	43,2	70760	0	70760	1	70760	5329,9
70770	8518	70770	52,6	70770	0	70770	1	70770	5329,9
70780	8519	70780	52,8	70780	0	70780	1	70780	5329,9
70790	8520	70790	51,8	70790	0	70790	1	70790	5329,9
70800	8521	70800	55,5	70800	0	70800	1	70800	5329,9
70810	8522	70810	48	70810	0	70810	1	70810	5329,9
70820	8523	70820	25,3	70820	0	70820	1	70820	5329,9
70830	8524	70830	47	70830	0	70830	1	70830	5329,9
70840	8525	70840	40,2	70840	0	70840	1	70840	5329,9
70850	8526	70850	44	70850	0	70850	1	70850	5329,9
70860	8527	70860	46	70860	0	70860	1	70860	5329,9
70870	8528	70870	54,1	70870	0	70870	1	70870	5329,9
70880	8529	70880	47,2	70880	0	70880	1	70880	5329,9
70890	8530	70890	52,3	70890	0	70890	1	70890	5329,9
70900	8531	70900	50,8	70900	0	70900	1	70900	5329,9
70910	8532	70910	44,1	70910	0	70910	1	70910	5329,9
70920	8533	70920	54,3	70920	0	70920	1	70920	5329,9
70930	8534	70930	45,8	70930	0	70930	1	70930	5329,9
70940	8535	70940	51,5	70940	0	70940	1	70940	5329,9
70950	8536	70950	48	70950	0	70950	1	70950	5329,9
70960	8537	70960	39,6	70960	0	70960	1	70960	5329,9
70970	8538	70970	39,1	70970	0	70970	1	70970	5329,9
70980	8539	70980	48,1	70980	0	70980	1	70980	5329,9
70990	8540	70990	48,9	70990	0	70990	1	70990	5329,9
71000	8541	71000	54,8	71000	0	71000	1	71000	5329,9
71010	8542	71010	56	71010	0	71010	1	71010	5329,9
71020	8543	71020	53,8	71020	0	71020	1	71020	5329,9
71030	8544	71030	50,4	71030	0	71030	1	71030	5329,9
71040	8545	71040	48,1	71040	0	71040	1	71040	5329,9
71050	8546	71050	57,5	71050	0	71050	1	71050	5329,9
71060	8547	71060	44,6	71060	0	71060	1	71060	5329,9
71070	8548	71070	56,5	71070	0	71070	1	71070	5329,9
71080	8549	71080	53,6	71080	0	71080	1	71080	5329,9
71090	8550	71090	44,2	71090	0	71090	1	71090	5329,9
71100	8551	71100	57,1	71100	0	71100	1	71100	5329,9
71110	8552	71110	50,1	71110	0	71110	1	71110	5329,9
71120	8553	71120	51,1	71120	0	71120	1	71120	5329,9
71130	8554	71130	46,9	71130	0	71130	1	71130	5329,9
71140	8555	71140	53,1	71140	0	71140	1	71140	5329,9
71150	8556	71150	46,5	71150	0	71150	1	71150	5329,9
71160	8557	71160	50,2	71160	0	71160	1	71160	5329,9
71170	8558	71170	47,2	71170	0	71170	1	71170	5329,9
71180	8559	71180	49,9	71180	0	71180	1	71180	5329,9
71190	8560	71190	55,3	71190	0	71190	1	71190	5329,9
71200	8561	71200	40,6	71200	0	71200	1	71200	5329,9
71210	8562	71210	47,9	71210	0	71210	1	71210	5329,9
71220	8563	71220	60,4	71220	0	71220	1	71220	5329,9
71230	8564	71230	46,9	71230	0	71230	1	71230	5329,9
71240	8565	71240	45,1	71240	0	71240	1	71240	5329,9
71250	8566	71250	52,5	71250	0	71250	1	71250	5329,9
71260	8567	71260	45,1	71260	0	71260	1	71260	5329,9
71270	8568	71270	48,8	71270	0	71270	1	71270	5329,9
71280	8569	71280	47,3	71280	0	71280	1	71280	5329,9
71290	8570	71290	47,4	71290	0	71290	1	71290	5329,9
71300	8571	71300	45,1	71300	0	71300	1	71300	5329,9
71310	8572	71310	47,1	71310	0	71310	1	71310	5329,9
71320	8573	71320	47	71320	0	71320	1	71320	5329,9
71330	8574	71330	22,9	71330	0	71330	1	71330	5329,9
71340	8575	71340	57,4	71340	0	71340	1	71340	5329,9
71350	8576	71350	41,7	71350	0	71350	1	71350	5329,9
71360	8577	71360	40,6	71360	0	71360	1	71360	5329,9
71370	8578	71370	52,1	71370	0	71370	1	71370	5329,9
71380	8579	71380	43,9	71380	0	71380	1	71380	5329,9
71390	8580	71390	48,4	71390	0	71390	1	71390	5329,9
71400	8581	71400	49,9	71400	0	71400	1	71400	5329,9
71410	8582	71410	53,2	71410	0	71410	1	71410	5329,9
71420	8583	71420	37,4	71420	0	71420	1	71420	5329,9
71430	8584	71430	51	71430	0	71430	1	71430	5329,9
71440	8585	71440	50,2	71440	0	71440	1	71440	5329,9
71450	8586	71450	49,4	71450	0	71450	1	71450	5329,9
71460	8587	71460	47,1	71460	0	71460	1	71460	5329,9
71470	8588	71470	48,5	71470	0	71470	1	71470	5329,9
71480	8589	71480	49,5	71480	0	71480	1	71480	5329,9
71490	8590	71490	47,1	71490	0	71490	1	71490	5329,9
71500	8591	71500	25,5	71500	0	71500	1	71500	5329,9
71510	8592	71510	26,9	71510	0	71510	1	71510	5329,9
71520	8593	71520	26,8	71520	0	71520	1	71520	5329,9
71530	8594	71530	25,3	71530	0	71530	1	71530	5329,9
71540	8595	71540	41,4	71540	0	71540	1	71540	5329,9
71550	8596	71550	44,8	71550	0	71550	1	71550	5329,9
71560	8597	71560	44,3	71560	0	71560	1	71560	5329,9
71570	8598	71570	53,8	71570	0	71570	1	71570	5329,9
71580	8599	71580	28,5	71580	0	71580	1	71580	5329,9
71590	8600	71590	47,6	71590	0	71590	3	71590	5329,9
71600	8601	71600	67,7	71600	0	71600	1	71600	5329,9
71610	8602	71610	53,3	71610	0	71610	1	71610	5329,9
71620	8603	71620	50	71620	0	71620	1	71620	5329,9
71630	8604	71630	50,5	71630	0	71630	1	71630	5329,9
71640	8605	71640	50	71640	0	71640	1	71640	5329,9
71650	8606	71650	31,4	71650	0	71650	1	71650	5329,9
71660	8607	71660	38,1	71660	0	71660	1	71660	5329,9
71670	8608	71670	26,7	71670	0	71670	1	71670	5329,9
71680	8609	71680	57,2	71680	0	71680	1	71680	5329,9
71690	8610	71690	29,4	71690	0	71690	1	71690	5329,9
71700	8611	71700	32,9	71700	0	71700	1	71700	5329,9
71710	8612	71710	37,2	71710	0	71710	1	71710	5329,9
71720	8613	71720	48,8	71720	0	71720	1	71720	5329,9
71730	8614	71730	28,3	71730	0	71730	1	71730	5329,9
71740	8615	71740	38	71740	0	71740	1	71740	5329,9
71750	8616	71750	31,1	71750	0	71750	1	71750	5329,9
71760	8617	71760	53,8	71760	0	71760	1	71760	5329,9
71770	8618	71770	36,9	71770	0	71770	1	71770	5329,9
71780	8619	71780	34,1	71780	0	71780	1	71780	5329,9
71790	8620	71790	53	71790	0	71790	1	71790	5329,9
71800	8621	71800	57	71800	0	71800	1	71800	5329,9
71810	8622	71810	51,6	71810	0	71810	1	71810	5329,9
71820	8623	71820	34	71820	0	71820	1	71820	5329,9
71830	8624	71830	41,9	71830	0	71830	1	71830	5329,9
71840	8625	71840	34,3	71840	0	71840	3	71840	5329,9
71850	8626	71850	46,3	71850	0	71850	1	71850	5329,9
71860	8627	71860	48,8	71860	0	71860	1	71860	5329,9
71870	8628	71870	45,2	71870	0	71870	1	71870	5329,9
71880	8629	71880	28,2	71880	0	71880	1	71880	5329,9
71890	8630	71890	26,4	71890	0	71890	1	71890	5329,9
71900	8631	71900	26,9	71900	0	71900	1	71900	5329,9
71910	8632	71910	44,5	71910	0	71910	1	71910	5329,9
71920	8633	71920	40,6	71920	0	71920	1	71920	5329,9
71930	8634	71930	41,3	71930	0	71930	1	71930	5329,9
71940	8635	71940	42,2	71940	0	71940	1	71940	5329,9
71950	8636	71950	56,3	71950	0	71950	1	71950	5329,9
71960	8637	71960	49,4	71960	0	71960	1	71960	5329,9
71970	8638	71970	53,1	71970	0	71970	1	71970	5329,9
71980	8639	71980	47,9	71980	0	71980	1	71980	5329,9
71990	8640	71990	54,3	71990	0	71990	1	71990	5329,9
72000	8641	72000	43,3	72000	0	72000	1	72000	5329,9
72010	8642	72010	45,4	72010	0	72010	1	72010	5329,9
72020	8643	72020	44	72020	0	72020	1	72020	5329,9
72030	8644	72030	47,4	72030	0	72030	1	72030	5329,9
72040	8645	72040	48,7	72040	0	72040	1	72040	5329,9
72050	8646	72050	50,6	72050	0	72050	1	72050	5329,9
72060	8647	72060	56,7	72060	0	72060	1	72060	5329,9
72070	8648	72070	44,9	72070	0	72070	1	72070	5329,9
72080	8649	72080	52,8	72080	0	72080	1	72080	5329,9
72090	8650	72090	49,7	72090	0	72090	1	72090	5329,9
72100	8651	72100	44,7	72100	0	72100	1	72100	5329,9
72110	8652	72110	53	72110	0	72110	1	72110	5329,9
72120	8653	72120	44,1	72120	0	72120	1	72120	5329,9
72130	8654	72130	58,9	72130	0	72130	1	72130	5329,9
72140	8655	72140	48,7	72140	0	72140	1	72140	5329,9
72150	8656	72150	57,6	72150	0	72150	1	72150	5329,9
72160	8657	72160	50,2	72160	0	72160	1	72160	5329,9
72170	8658	72170	45,4	72170	0	72170	1	72170	5329,9
72180	8659	72180	46,6	72180	0	72180	1	72180	5329,9
72190	8660	72190	53,1	72190	0	72190	1	72190	5329,9
72200	8661	72200	48,2	72200	0	72200	1	72200	5329,9
72210	8662	72210	48,9	72210	0	72210	1	72210	5329,9
72220	8663	72220	51,6	72220	0	72220	1	72220	5329,9
72230	8664	72230	43,3	72230	0	72230	1	72230	5329,9
72240	8665	72240	47	72240	0	72240	1	72240	5329,9
72250	8666	72250	47,1	72250	0	72250	1	72250	5329,9
72260	8667	72260	55,3	72260	0	72260	1	72260	5329,9
72270	8668	72270	45,8	72270	0	72270	1	72270	5329,9
72280	8669	72280	56,2	72280	0	72280	1	72280	5329,9
72290	8670	72290	49,4	72290	0	72290	1	72290	5329,9
72300	8671	72300	49,8	72300	0	72300	1	72300	5329,9
72310	8672	72310	45,8	72310	0	72310	1	72310	5329,9
72320	8673	72320	46,9	72320	0	72320	1	72320	5329,9
72330	8674	72330	54,8	72330	0	72330	1	72330	5329,9
72340	8675	72340	42,5	72340	0	72340	1	72340	5329,9
72350	8676	72350	48	72350	0	72350	1	72350	5329,9
72360	8677	72360	58,6	72360	0	72360	1	72360	5329,9
72370	8678	72370	40,4	72370	0	72370	1	72370	5329,9
72380	8679	72380	55,5	72380	0	72380	1	72380	5329,9
72390	8680	72390	44,3	72390	0	72390	1	72390	5329,9
72400	8681	72400	43	72400	0	72400	6	72400	5329,9
72410	8682	72410	89,5	72410	0	72410	1	72410	5329,9
72420	8683	72420	30,8	72420	0	72420	1	72420	5329,9
72430	8684	72430	39,9	72430	0	72430	1	72430	5329,9
72440	8685	72440	46,2	72440	0	72440	1	72440	5329,9
72450	8686	72450	51,7	72450	0	72450	1	72450	5329,9
72460	8687	72460	44,9	72460	0	72460	1	72460	5329,9
72470	8688	72470	41,9	72470	0	72470	1	72470	5329,9
72480	8689	72480	37,3	72480	0	72480	1	72480	5329,9
72490	8690	72490	46,2	72490	0	72490	1	72490	5329,9
72500	8691	72500	48,5	72500	0	72500	1	72500	5329,9
72510	8692	72510	44,8	72510	0	72510	1	72510	5329,9
72520	8693	72520	45,7	72520	0	72520	1	72520	5329,9
72530	8694	72530	45,1	72530	0	72530	1	72530	5329,9
72540	8695	72540	53	72540	0	72540	1	72540	5329,9
72550	8696	72550	52,4	72550	0	72550	1	72550	5329,9
72560	8697	72560	40,8	72560	0	72560	1	72560	5329,9
72570	8698	72570	52,5	72570	0	72570	6	72570	5329,9
72580	8699	72580	98,8	72580	0	72580	1	72580	5329,9
72590	8700	72590	53,8	72590	0	72590	1	72590	5329,9
72600	8701	72600	49,6	72600	0	72600	1	72600	5329,9
72610	8702	72610	47,9	72610	0	72610	1	72610	5329,9
72620	8703	72620	53,2	72620	0	72620	1	72620	5329,9
72630	8704	72630	41,6	72630	0	72630	1	72630	5329,9
72640	8705	72640	46,8	72640	0	72640	1	72640	5329,9
72650	8706	72650	53,6	72650	0	72650	1	72650	5329,9
72660	8707	72660	44,6	72660	0	72660	1	72660	5329,9
72670	8708	72670	48,4	72670	0	72670	1	72670	5329,9
72680	8709	72680	49,2	72680	0	72680	1	72680	5329,9
72690	8710	72690	45,5	72690	0	72690	1	72690	5329,9
72700	8711	72700	42,1	72700	0	72700	1	72700	5329,9
72710	8712	72710	47,4	72710	0	72710	1	72710	5329,9
72720	8713	72720	27,9	72720	0	72720	1	72720	5329,9
72730	8714	72730	38,1	72730	0	72730	1	72730	5329,9
72740	8715	72740	48,7	72740	0	72740	4	72740	5329,9
72750	8716	72750	97,6	72750	0	72750	1	72750	5329,9
72760	8717	72760	47,1	72760	0	72760	1	72760	5329,9
72770	8718	72770	45,3	72770	0	72770	1	72770	5329,9
72780	8719	72780	50,3	72780	0	72780	1	72780	5329,9
72790	8720	72790	55,2	72790	0	72790	1	72790	5329,9
72800	8721	72800	48	72800	0	72800	1	72800	5329,9
72810	8722	72810	48,7	72810	0	72810	1	72810	5329,9
72820	8723	72820	25,9	72820	0	72820	1	72820	5329,9
72830	8724	72830	43,6	72830	0	72830	1	72830	5329,9
72840	8725	72840	51,2	72840	0	72840	1	72840	5329,9
72850	8726	72850	35,8	72850	0	72850	1	72850	5329,9
72860	8727	72860	43,1	72860	0	72860	1	72860	5329,9
72870	8728	72870	25,9	72870	0	72870	1	72870	5329,9
72880	8729	72880	22,9	72880	0	72880	1	72880	5329,9
72890	8730	72890	26,3	72890	0	72890	1	72890	5329,9
72900	8731	72900	27,7	72900	0	72900	1	72900	5329,9
72910	8732	72910	42,8	72910	0	72910	4	72910	5329,9
72920	8733	72920	84,8	72920	0	72920	1	72920	5329,9
72930	8734	72930	48,3	72930	0	72930	1	72930	5329,9
72940	8735	72940	34,2	72940	0	72940	1	72940	5329,9
72950	8736	72950	44,5	72950	0	72950	1	72950	5329,9
72960	8737	72960	35,2	72960	0	72960	1	72960	5329,9
72970	8738	72970	25,9	72970	0	72970	1	72970	5329,9
72980	8739	72980	27,2	72980	0	72980	1	72980	5329,9
72990	8740	72990	26,5	72990	0	72990	1	72990	5329,9
73000	8741	73000	48	73000	0	73000	1	73000	5329,9
73010	8742	73010	46,4	73010	0	73010	1	73010	5329,9
73020	8743	73020	45,6	73020	0	73020	1	73020	5329,9
73030	8744	73030	35,1	73030	0	73030	1	73030	5329,9
73040	8745	73040	47	73040	0	73040	1	73040	5329,9
73050	8746	73050	48,1	73050	0	73050	1	73050	5329,9
73060	8747	73060	29,2	73060	0	73060	1	73060	5329,9
73070	8748	73070	34,9	73070	0	73070	1	73070	5329,9
73080	8749	73080	28,1	73080	0	73080	4	73080	5329,9
73090	8750	73090	52	73090	0	73090	1	73090	5329,9
73100	8751	73100	44,7	73100	0	73100	3	73100	5329,9
73110	8752	73110	56,8	73110	0	73110	1	73110	5329,9
73120	8753	73120	51,3	73120	0	73120	1	73120	5329,9
73130	8754	73130	28	73130	0	73130	1	73130	5329,9
73140	8755	73140	38,5	73140	0	73140	1	73140	5329,9
73150	8756	73150	50,3	73150	0	73150	1	73150	5329,9
73160	8757	73160	49,8	73160	0	73160	1	73160	5329,9
73170	8758	73170	46,3	73170	0	73170	1	73170	5329,9
73180	8759	73180	50	73180	0	73180	1	73180	5329,9
73190	8760	73190	49,7	73190	0	73190	1	73190	5329,9
73200	8761	73200	29,3	73200	0	73200	1	73200	5329,9
73210	8762	73210	39	73210	0	73210	1	73210	5329,9
73220	8763	73220	51,3	73220	0	73220	1	73220	5329,9
73230	8764	73230	38,9	73230	0	73230	1	73230	5329,9
73240	8765	73240	54,1	73240	0	73240	1	73240	5329,9
73250	8766	73250	44,8	73250	0	73250	1	73250	5329,9
73260	8767	73260	48,4	73260	0	73260	1	73260	5329,9
73270	8768	73270	47,7	73270	0	73270	5	73270	5329,9
73280	8769	73280	45,2	73280	0	73280	3	73280	5329,9
73290	8770	73290	66,9	73290	0	73290	3	73290	5329,9
73300	8771	73300	68,5	73300	0	73300	3	73300	5329,9
73310	8772	73310	65,8	73310	0	73310	3	73310	5329,9
73320	8773	73320	67,9	73320	0	73320	3	73320	5329,9
73330	8774	73330	62,8	73330	0	73330	3	73330	5329,9
73340	8775	73340	41,8	73340	0	73340	3	73340	5329,9
73350	8776	73350	46,1	73350	0	73350	3	73350	5329,9
73360	8777	73360	55,2	73360	0	73360	3	73360	5329,9
73370	8778	73370	47,4	73370	0	73370	3	73370	5329,9
73380	8779	73380	43,1	73380	0	73380	3	73380	5329,9
73390	8780	73390	34	73390	0	73390	3	73390	5329,9
73400	8781	73400	55,9	73400	0	73400	3	73400	5329,9
73410	8782	73410	43,7	73410	0	73410	3	73410	5329,9
73420	8783	73420	54,1	73420	0	73420	3	73420	5329,9
73430	8784	73430	64,8	73430	0	73430	3	73430	5329,9
73440	8785	73440	35,3	73440	0	73440	4	73440	5329,9
73450	8786	73450	86,1	73450	0	73450	3	73450	5329,9
73460	8787	73460	58,8	73460	0	73460	3	73460	5329,9
73470	8788	73470	59,7	73470	0	73470	3	73470	5329,9
73480	8789	73480	65,6	73480	0	73480	3	73480	5329,9
73490	8790	73490	60,6	73490	0	73490	3	73490	5329,9
73500	8791	73500	47,7	73500	0	73500	3	73500	5329,9
73510	8792	73510	43	73510	0	73510	3	73510	5329,9
73520	8793	73520	37	73520	0	73520	3	73520	5329,9
73530	8794	73530	35,2	73530	0	73530	3	73530	5329,9
73540	8795	73540	34	73540	0	73540	3	73540	5329,9
73550	8796	73550	53,8	73550	0	73550	3	73550	5329,9
73560	8797	73560	48,2	73560	0	73560	3	73560	5329,9
73570	8798	73570	35,9	73570	0	73570	3	73570	5329,9
73580	8799	73580	37,7	73580	0	73580	3	73580	5329,9
73590	8800	73590	40	73590	0	73590	3	73590	5329,9
73600	8801	73600	36,7	73600	0	73600	4	73600	5329,9
73610	8802	73610	50,6	73610	0	73610	3	73610	5329,9
73620	8803	73620	42,8	73620	0	73620	3	73620	5329,9
73630	8804	73630	39,9	73630	0	73630	3	73630	5329,9
73640	8805	73640	50,8	73640	0	73640	3	73640	5329,9
73650	8806	73650	43,1	73650	0	73650	3	73650	5329,9
73660	8807	73660	53,6	73660	0	73660	3	73660	5329,9
73670	8808	73670	30,4	73670	0	73670	3	73670	5329,9
73680	8809	73680	57,9	73680	0	73680	3	73680	5329,9
73690	8810	73690	58,4	73690	0	73690	3	73690	5329,9
73700	8811	73700	39,7	73700	0	73700	3	73700	5329,9
73710	8812	73710	63,9	73710	0	73710	3	73710	5329,9
73720	8813	73720	53,5	73720	0	73720	3	73720	5329,9
73730	8814	73730	49	73730	0	73730	3	73730	5329,9
73740	8815	73740	70	73740	0	73740	3	73740	5329,9
73750	8816	73750	34,3	73750	0	73750	3	73750	5329,9
73760	8817	73760	43,2	73760	0	73760	3	73760	5329,9
73770	8818	73770	77,8	73770	0	73770	6	73770	5329,9
73780	8819	73780	95,3	73780	0	73780	3	73780	5329,9
73790	8820	73790	35,6	73790	0	73790	3	73790	5329,9
73800	8821	73800	44,6	73800	0	73800	3	73800	5329,9
73810	8822	73810	48,1	73810	0	73810	3	73810	5329,9
73820	8823	73820	32,5	73820	0	73820	3	73820	5329,9
73830	8824	73830	31,9	73830	0	73830	3	73830	5329,9
73840	8825	73840	34,2	73840	0	73840	3	73840	5329,9
73850	8826	73850	35,1	73850	0	73850	3	73850	5329,9
73860	8827	73860	62,1	73860	0	73860	3	73860	5329,9
73870	8828	73870	38,7	73870	0	73870	3	73870	5329,9
73880	8829	73880	50,1	73880	0	73880	3	73880	5329,9
73890	8830	73890	61,2	73890	0	73890	3	73890	5329,9
73900	8831	73900	35,2	73900	0	73900	3	73900	5329,9
73910	8832	73910	35,5	73910	0	73910	3	73910	5329,9
73920	8833	73920	33,3	73920	0	73920	3	73920	5329,9
73930	8834	73930	34,7	73930	0	73930	6	73930	5329,9
73940	8835	73940	52,2	73940	0	73940	1	73940	5329,9
73950	8836	73950	46,4	73950	0	73950	1	73950	5329,9
73960	8837	73960	25,9	73960	0	73960	1	73960	5329,9
73970	8838	73970	48,4	73970	0	73970	1	73970	5329,9
73980	8839	73980	26,2	73980	0	73980	1	73980	5329,9
73990	8840	73990	44,7	73990	0	73990	1	73990	5329,9
74000	8841	74000	36,6	74000	0	74000	1	74000	5329,9
74010	8842	74010	27,9	74010	0	74010	1	74010	5329,9
74020	8843	74020	33	74020	0	74020	1	74020	5329,9
74030	8844	74030	27,4	74030	0	74030	1	74030	5329,9
74040	8845	74040	35,8	74040	0	74040	1	74040	5329,9
74050	8846	74050	25,9	74050	0	74050	1	74050	5329,9
74060	8847	74060	41,3	74060	0	74060	1	74060	5329,9
74070	8848	74070	34,1	74070	0	74070	1	74070	5329,9
74080	8849	74080	29,5	74080	0	74080	1	74080	5329,9
74090	8850	74090	50,5	74090	0	74090	1	74090	5329,9
74100	8851	74100	25,8	74100	0	74100	4	74100	5329,9
74110	8852	74110	49,8	74110	0	74110	1	74110	5329,9
74120	8853	74120	41,2	74120	0	74120	1	74120	5329,9
74130	8854	74130	47,9	74130	0	74130	1	74130	5329,9
74140	8855	74140	25,6	74140	0	74140	1	74140	5329,9
74150	8856	74150	53,3	74150	0	74150	1	74150	5329,9
74160	8857	74160	53	74160	0	74160	1	74160	5329,9
74170	8858	74170	50,8	74170	0	74170	1	74170	5329,9
74180	8859	74180	49,8	74180	0	74180	1	74180	5329,9
74190	8860	74190	51,8	74190	0	74190	1	74190	5329,9
74200	8861	74200	49	74200	0	74200	1	74200	5329,9
74210	8862	74210	45,2	74210	0	74210	1	74210	5329,9
74220	8863	74220	30	74220	0	74220	1	74220	5329,9
74230	8864	74230	48,6	74230	0	74230	1	74230	5329,9
74240	8865	74240	34,7	74240	0	74240	1	74240	5329,9
74250	8866	74250	39,6	74250	0	74250	1	74250	5329,9
74260	8867	74260	41,7	74260	0	74260	6	74260	5329,9
74270	8868	74270	77	74270	0	74270	3	74270	5329,9
74280	8869	74280	62,7	74280	0	74280	3	74280	5329,9
74290	8870	74290	58,5	74290	0	74290	3	74290	5329,9
74300	8871	74300	58,4	74300	0	74300	3	74300	5329,9
74310	8872	74310	69,6	74310	0	74310	3	74310	5329,9
74320	8873	74320	38,8	74320	0	74320	3	74320	5329,9
74330	8874	74330	56	74330	0	74330	3	74330	5329,9
74340	8875	74340	59,5	74340	0	74340	3	74340	5329,9
74350	8876	74350	71,7	74350	0	74350	3	74350	5329,9
74360	8877	74360	50,6	74360	0	74360	3	74360	5329,9
74370	8878	74370	59,1	74370	0	74370	3	74370	5329,9
74380	8879	74380	61,4	74380	0	74380	3	74380	5329,9
74390	8880	74390	64,5	74390	0	74390	3	74390	5329,9
74400	8881	74400	67	74400	0	74400	3	74400	5329,9
74410	8882	74410	59,8	74410	0	74410	3	74410	5329,9
74420	8883	74420	78	74420	0	74420	3	74420	5329,9
74430	8884	74430	62,1	74430	0	74430	6	74430	5329,9
74440	8885	74440	84,2	74440	0	74440	1	74440	5329,9
74450	8886	74450	46,1	74450	0	74450	1	74450	5329,9
74460	8887	74460	54	74460	0	74460	1	74460	5329,9
74470	8888	74470	40,7	74470	0	74470	1	74470	5329,9
74480	8889	74480	54,7	74480	0	74480	1	74480	5329,9
74490	8890	74490	47,6	74490	0	74490	1	74490	5329,9
74500	8891	74500	43,8	74500	0	74500	1	74500	5329,9
74510	8892	74510	48,4	74510	0	74510	1	74510	5329,9
74520	8893	74520	52	74520	0	74520	1	74520	5329,9
74530	8894	74530	55,3	74530	0	74530	1	74530	5329,9
74540	8895	74540	43,5	74540	0	74540	1	74540	5329,9
74550	8896	74550	40	74550	0	74550	1	74550	5329,9
74560	8897	74560	43,2	74560	0	74560	1	74560	5329,9
74570	8898	74570	47,4	74570	0	74570	1	74570	5329,9
74580	8899	74580	46,3	74580	0	74580	1	74580	5329,9
74590	8900	74590	48,8	74590	0	74590	1	74590	5329,9
74600	8901	74600	48,3	74600	0	74600	4	74600	5329,9
74610	8902	74610	93,6	74610	0	74610	1	74610	5329,9
74620	8903	74620	40,8	74620	0	74620	1	74620	5329,9
74630	8904	74630	52,7	74630	0	74630	1	74630	5329,9
74640	8905	74640	49,6	74640	0	74640	1	74640	5329,9
74650	8906	74650	45,4	74650	0	74650	1	74650	5329,9
74660	8907	74660	46,5	74660	0	74660	1	74660	5329,9
74670	8908	74670	58,7	74670	0	74670	1	74670	5329,9
74680	8909	74680	57,2	74680	0	74680	1	74680	5329,9
74690	8910	74690	45,2	74690	0	74690	1	74690	5329,9
74700	8911	74700	47,3	74700	0	74700	1	74700	5329,9
74710	8912	74710	42,7	74710	0	74710	1	74710	5329,9
74720	8913	74720	42,9	74720	0	74720	1	74720	5329,9
74730	8914	74730	42,1	74730	0	74730	1	74730	5329,9
74740	8915	74740	41,8	74740	0	74740	1	74740	5329,9
74750	8916	74750	45,4	74750	0	74750	1	74750	5329,9
74760	8917	74760	47,5	74760	0	74760	4	74760	5329,9
74770	8918	74770	85,2	74770	0	74770	1	74770	5329,9
74780	8919	74780	43,3	74780	0	74780	1	74780	5329,9
74790	8920	74790	42,8	74790	0	74790	1	74790	5329,9
74800	8921	74800	52,3	74800	0	74800	1	74800	5329,9
74810	8922	74810	48,8	74810	0	74810	1	74810	5329,9
74820	8923	74820	38,6	74820	0	74820	1	74820	5329,9
74830	8924	74830	51,8	74830	0	74830	1	74830	5329,9
74840	8925	74840	51	74840	0	74840	1	74840	5329,9
74850	8926	74850	49	74850	0	74850	1	74850	5329,9
74860	8927	74860	49,2	74860	0	74860	1	74860	5329,9
74870	8928	74870	28,5	74870	0	74870	1	74870	5329,9
74880	8929	74880	28,2	74880	0	74880	1	74880	5329,9
74890	8930	74890	25,6	74890	0	74890	1	74890	5329,9
74900	8931	74900	42,2	74900	0	74900	1	74900	5329,9
74910	8932	74910	35,9	74910	0	74910	1	74910	5329,9
74920	8933	74920	47,3	74920	0	74920	6	74920	5329,9
74930	8934	74930	89,1	74930	0	74930	1	74930	5329,9
74940	8935	74940	49,8	74940	0	74940	1	74940	5329,9
74950	8936	74950	49,3	74950	0	74950	1	74950	5329,9
74960	8937	74960	49,8	74960	0	74960	1	74960	5329,9
74970	8938	74970	41,7	74970	0	74970	1	74970	5329,9
74980	8939	74980	41,2	74980	0	74980	1	74980	5329,9
74990	8940	74990	54,3	74990	0	74990	1	74990	5329,9
75000	8941	75000	46,7	75000	0	75000	1	75000	5329,9
75010	8942	75010	47,8	75010	0	75010	1	75010	5329,9
75020	8943	75020	50,8	75020	0	75020	1	75020	5329,9
75030	8944	75030	48,4	75030	0	75030	1	75030	5329,9
75040	8945	75040	42,9	75040	0	75040	1	75040	5329,9
75050	8946	75050	36,7	75050	0	75050	1	75050	5329,9
75060	8947	75060	45	75060	0	75060	1	75060	5329,9
75070	8948	75070	52,9	75070	0	75070	1	75070	5329,9
75080	8949	75080	39,4	75080	0	75080	1	75080	5329,9
75090	8950	75090	49,8	75090	0	75090	3	75090	5329,9
75100	8951	75100	76,3	75100	0	75100	1	75100	5329,9
75110	8952	75110	45,7	75110	0	75110	1	75110	5329,9
75120	8953	75120	45	75120	0	75120	1	75120	5329,9
75130	8954	75130	49,9	75130	0	75130	1	75130	5329,9
75140	8955	75140	53,3	75140	0	75140	1	75140	5329,9
75150	8956	75150	52,2	75150	0	75150	1	75150	5329,9
75160	8957	75160	52,8	75160	0	75160	1	75160	5329,9
75170	8958	75170	47,5	75170	0	75170	1	75170	5329,9
75180	8959	75180	52,6	75180	0	75180	1	75180	5329,9
75190	8960	75190	45	75190	0	75190	1	75190	5329,9
75200	8961	75200	32,8	75200	0	75200	1	75200	5329,9
75210	8962	75210	42	75210	0	75210	1	75210	5329,9
75220	8963	75220	41,9	75220	0	75220	1	75220	5329,9
75230	8964	75230	40,9	75230	0	75230	1	75230	5329,9
75240	8965	75240	45,8	75240	0	75240	1	75240	5329,9
75250	8966	75250	41,6	75250	0	75250	1	75250	5329,9
75260	8967	75260	42,3	75260	0	75260	6	75260	5329,9
75270	8968	75270	98,9	75270	0	75270	1	75270	5329,9
75280	8969	75280	43,5	75280	0	75280	1	75280	5329,9
75290	8970	75290	54,2	75290	0	75290	1	75290	5329,9
75300	8971	75300	52,6	75300	0	75300	1	75300	5329,9
75310	8972	75310	40,8	75310	0	75310	1	75310	5329,9
75320	8973	75320	39,6	75320	0	75320	1	75320	5329,9
75330	8974	75330	50	75330	0	75330	1	75330	5329,9
75340	8975	75340	70,7	75340	0	75340	1	75340	5329,9
75350	8976	75350	54,2	75350	0	75350	1	75350	5329,9
75360	8977	75360	52,3	75360	0	75360	1	75360	5329,9
75370	8978	75370	39,5	75370	0	75370	1	75370	5329,9
75380	8979	75380	52,4	75380	0	75380	1	75380	5329,9
75390	8980	75390	41,4	75390	0	75390	1	75390	5329,9
75400	8981	75400	41,3	75400	0	75400	1	75400	5329,9
75410	8982	75410	44,7	75410	0	75410	1	75410	5329,9
75420	8983	75420	40,8	75420	0	75420	1	75420	5329,9
75430	8984	75430	37,9	75430	0	75430	6	75430	5329,9
75440	8985	75440	113,4	75440	0	75440	1	75440	5329,9
75450	8986	75450	41,7	75450	0	75450	1	75450	5329,9
75460	8987	75460	49,6	75460	0	75460	1	75460	5329,9
75470	8988	75470	49,1	75470	0	75470	1	75470	5329,9
75480	8989	75480	49,5	75480	0	75480	1	75480	5329,9
75490	8990	75490	52,2	75490	0	75490	1	75490	5329,9
75500	8991	75500	43,8	75500	0	75500	1	75500	5329,9
75510	8992	75510	44,4	75510	0	75510	1	75510	5329,9
75520	8993	75520	47,4	75520	0	75520	1	75520	5329,9
75530	8994	75530	32,3	75530	0	75530	1	75530	5329,9
75540	8995	75540	44,5	75540	0	75540	1	75540	5329,9
75550	8996	75550	56,5	75550	0	75550	1	75550	5329,9
75560	8997	75560	44,7	75560	0	75560	1	75560	5329,9
75570	8998	75570	51	75570	0	75570	1	75570	5329,9
75580	8999	75580	42	75580	0	75580	1	75580	5329,9
75590	9000	75590	47,7	75590	0	75590	1	75590	5329,9
75600	9001	75600	45,9	75600	0	75600	4	75600	5329,9
75610	9002	75610	86,3	75610	0	75610	1	75610	5329,9
75620	9003	75620	43,1	75620	0	75620	1	75620	5329,9
75630	9004	75630	46,2	75630	0	75630	1	75630	5329,9
75640	9005	75640	45,4	75640	0	75640	1	75640	5329,9
75650	9006	75650	49,2	75650	0	75650	1	75650	5329,9
75660	9007	75660	54,9	75660	0	75660	1	75660	5329,9
75670	9008	75670	73,8	75670	0	75670	1	75670	5329,9
75680	9009	75680	51,3	75680	0	75680	1	75680	5329,9
75690	9010	75690	53,1	75690	0	75690	1	75690	5329,9
75700	9011	75700	40	75700	0	75700	1	75700	5329,9
75710	9012	75710	42	75710	0	75710	1	75710	5329,9
75720	9013	75720	44,4	75720	0	75720	1	75720	5329,9
75730	9014	75730	31,5	75730	0	75730	1	75730	5329,9
75740	9015	75740	28,7	75740	0	75740	1	75740	5329,9
75750	9016	75750	40,6	75750	0	75750	1	75750	5329,9
75760	9017	75760	49,4	75760	0	75760	6	75760	5329,9
75770	9018	75770	88,3	75770	0	75770	1	75770	5329,9
75780	9019	75780	39,3	75780	0	75780	1	75780	5329,9
75790	9020	75790	43,5	75790	0	75790	1	75790	5329,9
75800	9021	75800	52,5	75800	0	75800	1	75800	5329,9
75810	9022	75810	49,7	75810	0	75810	1	75810	5329,9
75820	9023	75820	43,6	75820	0	75820	1	75820	5329,9
75830	9024	75830	46,5	75830	0	75830	1	75830	5329,9
75840	9025	75840	55,3	75840	0	75840	1	75840	5329,9
75850	9026	75850	50,3	75850	0	75850	1	75850	5329,9
75860	9027	75860	46,5	75860	0	75860	1	75860	5329,9
75870	9028	75870	48,6	75870	0	75870	1	75870	5329,9
75880	9029	75880	48,7	75880	0	75880	1	75880	5329,9
75890	9030	75890	49,4	75890	0	75890	1	75890	5329,9
75900	9031	75900	43	75900	0	75900	1	75900	5329,9
75910	9032	75910	46,2	75910	0	75910	1	75910	5329,9
75920	9033	75920	48,4	75920	0	75920	1	75920	5329,9
75930	9034	75930	42	75930	0	75930	6	75930	5329,9
75940	9035	75940	94,1	75940	0	75940	1	75940	5329,9
75950	9036	75950	49,1	75950	0	75950	1	75950	5329,9
75960	9037	75960	42,3	75960	0	75960	1	75960	5329,9
75970	9038	75970	33,2	75970	0	75970	1	75970	5329,9
75980	9039	75980	84,4	75980	0	75980	1	75980	5329,9
75990	9040	75990	53,3	75990	0	75990	1	75990	5329,9
76000	9041	76000	45,4	76000	0	76000	1	76000	5329,9
76010	9042	76010	46,2	76010	0	76010	1	76010	5329,9
76020	9043	76020	41,7	76020	0	76020	1	76020	5329,9
76030	9044	76030	26,1	76030	0	76030	1	76030	5329,9
76040	9045	76040	56,9	76040	0	76040	1	76040	5329,9
76050	9046	76050	48,7	76050	0	76050	1	76050	5329,9
76060	9047	76060	46,6	76060	0	76060	1	76060	5329,9
76070	9048	76070	46,7	76070	0	76070	1	76070	5329,9
76080	9049	76080	53,7	76080	0	76080	1	76080	5329,9
76090	9050	76090	44,2	76090	0	76090	4	76090	5329,9
76100	9051	76100	86,9	76100	0	76100	1	76100	5329,9
76110	9052	76110	58,9	76110	0	76110	1	76110	5329,9
76120	9053	76120	48,1	76120	0	76120	1	76120	5329,9
76130	9054	76130	47,6	76130	0	76130	1	76130	5329,9
76140	9055	76140	56,4	76140	0	76140	1	76140	5329,9
76150	9056	76150	56,4	76150	0	76150	1	76150	5329,9
76160	9057	76160	53	76160	0	76160	1	76160	5329,9
76170	9058	76170	45,8	76170	0	76170	1	76170	5329,9
76180	9059	76180	47,1	76180	0	76180	1	76180	5329,9
76190	9060	76190	45,2	76190	0	76190	1	76190	5329,9
76200	9061	76200	48,2	76200	0	76200	1	76200	5329,9
76210	9062	76210	45,8	76210	0	76210	1	76210	5329,9
76220	9063	76220	59	76220	0	76220	1	76220	5329,9
76230	9064	76230	49,3	76230	0	76230	1	76230	5329,9
76240	9065	76240	49,3	76240	0	76240	1	76240	5329,9
76250	9066	76250	45,2	76250	0	76250	4	76250	5329,9
76260	9067	76260	80,9	76260	0	76260	1	76260	5329,9
76270	9068	76270	45	76270	0	76270	1	76270	5329,9
76280	9069	76280	46,5	76280	0	76280	1	76280	5329,9
76290	9070	76290	52,3	76290	0	76290	1	76290	5329,9
76300	9071	76300	46,2	76300	0	76300	1	76300	5329,9
76310	9072	76310	59,2	76310	0	76310	1	76310	5329,9
76320	9073	76320	52,5	76320	0	76320	1	76320	5329,9
76330	9074	76330	53	76330	0	76330	1	76330	5329,9
76340	9075	76340	35,3	76340	0	76340	1	76340	5329,9
76350	9076	76350	26,5	76350	0	76350	1	76350	5329,9
76360	9077	76360	48,1	76360	0	76360	1	76360	5329,9
76370	9078	76370	48,7	76370	0	76370	1	76370	5329,9
76380	9079	76380	48,2	76380	0	76380	1	76380	5329,9
76390	9080	76390	45	76390	0	76390	1	76390	5329,9
76400	9081	76400	45	76400	0	76400	1	76400	5329,9
76410	9082	76410	42,4	76410	0	76410	1	76410	5329,9
76420	9083	76420	44,8	76420	0	76420	4	76420	5329,9
76430	9084	76430	86,8	76430	0	76430	1	76430	5329,9
76440	9085	76440	56	76440	0	76440	1	76440	5329,9
76450	9086	76450	55,5	76450	0	76450	1	76450	5329,9
76460	9087	76460	49,7	76460	0	76460	1	76460	5329,9
76470	9088	76470	55,4	76470	0	76470	1	76470	5329,9
76480	9089	76480	50,5	76480	0	76480	1	76480	5329,9
76490	9090	76490	47,9	76490	0	76490	1	76490	5329,9
76500	9091	76500	43,4	76500	0	76500	1	76500	5329,9
76510	9092	76510	30,3	76510	0	76510	1	76510	5329,9
76520	9093	76520	31,2	76520	0	76520	1	76520	5329,9
76530	9094	76530	44,8	76530	0	76530	1	76530	5329,9
76540	9095	76540	40,1	76540	0	76540	1	76540	5329,9
76550	9096	76550	40,8	76550	0	76550	1	76550	5329,9
76560	9097	76560	30,7	76560	0	76560	1	76560	5329,9
76570	9098	76570	39,9	76570	0	76570	1	76570	5329,9
76580	9099	76580	43,9	76580	0	76580	1	76580	5329,9
76590	9100	76590	47,8	76590	0	76590	2	76590	5329,9
76600	9101	76600	225,2	76600	0	76600	1	76600	5329,9
76610	9102	76610	44,9	76610	0	76610	1	76610	5329,9
76620	9103	76620	49,9	76620	0	76620	1	76620	5329,9
76630	9104	76630	56,7	76630	0	76630	1	76630	5329,9
76640	9105	76640	45,6	76640	0	76640	1	76640	5329,9
76650	9106	76650	47,5	76650	0	76650	1	76650	5329,9
76660	9107	76660	56,9	76660	0	76660	1	76660	5329,9
76670	9108	76670	51,1	76670	0	76670	1	76670	5329,9
76680	9109	76680	49,3	76680	0	76680	1	76680	5329,9
76690	9110	76690	50,2	76690	0	76690	1	76690	5329,9
76700	9111	76700	44,6	76700	0	76700	1	76700	5329,9
76710	9112	76710	52,9	76710	0	76710	1	76710	5329,9
76720	9113	76720	43	76720	0	76720	1	76720	5329,9
76730	9114	76730	44,9	76730	0	76730	1	76730	5329,9
76740	9115	76740	51,5	76740	0	76740	1	76740	5329,9
76750	9116	76750	53,9	76750	0	76750	1	76750	5329,9
76760	9117	76760	49,6	76760	0	76760	6	76760	5329,9
76770	9118	76770	96,1	76770	0	76770	1	76770	5329,9
76780	9119	76780	44,3	76780	0	76780	1	76780	5329,9
76790	9120	76790	47,7	76790	0	76790	1	76790	5329,9
76800	9121	76800	48,3	76800	0	76800	1	76800	5329,9
76810	9122	76810	56,6	76810	0	76810	1	76810	5329,9
76820	9123	76820	46	76820	0	76820	1	76820	5329,9
76830	9124	76830	47,6	76830	0	76830	1	76830	5329,9
76840	9125	76840	48,5	76840	0	76840	1	76840	5329,9
76850	9126	76850	45,1	76850	0	76850	1	76850	5329,9
76860	9127	76860	48,7	76860	0	76860	1	76860	5329,9
76870	9128	76870	44,6	76870	0	76870	1	76870	5329,9
76880	9129	76880	46,8	76880	0	76880	1	76880	5329,9
76890	9130	76890	44,7	76890	0	76890	1	76890	5329,9
76900	9131	76900	42,8	76900	0	76900	1	76900	5329,9
76910	9132	76910	26,7	76910	0	76910	1	76910	5329,9
76920	9133	76920	47,5	76920	0	76920	1	76920	5329,9
76930	9134	76930	37,1	76930	0	76930	3	76930	5329,9
76940	9135	76940	62,7	76940	0	76940	1	76940	5329,9
76950	9136	76950	36,8	76950	0	76950	1	76950	5329,9
76960	9137	76960	45,1	76960	0	76960	1	76960	5329,9
76970	9138	76970	37,5	76970	0	76970	1	76970	5329,9
76980	9139	76980	44,1	76980	0	76980	1	76980	5329,9
76990	9140	76990	45,5	76990	0	76990	1	76990	5329,9
77000	9141	77000	38,5	77000	0	77000	1	77000	5329,9
77010	9142	77010	40,7	77010	0	77010	1	77010	5329,9
77020	9143	77020	49,2	77020	0	77020	1	77020	5329,9
77030	9144	77030	40,1	77030	0	77030	1	77030	5329,9
77040	9145	77040	47	77040	0	77040	1	77040	5329,9
77050	9146	77050	50,9	77050	0	77050	1	77050	5329,9
77060	9147	77060	43,1	77060	0	77060	1	77060	5329,9
77070	9148	77070	40,6	77070	0	77070	1	77070	5329,9
77080	9149	77080	48,5	77080	0	77080	1	77080	5329,9
77090	9150	77090	50	77090	0	77090	3	77090	5329,9
77100	9151	77100	78,4	77100	0	77100	1	77100	5329,9
77110	9152	77110	46,8	77110	0	77110	1	77110	5329,9
77120	9153	77120	48,4	77120	0	77120	1	77120	5329,9
77130	9154	77130	44,3	77130	0	77130	1	77130	5329,9
77140	9155	77140	51,8	77140	0	77140	1	77140	5329,9
77150	9156	77150	41	77150	0	77150	1	77150	5329,9
77160	9157	77160	45,7	77160	0	77160	1	77160	5329,9
77170	9158	77170	48,1	77170	0	77170	1	77170	5329,9
77180	9159	77180	44,2	77180	0	77180	1	77180	5329,9
77190	9160	77190	43,4	77190	0	77190	1	77190	5329,9
77200	9161	77200	55,3	77200	0	77200	1	77200	5329,9
77210	9162	77210	53,4	77210	0	77210	1	77210	5329,9
77220	9163	77220	35,5	77220	0	77220	1	77220	5329,9
77230	9164	77230	50,5	77230	0	77230	1	77230	5329,9
77240	9165	77240	46,2	77240	0	77240	1	77240	5329,9
77250	9166	77250	48,9	77250	0	77250	6	77250	5329,9
77260	9167	77260	91,1	77260	0	77260	1	77260	5329,9
77270	9168	77270	41,8	77270	0	77270	1	77270	5329,9
77280	9169	77280	50,1	77280	0	77280	1	77280	5329,9
77290	9170	77290	41,6	77290	0	77290	1	77290	5329,9
77300	9171	77300	38	77300	0	77300	1	77300	5329,9
77310	9172	77310	37,9	77310	0	77310	1	77310	5329,9
77320	9173	77320	28,1	77320	0	77320	1	77320	5329,9
77330	9174	77330	50,9	77330	0	77330	1	77330	5329,9
77340	9175	77340	25,1	77340	0	77340	1	77340	5329,9
77350	9176	77350	29,9	77350	0	77350	1	77350	5329,9
77360	9177	77360	26,1	77360	0	77360	1	77360	5329,9
77370	9178	77370	26,9	77370	0	77370	1	77370	5329,9
77380	9179	77380	26,4	77380	0	77380	1	77380	5329,9
77390	9180	77390	25	77390	0	77390	1	77390	5329,9
77400	9181	77400	28,6	77400	0	77400	1	77400	5329,9
77410	9182	77410	24,2	77410	0	77410	1	77410	5329,9
77420	9183	77420	21,3	77420	0	77420	6	77420	5329,9
77430	9184	77430	83,4	77430	0	77430	1	77430	5329,9
77440	9185	77440	38,6	77440	0	77440	1	77440	5329,9
77450	9186	77450	22,5	77450	0	77450	1	77450	5329,9
77460	9187	77460	23,4	77460	0	77460	1	77460	5329,9
77470	9188	77470	29,3	77470	0	77470	1	77470	5329,9
77480	9189	77480	42,4	77480	0	77480	1	77480	5329,9
77490	9190	77490	50,7	77490	0	77490	1	77490	5329,9
77500	9191	77500	44,1	77500	0	77500	1	77500	5329,9
77510	9192	77510	40,4	77510	0	77510	1	77510	5329,9
77520	9193	77520	45,4	77520	0	77520	1	77520	5329,9
77530	9194	77530	49,8	77530	0	77530	1	77530	5329,9
77540	9195	77540	44	77540	0	77540	1	77540	5329,9
77550	9196	77550	59,9	77550	0	77550	1	77550	5329,9
77560	9197	77560	42,2	77560	0	77560	1	77560	5329,9
77570	9198	77570	42,7	77570	0	77570	1	77570	5329,9
77580	9199	77580	41,4	77580	0	77580	6	77580	5329,9
77590	9200	77590	101,5	77590	0	77590	1	77590	5329,9
77600	9201	77600	44,4	77600	0	77600	1	77600	5329,9
77610	9202	77610	40,9	77610	0	77610	1	77610	5329,9
77620	9203	77620	48,6	77620	0	77620	1	77620	5329,9
77630	9204	77630	42,4	77630	0	77630	1	77630	5329,9
77640	9205	77640	51,9	77640	0	77640	1	77640	5329,9
77650	9206	77650	44,4	77650	0	77650	1	77650	5329,9
77660	9207	77660	38,2	77660	0	77660	1	77660	5329,9
77670	9208	77670	41,7	77670	0	77670	1	77670	5329,9
77680	9209	77680	71,3	77680	0	77680	1	77680	5329,9
77690	9210	77690	42,8	77690	0	77690	1	77690	5329,9
77700	9211	77700	46,4	77700	0	77700	1	77700	5329,9
77710	9212	77710	42,4	77710	0	77710	1	77710	5329,9
77720	9213	77720	42,4	77720	0	77720	1	77720	5329,9
77730	9214	77730	72,5	77730	0	77730	1	77730	5329,9
77740	9215	77740	52	77740	0	77740	1	77740	5329,9
77750	9216	77750	38,6	77750	0	77750	4	77750	5329,9
77760	9217	77760	88,8	77760	0	77760	1	77760	5329,9
77770	9218	77770	56,2	77770	0	77770	1	77770	5329,9
77780	9219	77780	42,9	77780	0	77780	1	77780	5329,9
77790	9220	77790	42	77790	0	77790	1	77790	5329,9
77800	9221	77800	41,3	77800	0	77800	1	77800	5329,9
77810	9222	77810	46,9	77810	0	77810	1	77810	5329,9
77820	9223	77820	60,8	77820	0	77820	1	77820	5329,9
77830	9224	77830	43,6	77830	0	77830	1	77830	5329,9
77840	9225	77840	50,6	77840	0	77840	1	77840	5329,9
77850	9226	77850	51,9	77850	0	77850	1	77850	5329,9
77860	9227	77860	49,9	77860	0	77860	3	77860	5329,9
77870	9228	77870	69,3	77870	0	77870	1	77870	5329,9
77880	9229	77880	46	77880	0	77880	1	77880	5329,9
77890	9230	77890	50,4	77890	0	77890	1	77890	5329,9
77900	9231	77900	50,5	77900	0	77900	1	77900	5329,9
77910	9232	77910	42,3	77910	0	77910	1	77910	5329,9
77920	9233	77920	49,5	77920	0	77920	3	77920	5329,9
77930	9234	77930	50,2	77930	0	77930	1	77930	5329,9
77940	9235	77940	38,1	77940	0	77940	1	77940	5329,9
77950	9236	77950	48,4	77950	0	77950	1	77950	5329,9
77960	9237	77960	48,4	77960	0	77960	1	77960	5329,9
77970	9238	77970	47,7	77970	0	77970	1	77970	5329,9
77980	9239	77980	49,8	77980	0	77980	1	77980	5329,9
77990	9240	77990	27,3	77990	0	77990	1	77990	5329,9
78000	9241	78000	26,3	78000	0	78000	1	78000	5329,9
78010	9242	78010	37,2	78010	0	78010	1	78010	5329,9
78020	9243	78020	50,7	78020	0	78020	1	78020	5329,9
78030	9244	78030	30,7	78030	0	78030	1	78030	5329,9
78040	9245	78040	26	78040	0	78040	1	78040	5329,9
78050	9246	78050	33,6	78050	0	78050	1	78050	5329,9
78060	9247	78060	36,5	78060	0	78060	1	78060	5329,9
78070	9248	78070	22,4	78070	0	78070	1	78070	5329,9
78080	9249	78080	53,7	78080	0	78080	6	78080	5329,9
78090	9250	78090	87,4	78090	0	78090	1	78090	5329,9
78100	9251	78100	43,8	78100	0	78100	1	78100	5329,9
78110	9252	78110	44	78110	0	78110	1	78110	5329,9
78120	9253	78120	49,3	78120	0	78120	1	78120	5329,9
78130	9254	78130	50,5	78130	0	78130	1	78130	5329,9
78140	9255	78140	24,6	78140	0	78140	1	78140	5329,9
78150	9256	78150	41	78150	0	78150	1	78150	5329,9
78160	9257	78160	29,6	78160	0	78160	1	78160	5329,9
78170	9258	78170	30,3	78170	0	78170	1	78170	5329,9
78180	9259	78180	50,1	78180	0	78180	1	78180	5329,9
78190	9260	78190	29,7	78190	0	78190	1	78190	5329,9
78200	9261	78200	49,7	78200	0	78200	1	78200	5329,9
78210	9262	78210	39,4	78210	0	78210	1	78210	5329,9
78220	9263	78220	31,2	78220	0	78220	1	78220	5329,9
78230	9264	78230	21,4	78230	0	78230	1	78230	5329,9
78240	9265	78240	38,4	78240	0	78240	6	78240	5329,9
78250	9266	78250	96,3	78250	0	78250	1	78250	5329,9
78260	9267	78260	41,1	78260	0	78260	1	78260	5329,9
78270	9268	78270	51,4	78270	0	78270	1	78270	5329,9
78280	9269	78280	50,4	78280	0	78280	1	78280	5329,9
78290	9270	78290	46,4	78290	0	78290	1	78290	5329,9
78300	9271	78300	51,7	78300	0	78300	1	78300	5329,9
78310	9272	78310	47,7	78310	0	78310	1	78310	5329,9
78320	9273	78320	44,6	78320	0	78320	1	78320	5329,9
78330	9274	78330	47,5	78330	0	78330	1	78330	5329,9
78340	9275	78340	45	78340	0	78340	1	78340	5329,9
78350	9276	78350	35,7	78350	0	78350	1	78350	5329,9
78360	9277	78360	51,9	78360	0	78360	1	78360	5329,9
78370	9278	78370	54,4	78370	0	78370	1	78370	5329,9
78380	9279	78380	40,9	78380	0	78380	1	78380	5329,9
78390	9280	78390	40,7	78390	0	78390	1	78390	5329,9
78400	9281	78400	40,6	78400	0	78400	1	78400	5329,9
78410	9282	78410	45,5	78410	0	78410	4	78410	5329,9
78420	9283	78420	94,9	78420	0	78420	1	78420	5329,9
78430	9284	78430	43,6	78430	0	78430	1	78430	5329,9
78440	9285	78440	49,1	78440	0	78440	1	78440	5329,9
78450	9286	78450	46,6	78450	0	78450	1	78450	5329,9
78460	9287	78460	46,2	78460	0	78460	1	78460	5329,9
78470	9288	78470	52,3	78470	0	78470	1	78470	5329,9
78480	9289	78480	44,9	78480	0	78480	1	78480	5329,9
78490	9290	78490	34,5	78490	0	78490	1	78490	5329,9
78500	9291	78500	37,5	78500	0	78500	1	78500	5329,9
78510	9292	78510	48,5	78510	0	78510	1	78510	5329,9
78520	9293	78520	38,7	78520	0	78520	3	78520	5329,9
78530	9294	78530	55,9	78530	0	78530	1	78530	5329,9
78540	9295	78540	28,8	78540	0	78540	1	78540	5329,9
78550	9296	78550	45,2	78550	0	78550	1	78550	5329,9
78560	9297	78560	56,5	78560	0	78560	1	78560	5329,9
78570	9298	78570	41,5	78570	0	78570	1	78570	5329,9
78580	9299	78580	48,7	78580	0	78580	1	78580	5329,9
78590	9300	78590	48,5	78590	0	78590	2	78590	5329,9
78600	9301	78600	68,1	78600	0	78600	1	78600	5329,9
78610	9302	78610	42,4	78610	0	78610	1	78610	5329,9
78620	9303	78620	40,1	78620	0	78620	1	78620	5329,9
78630	9304	78630	46,7	78630	0	78630	1	78630	5329,9
78640	9305	78640	53,8	78640	0	78640	1	78640	5329,9
78650	9306	78650	41,7	78650	0	78650	1	78650	5329,9
78660	9307	78660	47,6	78660	0	78660	1	78660	5329,9
78670	9308	78670	60,9	78670	0	78670	1	78670	5329,9
78680	9309	78680	56,1	78680	0	78680	1	78680	5329,9
78690	9310	78690	41,7	78690	0	78690	1	78690	5329,9
78700	9311	78700	57,9	78700	0	78700	1	78700	5329,9
78710	9312	78710	46,7	78710	0	78710	1	78710	5329,9
78720	9313	78720	38,3	78720	0	78720	1	78720	5329,9
78730	9314	78730	41,3	78730	0	78730	1	78730	5329,9
78740	9315	78740	43,4	78740	0	78740	1	78740	5329,9
78750	9316	78750	55,6	78750	0	78750	1	78750	5329,9
78760	9317	78760	56,5	78760	0	78760	1	78760	5329,9
78770	9318	78770	46,2	78770	0	78770	2	78770	5329,9
78780	9319	78780	59,1	78780	0	78780	1	78780	5329,9
78790	9320	78790	49,6	78790	0	78790	1	78790	5329,9
78800	9321	78800	55,3	78800	0	78800	1	78800	5329,9
78810	9322	78810	42,4	78810	0	78810	1	78810	5329,9
78820	9323	78820	41,5	78820	0	78820	1	78820	5329,9
78830	9324	78830	37,4	78830	0	78830	1	78830	5329,9
78840	9325	78840	48,4	78840	0	78840	1	78840	5329,9
78850	9326	78850	50,3	78850	0	78850	1	78850	5329,9
78860	9327	78860	41,1	78860	0	78860	1	78860	5329,9
78870	9328	78870	49,2	78870	0	78870	1	78870	5329,9
78880	9329	78880	50,8	78880	0	78880	1	78880	5329,9
78890	9330	78890	45,5	78890	0	78890	1	78890	5329,9
78900	9331	78900	45,4	78900	0	78900	1	78900	5329,9
78910	9332	78910	53,7	78910	0	78910	3	78910	5329,9
78920	9333	78920	70,9	78920	0	78920	1	78920	5329,9
78930	9334	78930	44,7	78930	0	78930	3	78930	5329,9
78940	9335	78940	86	78940	0	78940	1	78940	5329,9
78950	9336	78950	47,8	78950	0	78950	1	78950	5329,9
78960	9337	78960	49,6	78960	0	78960	1	78960	5329,9
78970	9338	78970	48,6	78970	0	78970	1	78970	5329,9
78980	9339	78980	52,5	78980	0	78980	1	78980	5329,9
78990	9340	78990	49,1	78990	0	78990	1	78990	5329,9
79000	9341	79000	26,2	79000	0	79000	1	79000	5329,9
79010	9342	79010	49,4	79010	0	79010	1	79010	5329,9
79020	9343	79020	26,7	79020	0	79020	1	79020	5329,9
79030	9344	79030	28,5	79030	0	79030	1	79030	5329,9
79040	9345	79040	56,7	79040	0	79040	1	79040	5329,9
79050	9346	79050	46,6	79050	0	79050	1	79050	5329,9
79060	9347	79060	48,5	79060	0	79060	1	79060	5329,9
79070	9348	79070	47,3	79070	0	79070	1	79070	5329,9
79080	9349	79080	26,9	79080	0	79080	1	79080	5329,9
79090	9350	79090	44,5	79090	0	79090	1	79090	5329,9
79100	9351	79100	41,3	79100	0	79100	2	79100	5329,9
79110	9352	79110	64,9	79110	0	79110	1	79110	5329,9
79120	9353	79120	46,1	79120	0	79120	1	79120	5329,9
79130	9354	79130	46,8	79130	0	79130	1	79130	5329,9
79140	9355	79140	46,4	79140	0	79140	1	79140	5329,9
79150	9356	79150	44,3	79150	0	79150	1	79150	5329,9
79160	9357	79160	43,1	79160	0	79160	1	79160	5329,9
79170	9358	79170	46	79170	0	79170	1	79170	5329,9
79180	9359	79180	46,8	79180	0	79180	1	79180	5329,9
79190	9360	79190	46,8	79190	0	79190	1	79190	5329,9
79200	9361	79200	43,6	79200	0	79200	1	79200	5329,9
79210	9362	79210	43	79210	0	79210	1	79210	5329,9
79220	9363	79220	56,4	79220	0	79220	1	79220	5329,9
79230	9364	79230	45,6	79230	0	79230	1	79230	5329,9
79240	9365	79240	48,5	79240	0	79240	1	79240	5329,9
79250	9366	79250	49,6	79250	0	79250	1	79250	5329,9
79260	9367	79260	32,3	79260	0	79260	1	79260	5329,9
79270	9368	79270	41,1	79270	0	79270	3	79270	5329,9
79280	9369	79280	84,1	79280	0	79280	1	79280	5329,9
79290	9370	79290	36,3	79290	0	79290	1	79290	5329,9
79300	9371	79300	46,6	79300	0	79300	1	79300	5329,9
79310	9372	79310	45,3	79310	0	79310	1	79310	5329,9
79320	9373	79320	49,1	79320	0	79320	1	79320	5329,9
79330	9374	79330	32,7	79330	0	79330	1	79330	5329,9
79340	9375	79340	36,9	79340	0	79340	1	79340	5329,9
79350	9376	79350	40,1	79350	0	79350	1	79350	5329,9
79360	9377	79360	43,9	79360	0	79360	1	79360	5329,9
79370	9378	79370	75	79370	0	79370	1	79370	5329,9
79380	9379	79380	47,5	79380	0	79380	1	79380	5329,9
79390	9380	79390	45,7	79390	0	79390	1	79390	5329,9
79400	9381	79400	49,8	79400	0	79400	1	79400	5329,9
79410	9382	79410	43,8	79410	0	79410	1	79410	5329,9
79420	9383	79420	42,9	79420	0	79420	1	79420	5329,9
79430	9384	79430	41	79430	0	79430	1	79430	5329,9
79440	9385	79440	46,5	79440	0	79440	2	79440	5329,9
79450	9386	79450	62,1	79450	0	79450	1	79450	5329,9
79460	9387	79460	55,1	79460	0	79460	1	79460	5329,9
79470	9388	79470	43,2	79470	0	79470	1	79470	5329,9
79480	9389	79480	41,8	79480	0	79480	1	79480	5329,9
79490	9390	79490	53,7	79490	0	79490	1	79490	5329,9
79500	9391	79500	37	79500	0	79500	1	79500	5329,9
79510	9392	79510	43,2	79510	0	79510	1	79510	5329,9
79520	9393	79520	46	79520	0	79520	1	79520	5329,9
79530	9394	79530	38,6	79530	0	79530	1	79530	5329,9
79540	9395	79540	45,6	79540	0	79540	1	79540	5329,9
79550	9396	79550	42	79550	0	79550	1	79550	5329,9
79560	9397	79560	49,7	79560	0	79560	1	79560	5329,9
79570	9398	79570	44,2	79570	0	79570	1	79570	5329,9
79580	9399	79580	39,3	79580	0	79580	1	79580	5329,9
79590	9400	79590	40,5	79590	0	79590	1	79590	5329,9
79600	9401	79600	24,5	79600	0	79600	4	79600	5329,9
79610	9402	79610	76,1	79610	0	79610	1	79610	5329,9
79620	9403	79620	26,8	79620	0	79620	1	79620	5329,9
79630	9404	79630	47,9	79630	0	79630	1	79630	5329,9
79640	9405	79640	48,9	79640	0	79640	1	79640	5329,9
79650	9406	79650	27	79650	0	79650	1	79650	5329,9
79660	9407	79660	38,9	79660	0	79660	1	79660	5329,9
79670	9408	79670	25,3	79670	0	79670	1	79670	5329,9
79680	9409	79680	35,7	79680	0	79680	1	79680	5329,9
79690	9410	79690	27,2	79690	0	79690	1	79690	5329,9
79700	9411	79700	24,1	79700	0	79700	1	79700	5329,9
79710	9412	79710	28,2	79710	0	79710	1	79710	5329,9
79720	9413	79720	29,8	79720	0	79720	1	79720	5329,9
79730	9414	79730	34,4	79730	0	79730	1	79730	5329,9
79740	9415	79740	26,4	79740	0	79740	1	79740	5329,9
79750	9416	79750	24,4	79750	0	79750	1	79750	5329,9
79760	9417	79760	33,7	79760	0	79760	2	79760	5329,9
79770	9418	79770	38,3	79770	0	79770	1	79770	5329,9
79780	9419	79780	26,2	79780	0	79780	1	79780	5329,9
79790	9420	79790	39,8	79790	0	79790	1	79790	5329,9
79800	9421	79800	43,9	79800	0	79800	1	79800	5329,9
79810	9422	79810	48,8	79810	0	79810	1	79810	5329,9
79820	9423	79820	46,1	79820	0	79820	1	79820	5329,9
79830	9424	79830	52,6	79830	0	79830	1	79830	5329,9
79840	9425	79840	27,8	79840	0	79840	1	79840	5329,9
79850	9426	79850	32,6	79850	0	79850	1	79850	5329,9
79860	9427	79860	36,1	79860	0	79860	1	79860	5329,9
79870	9428	79870	29	79870	0	79870	1	79870	5329,9
79880	9429	79880	26,7	79880	0	79880	1	79880	5329,9
79890	9430	79890	45,4	79890	0	79890	1	79890	5329,9
79900	9431	79900	47	79900	0	79900	1	79900	5329,9
79910	9432	79910	52,5	79910	0	79910	3	79910	5329,9
79920	9433	79920	47,9	79920	0	79920	6	79920	5329,9
79930	9434	79930	64,2	79930	0	79930	1	79930	5329,9
79940	9435	79940	50	79940	0	79940	1	79940	5329,9
79950	9436	79950	42,3	79950	0	79950	1	79950	5329,9
79960	9437	79960	26,4	79960	0	79960	1	79960	5329,9
79970	9438	79970	39,7	79970	0	79970	1	79970	5329,9
79980	9439	79980	50,2	79980	0	79980	1	79980	5329,9
79990	9440	79990	35,9	79990	0	79990	1	79990	5329,9
80000	9441	80000	25,4	80000	0	80000	1	80000	5329,9
80010	9442	80010	49,6	80010	0	80010	1	80010	5329,9
80020	9443	80020	25,9	80020	0	80020	1	80020	5329,9
80030	9444	80030	25,4	80030	0	80030	1	80030	5329,9
80040	9445	80040	30	80040	0	80040	1	80040	5329,9
80050	9446	80050	39,7	80050	0	80050	1	80050	5329,9
80060	9447	80060	38,3	80060	0	80060	1	80060	5329,9
80070	9448	80070	32,7	80070	0	80070	1	80070	5329,9
80080	9449	80080	26,3	80080	0	80080	4	80080	5329,9
80090	9450	80090	46,5	80090	0	80090	1	80090	5329,9
80100	9451	80100	25,4	80100	0	80100	1	80100	5329,9
80110	9452	80110	31,7	80110	0	80110	1	80110	5329,9
80120	9453	80120	26,5	80120	0	80120	1	80120	5329,9
80130	9454	80130	27,1	80130	0	80130	1	80130	5329,9
80140	9455	80140	28,4	80140	0	80140	1	80140	5329,9
80150	9456	80150	33,2	80150	0	80150	1	80150	5329,9
80160	9457	80160	29,2	80160	0	80160	1	80160	5329,9
80170	9458	80170	26,5	80170	0	80170	1	80170	5329,9
80180	9459	80180	26,5	80180	0	80180	1	80180	5329,9
80190	9460	80190	41,4	80190	0	80190	1	80190	5329,9
80200	9461	80200	26,5	80200	0	80200	1	80200	5329,9
80210	9462	80210	29,2	80210	0	80210	1	80210	5329,9
80220	9463	80220	32,4	80220	0	80220	1	80220	5329,9
80230	9464	80230	46,9	80230	0	80230	1	80230	5329,9
80240	9465	80240	45,2	80240	0	80240	5	80240	5329,9
80250	9466	80250	93,3	80250	0	80250	3	80250	5329,9
80260	9467	80260	65,1	80260	0	80260	3	80260	5329,9
80270	9468	80270	58,4	80270	0	80270	3	80270	5329,9
80280	9469	80280	39,8	80280	0	80280	3	80280	5329,9
80290	9470	80290	38,7	80290	0	80290	3	80290	5329,9
80300	9471	80300	37,4	80300	0	80300	3	80300	5329,9
80310	9472	80310	38,5	80310	0	80310	3	80310	5329,9
80320	9473	80320	39,4	80320	0	80320	3	80320	5329,9
80330	9474	80330	40,1	80330	0	80330	3	80330	5329,9
80340	9475	80340	41,8	80340	0	80340	3	80340	5329,9
80350	9476	80350	67,6	80350	0	80350	3	80350	5329,9
80360	9477	80360	62,8	80360	0	80360	3	80360	5329,9
80370	9478	80370	42,7	80370	0	80370	3	80370	5329,9
80380	9479	80380	70,5	80380	0	80380	3	80380	5329,9
80390	9480	80390	51,3	80390	0	80390	3	80390	5329,9
80400	9481	80400	73,6	80400	0	80400	3	80400	5329,9
80410	9482	80410	65,8	80410	0	80410	3	80410	5329,9
80420	9483	80420	55,7	80420	0	80420	1	80420	5329,9
80430	9484	80430	31,3	80430	0	80430	1	80430	5329,9
80440	9485	80440	36,3	80440	0	80440	1	80440	5329,9
80450	9486	80450	25,9	80450	0	80450	1	80450	5329,9
80460	9487	80460	37,5	80460	0	80460	1	80460	5329,9
80470	9488	80470	35,5	80470	0	80470	1	80470	5329,9
80480	9489	80480	33,6	80480	0	80480	1	80480	5329,9
80490	9490	80490	37,1	80490	0	80490	1	80490	5329,9
80500	9491	80500	28	80500	0	80500	1	80500	5329,9
80510	9492	80510	42,8	80510	0	80510	1	80510	5329,9
80520	9493	80520	54,1	80520	0	80520	1	80520	5329,9
80530	9494	80530	27,2	80530	0	80530	1	80530	5329,9
80540	9495	80540	48,5	80540	0	80540	1	80540	5329,9
80550	9496	80550	27,2	80550	0	80550	1	80550	5329,9
80560	9497	80560	34,1	80560	0	80560	1	80560	5329,9
80570	9498	80570	26,2	80570	0	80570	2	80570	5329,9
80580	9499	80580	48,7	80580	0	80580	1	80580	5329,9
80590	9500	80590	37,3	80590	0	80590	1	80590	5329,9
80600	9501	80600	41,5	80600	0	80600	1	80600	5329,9
80610	9502	80610	50,1	80610	0	80610	1	80610	5329,9
80620	9503	80620	48,9	80620	0	80620	1	80620	5329,9
80630	9504	80630	48	80630	0	80630	1	80630	5329,9
80640	9505	80640	34,5	80640	0	80640	1	80640	5329,9
80650	9506	80650	36,4	80650	0	80650	1	80650	5329,9
80660	9507	80660	42,8	80660	0	80660	1	80660	5329,9
80670	9508	80670	27,6	80670	0	80670	1	80670	5329,9
80680	9509	80680	46,8	80680	0	80680	1	80680	5329,9
80690	9510	80690	44,4	80690	0	80690	1	80690	5329,9
80700	9511	80700	41,2	80700	0	80700	1	80700	5329,9
80710	9512	80710	41,8	80710	0	80710	1	80710	5329,9
80720	9513	80720	41,9	80720	0	80720	1	80720	5329,9
80730	9514	80730	40	80730	0	80730	2	80730	5329,9
80740	9515	80740	71,4	80740	0	80740	1	80740	5329,9
80750	9516	80750	41,8	80750	0	80750	1	80750	5329,9
80760	9517	80760	42,6	80760	0	80760	1	80760	5329,9
80770	9518	80770	36,9	80770	0	80770	1	80770	5329,9
80780	9519	80780	45,9	80780	0	80780	1	80780	5329,9
80790	9520	80790	40,8	80790	0	80790	1	80790	5329,9
80800	9521	80800	41	80800	0	80800	1	80800	5329,9
80810	9522	80810	51,4	80810	0	80810	1	80810	5329,9
80820	9523	80820	49,8	80820	0	80820	1	80820	5329,9
80830	9524	80830	51,1	80830	0	80830	1	80830	5329,9
80840	9525	80840	45,4	80840	0	80840	1	80840	5329,9
80850	9526	80850	46	80850	0	80850	1	80850	5329,9
80860	9527	80860	47	80860	0	80860	1	80860	5329,9
80870	9528	80870	28,8	80870	0	80870	1	80870	5329,9
80880	9529	80880	46,6	80880	0	80880	1	80880	5329,9
80890	9530	80890	31,1	80890	0	80890	1	80890	5329,9
80900	9531	80900	50,4	80900	0	80900	3	80900	5329,9
80910	9532	80910	50,7	80910	0	80910	1	80910	5329,9
80920	9533	80920	28,1	80920	0	80920	1	80920	5329,9
80930	9534	80930	38,8	80930	0	80930	1	80930	5329,9
80940	9535	80940	39,1	80940	0	80940	1	80940	5329,9
80950	9536	80950	43,2	80950	0	80950	1	80950	5329,9
80960	9537	80960	49	80960	0	80960	1	80960	5329,9
80970	9538	80970	25,3	80970	0	80970	1	80970	5329,9
80980	9539	80980	32,6	80980	0	80980	1	80980	5329,9
80990	9540	80990	44,4	80990	0	80990	1	80990	5329,9
81000	9541	81000	47,4	81000	0	81000	1	81000	5329,9
81010	9542	81010	46,2	81010	0	81010	1	81010	5329,9
81020	9543	81020	51,6	81020	0	81020	1	81020	5329,9
81030	9544	81030	44,4	81030	0	81030	1	81030	5329,9
81040	9545	81040	43	81040	0	81040	1	81040	5329,9
81050	9546	81050	35,5	81050	0	81050	1	81050	5329,9
81060	9547	81060	41,5	81060	0	81060	1	81060	5329,9
81070	9548	81070	48,6	81070	0	81070	6	81070	5329,9
81080	9549	81080	92,3	81080	0	81080	1	81080	5329,9
81090	9550	81090	41,3	81090	0	81090	1	81090	5329,9
81100	9551	81100	52,9	81100	0	81100	1	81100	5329,9
81110	9552	81110	44,8	81110	0	81110	1	81110	5329,9
81120	9553	81120	36,7	81120	0	81120	1	81120	5329,9
81130	9554	81130	48,7	81130	0	81130	1	81130	5329,9
81140	9555	81140	47,9	81140	0	81140	1	81140	5329,9
81150	9556	81150	50,2	81150	0	81150	1	81150	5329,9
81160	9557	81160	47	81160	0	81160	1	81160	5329,9
81170	9558	81170	48	81170	0	81170	1	81170	5329,9
81180	9559	81180	45,9	81180	0	81180	1	81180	5329,9
81190	9560	81190	46,2	81190	0	81190	1	81190	5329,9
81200	9561	81200	46,9	81200	0	81200	1	81200	5329,9
81210	9562	81210	46,6	81210	0	81210	1	81210	5329,9
81220	9563	81220	28,9	81220	0	81220	1	81220	5329,9
81230	9564	81230	40,3	81230	0	81230	6	81230	5329,9
81240	9565	81240	111,2	81240	0	81240	1	81240	5329,9
81250	9566	81250	38,7	81250	0	81250	1	81250	5329,9
81260	9567	81260	37,5	81260	0	81260	1	81260	5329,9
81270	9568	81270	39,6	81270	0	81270	1	81270	5329,9
81280	9569	81280	43,3	81280	0	81280	1	81280	5329,9
81290	9570	81290	40,9	81290	0	81290	1	81290	5329,9
81300	9571	81300	46,1	81300	0	81300	1	81300	5329,9
81310	9572	81310	40,2	81310	0	81310	1	81310	5329,9
81320	9573	81320	42,5	81320	0	81320	1	81320	5329,9
81330	9574	81330	49,3	81330	0	81330	1	81330	5329,9
81340	9575	81340	49,1	81340	0	81340	1	81340	5329,9
81350	9576	81350	51,4	81350	0	81350	1	81350	5329,9
81360	9577	81360	29,2	81360	0	81360	1	81360	5329,9
81370	9578	81370	24,8	81370	0	81370	1	81370	5329,9
81380	9579	81380	24,6	81380	0	81380	1	81380	5329,9
81390	9580	81390	20,1	81390	0	81390	4	81390	5329,9
81400	9581	81400	40	81400	0	81400	1	81400	5329,9
81410	9582	81410	19,9	81410	0	81410	1	81410	5329,9
81420	9583	81420	22,6	81420	0	81420	1	81420	5329,9
81430	9584	81430	23,7	81430	0	81430	1	81430	5329,9
81440	9585	81440	24,5	81440	0	81440	1	81440	5329,9
81450	9586	81450	51,3	81450	0	81450	1	81450	5329,9
81460	9587	81460	27,1	81460	0	81460	1	81460	5329,9
81470	9588	81470	25,3	81470	0	81470	1	81470	5329,9
81480	9589	81480	23,9	81480	0	81480	1	81480	5329,9
81490	9590	81490	27,7	81490	0	81490	1	81490	5329,9
81500	9591	81500	51,9	81500	0	81500	1	81500	5329,9
81510	9592	81510	43,3	81510	0	81510	1	81510	5329,9
81520	9593	81520	48,3	81520	0	81520	1	81520	5329,9
81530	9594	81530	39,1	81530	0	81530	1	81530	5329,9
81540	9595	81540	45,7	81540	0	81540	1	81540	5329,9
81550	9596	81550	46,5	81550	0	81550	1	81550	5329,9
81560	9597	81560	46	81560	0	81560	1	81560	5329,9
81570	9598	81570	43,5	81570	0	81570	2	81570	5329,9
81580	9599	81580	65,9	81580	0	81580	1	81580	5329,9
81590	9600	81590	45,5	81590	0	81590	1	81590	5329,9
81600	9601	81600	48,3	81600	0	81600	1	81600	5329,9
81610	9602	81610	51,3	81610	0	81610	1	81610	5329,9
81620	9603	81620	45,4	81620	0	81620	1	81620	5329,9
81630	9604	81630	51	81630	0	81630	1	81630	5329,9
81640	9605	81640	46,3	81640	0	81640	1	81640	5329,9
81650	9606	81650	55,6	81650	0	81650	1	81650	5329,9
81660	9607	81660	45,5	81660	0	81660	1	81660	5329,9
81670	9608	81670	43,4	81670	0	81670	1	81670	5329,9
81680	9609	81680	51,7	81680	0	81680	1	81680	5329,9
81690	9610	81690	43,2	81690	0	81690	1	81690	5329,9
81700	9611	81700	55,6	81700	0	81700	1	81700	5329,9
81710	9612	81710	45,8	81710	0	81710	1	81710	5329,9
81720	9613	81720	37,3	81720	0	81720	1	81720	5329,9
81730	9614	81730	48,1	81730	0	81730	3	81730	5329,9
81740	9615	81740	85,6	81740	0	81740	1	81740	5329,9
81750	9616	81750	45,2	81750	0	81750	1	81750	5329,9
81760	9617	81760	43,3	81760	0	81760	1	81760	5329,9
81770	9618	81770	44,5	81770	0	81770	1	81770	5329,9
81780	9619	81780	44,2	81780	0	81780	1	81780	5329,9
81790	9620	81790	40,5	81790	0	81790	1	81790	5329,9
81800	9621	81800	44,4	81800	0	81800	1	81800	5329,9
81810	9622	81810	51,5	81810	0	81810	1	81810	5329,9
81820	9623	81820	49,3	81820	0	81820	1	81820	5329,9
81830	9624	81830	43,2	81830	0	81830	1	81830	5329,9
81840	9625	81840	47,4	81840	0	81840	1	81840	5329,9
81850	9626	81850	50,2	81850	0	81850	1	81850	5329,9
81860	9627	81860	43,9	81860	0	81860	1	81860	5329,9
81870	9628	81870	50,9	81870	0	81870	1	81870	5329,9
81880	9629	81880	45	81880	0	81880	1	81880	5329,9
81890	9630	81890	48,5	81890	0	81890	1	81890	5329,9
81900	9631	81900	44,8	81900	0	81900	1	81900	5329,9
81910	9632	81910	43,5	81910	0	81910	2	81910	5329,9
81920	9633	81920	67,6	81920	0	81920	1	81920	5329,9
81930	9634	81930	41,2	81930	0	81930	1	81930	5329,9
81940	9635	81940	48,9	81940	0	81940	1	81940	5329,9
81950	9636	81950	39,5	81950	0	81950	1	81950	5329,9
81960	9637	81960	40,2	81960	0	81960	1	81960	5329,9
81970	9638	81970	43,6	81970	0	81970	1	81970	5329,9
81980	9639	81980	47,4	81980	0	81980	1	81980	5329,9
81990	9640	81990	47,5	81990	0	81990	1	81990	5329,9
82000	9641	82000	42	82000	0	82000	1	82000	5329,9
82010	9642	82010	32,6	82010	0	82010	1	82010	5329,9
82020	9643	82020	45	82020	0	82020	1	82020	5329,9
82030	9644	82030	33,7	82030	0	82030	1	82030	5329,9
82040	9645	82040	22,9	82040	0	82040	1	82040	5329,9
82050	9646	82050	21,9	82050	0	82050	1	82050	5329,9
82060	9647	82060	46,3	82060	0	82060	1	82060	5329,9
82070	9648	82070	44,3	82070	0	82070	3	82070	5329,9
82080	9649	82080	36,4	82080	0	82080	1	82080	5329,9
82090	9650	82090	27,4	82090	0	82090	1	82090	5329,9
82100	9651	82100	53,2	82100	0	82100	1	82100	5329,9
82110	9652	82110	40	82110	0	82110	1	82110	5329,9
82120	9653	82120	35,7	82120	0	82120	1	82120	5329,9
82130	9654	82130	38,3	82130	0	82130	1	82130	5329,9
82140	9655	82140	42,7	82140	0	82140	1	82140	5329,9
82150	9656	82150	23,7	82150	0	82150	1	82150	5329,9
82160	9657	82160	23,9	82160	0	82160	1	82160	5329,9
82170	9658	82170	46,7	82170	0	82170	1	82170	5329,9
82180	9659	82180	27	82180	0	82180	1	82180	5329,9
82190	9660	82190	27,9	82190	0	82190	1	82190	5329,9
82200	9661	82200	28	82200	0	82200	1	82200	5329,9
82210	9662	82210	25,1	82210	0	82210	1	82210	5329,9
82220	9663	82220	25,4	82220	0	82220	1	82220	5329,9
82230	9664	82230	23,7	82230	0	82230	3	82230	5329,9
82240	9665	82240	35,4	82240	0	82240	6	82240	5329,9
82250	9666	82250	45,6	82250	0	82250	1	82250	5329,9
82260	9667	82260	30,3	82260	0	82260	1	82260	5329,9
82270	9668	82270	25,8	82270	0	82270	1	82270	5329,9
82280	9669	82280	26,1	82280	0	82280	1	82280	5329,9
82290	9670	82290	25,9	82290	0	82290	1	82290	5329,9
82300	9671	82300	26	82300	0	82300	1	82300	5329,9
82310	9672	82310	41,6	82310	0	82310	1	82310	5329,9
82320	9673	82320	26,3	82320	0	82320	1	82320	5329,9
82330	9674	82330	25,8	82330	0	82330	1	82330	5329,9
82340	9675	82340	24,2	82340	0	82340	1	82340	5329,9
82350	9676	82350	23,9	82350	0	82350	1	82350	5329,9
82360	9677	82360	23,6	82360	0	82360	1	82360	5329,9
82370	9678	82370	26,2	82370	0	82370	1	82370	5329,9
82380	9679	82380	25,3	82380	0	82380	1	82380	5329,9
82390	9680	82390	24,6	82390	0	82390	1	82390	5329,9
82400	9681	82400	26	82400	0	82400	1	82400	5329,9
82410	9682	82410	32,9	82410	0	82410	4	82410	5329,9
82420	9683	82420	44,7	82420	0	82420	1	82420	5329,9
82430	9684	82430	38,9	82430	0	82430	1	82430	5329,9
82440	9685	82440	32,4	82440	0	82440	1	82440	5329,9
82450	9686	82450	44,8	82450	0	82450	1	82450	5329,9
82460	9687	82460	47	82460	0	82460	1	82460	5329,9
82470	9688	82470	45,1	82470	0	82470	1	82470	5329,9
82480	9689	82480	43,4	82480	0	82480	1	82480	5329,9
82490	9690	82490	51,5	82490	0	82490	1	82490	5329,9
82500	9691	82500	49,3	82500	0	82500	1	82500	5329,9
82510	9692	82510	45,4	82510	0	82510	1	82510	5329,9
82520	9693	82520	43,7	82520	0	82520	1	82520	5329,9
82530	9694	82530	53,9	82530	0	82530	1	82530	5329,9
82540	9695	82540	49,4	82540	0	82540	1	82540	5329,9
82550	9696	82550	47,4	82550	0	82550	1	82550	5329,9
82560	9697	82560	45,4	82560	0	82560	1	82560	5329,9
82570	9698	82570	35,5	82570	0	82570	2	82570	5329,9
82580	9699	82580	43,7	82580	0	82580	1	82580	5329,9
82590	9700	82590	25,1	82590	0	82590	1	82590	5329,9
82600	9701	82600	25,2	82600	0	82600	1	82600	5329,9
82610	9702	82610	27,3	82610	0	82610	1	82610	5329,9
82620	9703	82620	31,1	82620	0	82620	1	82620	5329,9
82630	9704	82630	49,9	82630	0	82630	1	82630	5329,9
82640	9705	82640	27,4	82640	0	82640	1	82640	5329,9
82650	9706	82650	42,4	82650	0	82650	1	82650	5329,9
82660	9707	82660	46,6	82660	0	82660	1	82660	5329,9
82670	9708	82670	50,4	82670	0	82670	1	82670	5329,9
82680	9709	82680	48,2	82680	0	82680	1	82680	5329,9
82690	9710	82690	50,3	82690	0	82690	1	82690	5329,9
82700	9711	82700	42,5	82700	0	82700	1	82700	5329,9
82710	9712	82710	43,4	82710	0	82710	1	82710	5329,9
82720	9713	82720	34,8	82720	0	82720	3	82720	5329,9
82730	9714	82730	48	82730	0	82730	1	82730	5329,9
82740	9715	82740	57,6	82740	0	82740	3	82740	5329,9
82750	9716	82750	76	82750	0	82750	1	82750	5329,9
82760	9717	82760	50,8	82760	0	82760	1	82760	5329,9
82770	9718	82770	41,5	82770	0	82770	1	82770	5329,9
82780	9719	82780	31,9	82780	0	82780	1	82780	5329,9
82790	9720	82790	35,3	82790	0	82790	1	82790	5329,9
82800	9721	82800	31,3	82800	0	82800	1	82800	5329,9
82810	9722	82810	40,9	82810	0	82810	1	82810	5329,9
82820	9723	82820	46,4	82820	0	82820	1	82820	5329,9
82830	9724	82830	43,9	82830	0	82830	1	82830	5329,9
82840	9725	82840	51,4	82840	0	82840	1	82840	5329,9
82850	9726	82850	51,6	82850	0	82850	1	82850	5329,9
82860	9727	82860	50,1	82860	0	82860	1	82860	5329,9
82870	9728	82870	54,1	82870	0	82870	1	82870	5329,9
82880	9729	82880	48,1	82880	0	82880	1	82880	5329,9
82890	9730	82890	53,3	82890	0	82890	1	82890	5329,9
82900	9731	82900	36,8	82900	0	82900	1	82900	5329,9
82910	9732	82910	27,4	82910	0	82910	6	82910	5329,9
82920	9733	82920	67,6	82920	0	82920	1	82920	5329,9
82930	9734	82930	32,6	82930	0	82930	1	82930	5329,9
82940	9735	82940	47,3	82940	0	82940	1	82940	5329,9
82950	9736	82950	40,9	82950	0	82950	1	82950	5329,9
82960	9737	82960	33,1	82960	0	82960	1	82960	5329,9
82970	9738	82970	29,2	82970	0	82970	1	82970	5329,9
82980	9739	82980	52,4	82980	0	82980	1	82980	5329,9
82990	9740	82990	48,7	82990	0	82990	1	82990	5329,9
83000	9741	83000	48,3	83000	0	83000	1	83000	5329,9
83010	9742	83010	50,4	83010	0	83010	1	83010	5329,9
83020	9743	83020	51	83020	0	83020	1	83020	5329,9
83030	9744	83030	49,2	83030	0	83030	1	83030	5329,9
83040	9745	83040	33,6	83040	0	83040	1	83040	5329,9
83050	9746	83050	24,5	83050	0	83050	1	83050	5329,9
83060	9747	83060	39,3	83060	0	83060	1	83060	5329,9
83070	9748	83070	23,7	83070	0	83070	1	83070	5329,9
83080	9749	83080	41,8	83080	0	83080	4	83080	5329,9
83090	9750	83090	78,7	83090	0	83090	1	83090	5329,9
83100	9751	83100	42,8	83100	0	83100	1	83100	5329,9
83110	9752	83110	42,3	83110	0	83110	1	83110	5329,9
83120	9753	83120	46,5	83120	0	83120	1	83120	5329,9
83130	9754	83130	30,3	83130	0	83130	1	83130	5329,9
83140	9755	83140	35,7	83140	0	83140	1	83140	5329,9
83150	9756	83150	26,6	83150	0	83150	1	83150	5329,9
83160	9757	83160	42,1	83160	0	83160	1	83160	5329,9
83170	9758	83170	45,1	83170	0	83170	1	83170	5329,9
83180	9759	83180	44,9	83180	0	83180	1	83180	5329,9
83190	9760	83190	46,4	83190	0	83190	1	83190	5329,9
83200	9761	83200	39,1	83200	0	83200	1	83200	5329,9
83210	9762	83210	48,4	83210	0	83210	1	83210	5329,9
83220	9763	83220	45,7	83220	0	83220	1	83220	5329,9
83230	9764	83230	46,2	83230	0	83230	1	83230	5329,9
83240	9765	83240	34,7	83240	0	83240	1	83240	5329,9
83250	9766	83250	23,2	83250	0	83250	1	83250	5329,9
83260	9767	83260	32,7	83260	0	83260	3	83260	5329,9
83270	9768	83270	78,1	83270	0	83270	1	83270	5329,9
83280	9769	83280	43,1	83280	0	83280	1	83280	5329,9
83290	9770	83290	47,1	83290	0	83290	1	83290	5329,9
83300	9771	83300	47,7	83300	0	83300	1	83300	5329,9
83310	9772	83310	43,1	83310	0	83310	1	83310	5329,9
83320	9773	83320	44,4	83320	0	83320	1	83320	5329,9
83330	9774	83330	56,7	83330	0	83330	1	83330	5329,9
83340	9775	83340	43,8	83340	0	83340	1	83340	5329,9
83350	9776	83350	41,4	83350	0	83350	1	83350	5329,9
83360	9777	83360	40,3	83360	0	83360	1	83360	5329,9
83370	9778	83370	41	83370	0	83370	1	83370	5329,9
83380	9779	83380	52,9	83380	0	83380	1	83380	5329,9
83390	9780	83390	45	83390	0	83390	1	83390	5329,9
83400	9781	83400	58,6	83400	0	83400	1	83400	5329,9
83410	9782	83410	45	83410	0	83410	1	83410	5329,9
83420	9783	83420	42,6	83420	0	83420	1	83420	5329,9
83430	9784	83430	57,1	83430	0	83430	4	83430	5329,9
83440	9785	83440	85,3	83440	0	83440	1	83440	5329,9
83450	9786	83450	49,7	83450	0	83450	1	83450	5329,9
83460	9787	83460	46,6	83460	0	83460	1	83460	5329,9
83470	9788	83470	48,3	83470	0	83470	1	83470	5329,9
83480	9789	83480	39,3	83480	0	83480	1	83480	5329,9
83490	9790	83490	48,3	83490	0	83490	1	83490	5329,9
83500	9791	83500	50,5	83500	0	83500	1	83500	5329,9
83510	9792	83510	44,5	83510	0	83510	1	83510	5329,9
83520	9793	83520	29,2	83520	0	83520	1	83520	5329,9
83530	9794	83530	43,1	83530	0	83530	1	83530	5329,9
83540	9795	83540	47,3	83540	0	83540	1	83540	5329,9
83550	9796	83550	42,7	83550	0	83550	1	83550	5329,9
83560	9797	83560	53,7	83560	0	83560	1	83560	5329,9
83570	9798	83570	43,8	83570	0	83570	1	83570	5329,9
83580	9799	83580	49,9	83580	0	83580	1	83580	5329,9
83590	9800	83590	44	83590	0	83590	4	83590	5329,9
83600	9801	83600	87,6	83600	0	83600	1	83600	5329,9
83610	9802	83610	35,1	83610	0	83610	1	83610	5329,9
83620	9803	83620	46,6	83620	0	83620	1	83620	5329,9
83630	9804	83630	45,5	83630	0	83630	1	83630	5329,9
83640	9805	83640	50,8	83640	0	83640	1	83640	5329,9
83650	9806	83650	40,6	83650	0	83650	1	83650	5329,9
83660	9807	83660	38,3	83660	0	83660	1	83660	5329,9
83670	9808	83670	45	83670	0	83670	1	83670	5329,9
83680	9809	83680	43,4	83680	0	83680	1	83680	5329,9
83690	9810	83690	54,7	83690	0	83690	1	83690	5329,9
83700	9811	83700	45,2	83700	0	83700	1	83700	5329,9
83710	9812	83710	36,1	83710	0	83710	1	83710	5329,9
83720	9813	83720	37,9	83720	0	83720	1	83720	5329,9
83730	9814	83730	40,9	83730	0	83730	1	83730	5329,9
83740	9815	83740	53,6	83740	0	83740	1	83740	5329,9
83750	9816	83750	46,9	83750	0	83750	6	83750	5329,9
83760	9817	83760	104,5	83760	0	83760	3	83760	5329,9
83770	9818	83770	68,5	83770	0	83770	3	83770	5329,9
83780	9819	83780	58,4	83780	0	83780	3	83780	5329,9
83790	9820	83790	51,7	83790	0	83790	3	83790	5329,9
83800	9821	83800	60,8	83800	0	83800	3	83800	5329,9
83810	9822	83810	52,7	83810	0	83810	3	83810	5329,9
83820	9823	83820	44	83820	0	83820	3	83820	5329,9
83830	9824	83830	51,8	83830	0	83830	3	83830	5329,9
83840	9825	83840	57,7	83840	0	83840	3	83840	5329,9
83850	9826	83850	61,5	83850	0	83850	3	83850	5329,9
83860	9827	83860	66,7	83860	0	83860	3	83860	5329,9
83870	9828	83870	64,1	83870	0	83870	3	83870	5329,9
83880	9829	83880	58,7	83880	0	83880	3	83880	5329,9
83890	9830	83890	44,6	83890	0	83890	3	83890	5329,9
83900	9831	83900	37,1	83900	0	83900	3	83900	5329,9
83910	9832	83910	36,7	83910	0	83910	6	83910	5329,9
83920	9833	83920	85	83920	0	83920	1	83920	5329,9
83930	9834	83930	43	83930	0	83930	1	83930	5329,9
83940	9835	83940	40,6	83940	0	83940	1	83940	5329,9
83950	9836	83950	47,7	83950	0	83950	1	83950	5329,9
83960	9837	83960	66,1	83960	0	83960	1	83960	5329,9
83970	9838	83970	52,9	83970	0	83970	1	83970	5329,9
83980	9839	83980	41,6	83980	0	83980	1	83980	5329,9
83990	9840	83990	52,6	83990	0	83990	1	83990	5329,9
84000	9841	84000	42,4	84000	0	84000	1	84000	5329,9
84010	9842	84010	40,9	84010	0	84010	1	84010	5329,9
84020	9843	84020	52,4	84020	0	84020	1	84020	5329,9
84030	9844	84030	43,5	84030	0	84030	1	84030	5329,9
84040	9845	84040	39,6	84040	0	84040	1	84040	5329,9
84050	9846	84050	44,1	84050	0	84050	1	84050	5329,9
84060	9847	84060	47,5	84060	0	84060	1	84060	5329,9
84070	9848	84070	47,5	84070	0	84070	1	84070	5329,9
84080	9849	84080	42,9	84080	0	84080	6	84080	5329,9
84090	9850	84090	50,3	84090	0	84090	1	84090	5329,9
84100	9851	84100	38,7	84100	0	84100	1	84100	5329,9
84110	9852	84110	37,6	84110	0	84110	1	84110	5329,9
84120	9853	84120	54,4	84120	0	84120	1	84120	5329,9
84130	9854	84130	45,7	84130	0	84130	1	84130	5329,9
84140	9855	84140	53	84140	0	84140	1	84140	5329,9
84150	9856	84150	45,3	84150	0	84150	1	84150	5329,9
84160	9857	84160	43,3	84160	0	84160	1	84160	5329,9
84170	9858	84170	52,9	84170	0	84170	1	84170	5329,9
84180	9859	84180	44,7	84180	0	84180	1	84180	5329,9
84190	9860	84190	48,8	84190	0	84190	1	84190	5329,9
84200	9861	84200	33,6	84200	0	84200	1	84200	5329,9
84210	9862	84210	42,5	84210	0	84210	1	84210	5329,9
84220	9863	84220	44,2	84220	0	84220	1	84220	5329,9
84230	9864	84230	53,6	84230	0	84230	1	84230	5329,9
84240	9865	84240	42,7	84240	0	84240	6	84240	5329,9
84250	9866	84250	92,5	84250	0	84250	1	84250	5329,9
84260	9867	84260	43,2	84260	0	84260	1	84260	5329,9
84270	9868	84270	46,9	84270	0	84270	1	84270	5329,9
84280	9869	84280	33,6	84280	0	84280	1	84280	5329,9
84290	9870	84290	40,7	84290	0	84290	1	84290	5329,9
84300	9871	84300	40,2	84300	0	84300	1	84300	5329,9
84310	9872	84310	40,8	84310	0	84310	1	84310	5329,9
84320	9873	84320	38,8	84320	0	84320	1	84320	5329,9
84330	9874	84330	44,1	84330	0	84330	1	84330	5329,9
84340	9875	84340	51	84340	0	84340	1	84340	5329,9
84350	9876	84350	47,3	84350	0	84350	1	84350	5329,9
84360	9877	84360	59	84360	0	84360	1	84360	5329,9
84370	9878	84370	44,2	84370	0	84370	1	84370	5329,9
84380	9879	84380	41,5	84380	0	84380	1	84380	5329,9
84390	9880	84390	45,8	84390	0	84390	1	84390	5329,9
84400	9881	84400	46,6	84400	0	84400	1	84400	5329,9
84410	9882	84410	44,2	84410	0	84410	6	84410	5329,9
84420	9883	84420	99,6	84420	0	84420	3	84420	5329,9
84430	9884	84430	63,4	84430	0	84430	3	84430	5329,9
84440	9885	84440	53,3	84440	0	84440	3	84440	5329,9
84450	9886	84450	56	84450	0	84450	3	84450	5329,9
84460	9887	84460	54	84460	0	84460	3	84460	5329,9
84470	9888	84470	46,8	84470	0	84470	3	84470	5329,9
84480	9889	84480	54,7	84480	0	84480	3	84480	5329,9
84490	9890	84490	50,9	84490	0	84490	3	84490	5329,9
84500	9891	84500	57,4	84500	0	84500	3	84500	5329,9
84510	9892	84510	59,5	84510	0	84510	3	84510	5329,9
84520	9893	84520	56,7	84520	0	84520	3	84520	5329,9
84530	9894	84530	55,5	84530	0	84530	3	84530	5329,9
84540	9895	84540	59,4	84540	0	84540	3	84540	5329,9
84550	9896	84550	70,8	84550	0	84550	3	84550	5329,9
84560	9897	84560	60,3	84560	0	84560	3	84560	5329,9
84570	9898	84570	58,6	84570	0	84570	4	84570	5329,9
84580	9899	84580	69,3	84580	0	84580	3	84580	5329,9
84590	9900	84590	57,7	84590	0	84590	3	84590	5329,9
84600	9901	84600	30,1	84600	0	84600	3	84600	5329,9
84610	9902	84610	57,7	84610	0	84610	3	84610	5329,9
84620	9903	84620	41	84620	0	84620	3	84620	5329,9
84630	9904	84630	34,8	84630	0	84630	3	84630	5329,9
84640	9905	84640	42,3	84640	0	84640	3	84640	5329,9
84650	9906	84650	61,8	84650	0	84650	3	84650	5329,9
84660	9907	84660	62,2	84660	0	84660	3	84660	5329,9
84670	9908	84670	67,4	84670	0	84670	3	84670	5329,9
84680	9909	84680	70,2	84680	0	84680	3	84680	5329,9
84690	9910	84690	65	84690	0	84690	3	84690	5329,9
84700	9911	84700	41,9	84700	0	84700	3	84700	5329,9
84710	9912	84710	49,7	84710	0	84710	3	84710	5329,9
84720	9913	84720	34,6	84720	0	84720	3	84720	5329,9
84730	9914	84730	36,3	84730	0	84730	6	84730	5329,9
84740	9915	84740	53,5	84740	0	84740	3	84740	5329,9
84750	9916	84750	54	84750	0	84750	1	84750	5329,9
84760	9917	84760	28,8	84760	0	84760	1	84760	5329,9
84770	9918	84770	30,8	84770	0	84770	1	84770	5329,9
84780	9919	84780	21,5	84780	0	84780	1	84780	5329,9
84790	9920	84790	38,6	84790	0	84790	1	84790	5329,9
84800	9921	84800	35,6	84800	0	84800	1	84800	5329,9
84810	9922	84810	41	84810	0	84810	1	84810	5329,9
84820	9923	84820	25,7	84820	0	84820	1	84820	5329,9
84830	9924	84830	29,3	84830	0	84830	1	84830	5329,9
84840	9925	84840	29,7	84840	0	84840	1	84840	5329,9
84850	9926	84850	47,7	84850	0	84850	1	84850	5329,9
84860	9927	84860	35,4	84860	0	84860	1	84860	5329,9
84870	9928	84870	27,6	84870	0	84870	1	84870	5329,9
84880	9929	84880	44,9	84880	0	84880	1	84880	5329,9
84890	9930	84890	29,4	84890	0	84890	1	84890	5329,9
84900	9931	84900	20,8	84900	0	84900	1	84900	5329,9
84910	9932	84910	27,5	84910	0	84910	4	84910	5329,9
84920	9933	84920	47,5	84920	0	84920	1	84920	5329,9
84930	9934	84930	29,8	84930	0	84930	1	84930	5329,9
84940	9935	84940	26,9	84940	0	84940	1	84940	5329,9
84950	9936	84950	49,5	84950	0	84950	1	84950	5329,9
84960	9937	84960	28	84960	0	84960	1	84960	5329,9
84970	9938	84970	43,8	84970	0	84970	1	84970	5329,9
84980	9939	84980	34,8	84980	0	84980	1	84980	5329,9
84990	9940	84990	31,8	84990	0	84990	1	84990	5329,9
85000	9941	85000	48,3	85000	0	85000	1	85000	5329,9
85010	9942	85010	47,8	85010	0	85010	1	85010	5329,9
85020	9943	85020	33,2	85020	0	85020	1	85020	5329,9
85030	9944	85030	38	85030	0	85030	1	85030	5329,9
85040	9945	85040	34,4	85040	0	85040	1	85040	5329,9
85050	9946	85050	48,1	85050	0	85050	1	85050	5329,9
85060	9947	85060	43,1	85060	0	85060	1	85060	5329,9
85070	9948	85070	40,7	85070	0	85070	1	85070	5329,9
85080	9949	85080	38,9	85080	0	85080	4	85080	5329,9
85090	9950	85090	59,5	85090	0	85090	1	85090	5329,9
85100	9951	85100	40,6	85100	0	85100	1	85100	5329,9
85110	9952	85110	60,3	85110	0	85110	1	85110	5329,9
85120	9953	85120	57,4	85120	0	85120	1	85120	5329,9
85130	9954	85130	45	85130	0	85130	1	85130	5329,9
85140	9955	85140	55,1	85140	0	85140	1	85140	5329,9
85150	9956	85150	55,5	85150	0	85150	1	85150	5329,9
85160	9957	85160	47,1	85160	0	85160	1	85160	5329,9
85170	9958	85170	47,3	85170	0	85170	1	85170	5329,9
85180	9959	85180	48,4	85180	0	85180	1	85180	5329,9
85190	9960	85190	50,5	85190	0	85190	1	85190	5329,9
85200	9961	85200	44,7	85200	0	85200	1	85200	5329,9
85210	9962	85210	41,3	85210	0	85210	1	85210	5329,9
85220	9963	85220	47,3	85220	0	85220	1	85220	5329,9
85230	9964	85230	42,6	85230	0	85230	1	85230	5329,9
85240	9965	85240	45,4	85240	0	85240	1	85240	5329,9
85250	9966	85250	48,3	85250	0	85250	5	85250	5329,9
85260	9967	85260	91,3	85260	0	85260	3	85260	5329,9
85270	9968	85270	66,2	85270	0	85270	3	85270	5329,9
85280	9969	85280	62,8	85280	0	85280	3	85280	5329,9
85290	9970	85290	61,6	85290	0	85290	3	85290	5329,9
85300	9971	85300	63,7	85300	0	85300	3	85300	5329,9
85310	9972	85310	66,3	85310	0	85310	3	85310	5329,9
85320	9973	85320	68,9	85320	0	85320	3	85320	5329,9
85330	9974	85330	68,3	85330	0	85330	3	85330	5329,9
85340	9975	85340	62	85340	0	85340	3	85340	5329,9
85350	9976	85350	69,4	85350	0	85350	3	85350	5329,9
85360	9977	85360	50,7	85360	0	85360	3	85360	5329,9
85370	9978	85370	63,7	85370	0	85370	3	85370	5329,9
85380	9979	85380	63,2	85380	0	85380	3	85380	5329,9
85390	9980	85390	65,5	85390	0	85390	3	85390	5329,9
85400	9981	85400	36,5	85400	0	85400	3	85400	5329,9
85410	9982	85410	32,1	85410	0	85410	6	85410	5329,9
85420	9983	85420	71,1	85420	0	85420	3	85420	5329,9
85430	9984	85430	27,6	85430	0	85430	3	85430	5329,9
85440	9985	85440	56,3	85440	0	85440	3	85440	5329,9
85450	9986	85450	52,7	85450	0	85450	3	85450	5329,9
85460	9987	85460	54	85460	0	85460	3	85460	5329,9
85470	9988	85470	62,6	85470	0	85470	3	85470	5329,9
85480	9989	85480	42,3	85480	0	85480	3	85480	5329,9
85490	9990	85490	57,2	85490	0	85490	3	85490	5329,9
85500	9991	85500	62,1	85500	0	85500	3	85500	5329,9
85510	9992	85510	65,2	85510	0	85510	3	85510	5329,9
85520	9993	85520	70,6	85520	0	85520	3	85520	5329,9
85530	9994	85530	66,7	85530	0	85530	3	85530	5329,9
85540	9995	85540	68,7	85540	0	85540	3	85540	5329,9
85550	9996	85550	36,8	85550	0	85550	3	85550	5329,9
85560	9997	85560	34	85560	0	85560	3	85560	5329,9
85570	9998	85570	36,6	85570	0	85570	3	85570	5329,9
85580	9999	85580	55,1	85580	0	85580	6	85580	5329,9
85590	10000	85590	52,2	85590	0	85590	3	85590	5329,9
85600	10001	85600	51,3	85600	0	85600	3	85600	5329,9
85610	10002	85610	39,3	85610	0	85610	3	85610	5329,9
85620	10003	85620	48,5	85620	0	85620	3	85620	5329,9
85630	10004	85630	33,6	85630	0	85630	3	85630	5329,9
85640	10005	85640	44,2	85640	0	85640	3	85640	5329,9
85650	10006	85650	60,9	85650	0	85650	3	85650	5329,9
85660	10007	85660	57,8	85660	0	85660	3	85660	5329,9
85670	10008	85670	56,5	85670	0	85670	3	85670	5329,9
85680	10009	85680	52,5	85680	0	85680	3	85680	5329,9
85690	10010	85690	34,2	85690	0	85690	3	85690	5329,9
85700	10011	85700	57,9	85700	0	85700	3	85700	5329,9
85710	10012	85710	32,4	85710	0	85710	3	85710	5329,9
85720	10013	85720	30,7	85720	0	85720	3	85720	5329,9
85730	10014	85730	47,6	85730	0	85730	3	85730	5329,9
85740	10015	85740	41	85740	0	85740	5	85740	5329,9
85750	10016	85750	78,6	85750	0	85750	6	85750	5329,9
85760	10017	85760	94,6	85760	0	85760	3	85760	5329,9
85770	10018	85770	35,5	85770	0	85770	3	85770	5329,9
85780	10019	85780	43,1	85780	0	85780	3	85780	5329,9
85790	10020	85790	67,5	85790	0	85790	3	85790	5329,9
85800	10021	85800	37	85800	0	85800	3	85800	5329,9
85810	10022	85810	62	85810	0	85810	3	85810	5329,9
85820	10023	85820	61,2	85820	0	85820	3	85820	5329,9
85830	10024	85830	35	85830	0	85830	3	85830	5329,9
85840	10025	85840	34	85840	0	85840	3	85840	5329,9
85850	10026	85850	38,4	85850	0	85850	3	85850	5329,9
85860	10027	85860	35,5	85860	0	85860	3	85860	5329,9
85870	10028	85870	34,2	85870	0	85870	3	85870	5329,9
85880	10029	85880	36,3	85880	0	85880	3	85880	5329,9
85890	10030	85890	33,6	85890	0	85890	3	85890	5329,9
85900	10031	85900	33,4	85900	0	85900	3	85900	5329,9
85910	10032	85910	34,5	85910	0	85910	4	85910	5329,9
85920	10033	85920	57,1	85920	0	85920	3	85920	5329,9
85930	10034	85930	42,6	85930	0	85930	3	85930	5329,9
85940	10035	85940	34	85940	0	85940	3	85940	5329,9
85950	10036	85950	50,6	85950	0	85950	3	85950	5329,9
85960	10037	85960	47,9	85960	0	85960	3	85960	5329,9
85970	10038	85970	62,3	85970	0	85970	3	85970	5329,9
85980	10039	85980	63,7	85980	0	85980	3	85980	5329,9
85990	10040	85990	60,8	85990	0	85990	3	85990	5329,9
86000	10041	86000	58	86000	0	86000	3	86000	5329,9
86010	10042	86010	59,7	86010	0	86010	3	86010	5329,9
86020	10043	86020	62,4	86020	0	86020	3	86020	5329,9
86030	10044	86030	55,5	86030	0	86030	3	86030	5329,9
86040	10045	86040	58	86040	0	86040	3	86040	5329,9
86050	10046	86050	58,2	86050	0	86050	3	86050	5329,9
86060	10047	86060	60,2	86060	0	86060	3	86060	5329,9
86070	10048	86070	63	86070	0	86070	6	86070	5329,9
86080	10049	86080	87,9	86080	0	86080	1	86080	5329,9
86090	10050	86090	48,2	86090	0	86090	1	86090	5329,9
86100	10051	86100	53,8	86100	0	86100	1	86100	5329,9
86110	10052	86110	53,9	86110	0	86110	1	86110	5329,9
86120	10053	86120	50	86120	0	86120	1	86120	5329,9
86130	10054	86130	51,3	86130	0	86130	1	86130	5329,9
86140	10055	86140	46,6	86140	0	86140	1	86140	5329,9
86150	10056	86150	29,2	86150	0	86150	1	86150	5329,9
86160	10057	86160	42,9	86160	0	86160	1	86160	5329,9
86170	10058	86170	48,1	86170	0	86170	1	86170	5329,9
86180	10059	86180	34,3	86180	0	86180	1	86180	5329,9
86190	10060	86190	35,5	86190	0	86190	1	86190	5329,9
86200	10061	86200	33,1	86200	0	86200	1	86200	5329,9
86210	10062	86210	51,6	86210	0	86210	1	86210	5329,9
86220	10063	86220	26,6	86220	0	86220	1	86220	5329,9
86230	10064	86230	43,3	86230	0	86230	1	86230	5329,9
86240	10065	86240	28,1	86240	0	86240	4	86240	5329,9
86250	10066	86250	116,8	86250	0	86250	1	86250	5329,9
86260	10067	86260	43,1	86260	0	86260	1	86260	5329,9
86270	10068	86270	49,9	86270	0	86270	1	86270	5329,9
86280	10069	86280	46,5	86280	0	86280	1	86280	5329,9
86290	10070	86290	50,4	86290	0	86290	1	86290	5329,9
86300	10071	86300	26,2	86300	0	86300	1	86300	5329,9
86310	10072	86310	42,4	86310	0	86310	1	86310	5329,9
86320	10073	86320	27,5	86320	0	86320	1	86320	5329,9
86330	10074	86330	53,3	86330	0	86330	1	86330	5329,9
86340	10075	86340	51,2	86340	0	86340	1	86340	5329,9
86350	10076	86350	44	86350	0	86350	1	86350	5329,9
86360	10077	86360	27	86360	0	86360	1	86360	5329,9
86370	10078	86370	25,6	86370	0	86370	1	86370	5329,9
86380	10079	86380	27,9	86380	0	86380	1	86380	5329,9
86390	10080	86390	46,9	86390	0	86390	4	86390	5329,9
86400	10081	86400	85,1	86400	0	86400	1	86400	5329,9
86410	10082	86410	47,8	86410	0	86410	1	86410	5329,9
86420	10083	86420	55,2	86420	0	86420	1	86420	5329,9
86430	10084	86430	43,7	86430	0	86430	1	86430	5329,9
86440	10085	86440	53,6	86440	0	86440	1	86440	5329,9
86450	10086	86450	46,9	86450	0	86450	1	86450	5329,9
86460	10087	86460	54,9	86460	0	86460	1	86460	5329,9
86470	10088	86470	39,3	86470	0	86470	1	86470	5329,9
86480	10089	86480	49,3	86480	0	86480	1	86480	5329,9
86490	10090	86490	50,7	86490	0	86490	1	86490	5329,9
86500	10091	86500	48,1	86500	0	86500	1	86500	5329,9
86510	10092	86510	51,1	86510	0	86510	1	86510	5329,9
86520	10093	86520	32,3	86520	0	86520	1	86520	5329,9
86530	10094	86530	47,7	86530	0	86530	1	86530	5329,9
86540	10095	86540	57,7	86540	0	86540	1	86540	5329,9
86550	10096	86550	28,1	86550	0	86550	4	86550	5329,9
86560	10097	86560	47,2	86560	0	86560	1	86560	5329,9
86570	10098	86570	41,9	86570	0	86570	1	86570	5329,9
86580	10099	86580	22,3	86580	0	86580	1	86580	5329,9
86590	10100	86590	42	86590	0	86590	1	86590	5329,9
86600	10101	86600	29,4	86600	0	86600	1	86600	5329,9
86610	10102	86610	54	86610	0	86610	1	86610	5329,9
86620	10103	86620	53	86620	0	86620	1	86620	5329,9
86630	10104	86630	51,6	86630	0	86630	1	86630	5329,9
86640	10105	86640	45,7	86640	0	86640	1	86640	5329,9
86650	10106	86650	49,9	86650	0	86650	1	86650	5329,9
86660	10107	86660	46,4	86660	0	86660	1	86660	5329,9
86670	10108	86670	47,8	86670	0	86670	1	86670	5329,9
86680	10109	86680	45,5	86680	0	86680	1	86680	5329,9
86690	10110	86690	48,6	86690	0	86690	1	86690	5329,9
86700	10111	86700	45,5	86700	0	86700	1	86700	5329,9
86710	10112	86710	65,7	86710	0	86710	1	86710	5329,9
86720	10113	86720	33,8	86720	0	86720	6	86720	5329,9
86730	10114	86730	88,1	86730	0	86730	1	86730	5329,9
86740	10115	86740	27,3	86740	0	86740	1	86740	5329,9
86750	10116	86750	37,6	86750	0	86750	1	86750	5329,9
86760	10117	86760	43,3	86760	0	86760	1	86760	5329,9
86770	10118	86770	24,1	86770	0	86770	1	86770	5329,9
86780	10119	86780	25,4	86780	0	86780	1	86780	5329,9
86790	10120	86790	25,3	86790	0	86790	1	86790	5329,9
86800	10121	86800	46,1	86800	0	86800	1	86800	5329,9
86810	10122	86810	45,2	86810	0	86810	1	86810	5329,9
86820	10123	86820	40,8	86820	0	86820	1	86820	5329,9
86830	10124	86830	24,4	86830	0	86830	1	86830	5329,9
86840	10125	86840	27,6	86840	0	86840	1	86840	5329,9
86850	10126	86850	47,5	86850	0	86850	1	86850	5329,9
86860	10127	86860	53,9	86860	0	86860	1	86860	5329,9
86870	10128	86870	46,5	86870	0	86870	1	86870	5329,9
86880	10129	86880	46,9	86880	0	86880	1	86880	5329,9
86890	10130	86890	44,4	86890	0	86890	1	86890	5329,9
86900	10131	86900	48,9	86900	0	86900	3	86900	5329,9
86910	10132	86910	85,2	86910	0	86910	1	86910	5329,9
86920	10133	86920	42	86920	0	86920	1	86920	5329,9
86930	10134	86930	41,7	86930	0	86930	1	86930	5329,9
86940	10135	86940	45,3	86940	0	86940	1	86940	5329,9
86950	10136	86950	31,8	86950	0	86950	1	86950	5329,9
86960	10137	86960	41	86960	0	86960	1	86960	5329,9
86970	10138	86970	31,3	86970	0	86970	1	86970	5329,9
86980	10139	86980	34,3	86980	0	86980	1	86980	5329,9
86990	10140	86990	52,3	86990	0	86990	1	86990	5329,9
87000	10141	87000	29,7	87000	0	87000	1	87000	5329,9
87010	10142	87010	42,5	87010	0	87010	1	87010	5329,9
87020	10143	87020	38	87020	0	87020	1	87020	5329,9
87030	10144	87030	25,8	87030	0	87030	1	87030	5329,9
87040	10145	87040	34,7	87040	0	87040	1	87040	5329,9
87050	10146	87050	47,8	87050	0	87050	1	87050	5329,9
87060	10147	87060	42,1	87060	0	87060	1	87060	5329,9
87070	10148	87070	46,3	87070	0	87070	3	87070	5329,9
87080	10149	87080	59,5	87080	0	87080	1	87080	5329,9
87090	10150	87090	28	87090	0	87090	1	87090	5329,9
87100	10151	87100	43,2	87100	0	87100	1	87100	5329,9
87110	10152	87110	30,4	87110	0	87110	1	87110	5329,9
87120	10153	87120	25,8	87120	0	87120	1	87120	5329,9
87130	10154	87130	29,4	87130	0	87130	1	87130	5329,9
87140	10155	87140	41,3	87140	0	87140	1	87140	5329,9
87150	10156	87150	43,8	87150	0	87150	1	87150	5329,9
87160	10157	87160	35,7	87160	0	87160	1	87160	5329,9
87170	10158	87170	21,6	87170	0	87170	1	87170	5329,9
87180	10159	87180	30,3	87180	0	87180	1	87180	5329,9
87190	10160	87190	38,7	87190	0	87190	1	87190	5329,9
87200	10161	87200	49,5	87200	0	87200	1	87200	5329,9
87210	10162	87210	28,5	87210	0	87210	1	87210	5329,9
87220	10163	87220	37,7	87220	0	87220	1	87220	5329,9
87230	10164	87230	43,6	87230	0	87230	4	87230	5329,9
87240	10165	87240	111,8	87240	0	87240	1	87240	5329,9
87250	10166	87250	27,8	87250	0	87250	1	87250	5329,9
87260	10167	87260	33,9	87260	0	87260	1	87260	5329,9
87270	10168	87270	48,5	87270	0	87270	1	87270	5329,9
87280	10169	87280	105,8	87280	0	87280	1	87280	5329,9
87290	10170	87290	38,7	87290	0	87290	1	87290	5329,9
87300	10171	87300	27,2	87300	0	87300	1	87300	5329,9
87310	10172	87310	26,8	87310	0	87310	1	87310	5329,9
87320	10173	87320	38,4	87320	0	87320	1	87320	5329,9
87330	10174	87330	26,2	87330	0	87330	1	87330	5329,9
87340	10175	87340	49,6	87340	0	87340	1	87340	5329,9
87350	10176	87350	47,1	87350	0	87350	1	87350	5329,9
87360	10177	87360	48,7	87360	0	87360	1	87360	5329,9
87370	10178	87370	45,8	87370	0	87370	1	87370	5329,9
87380	10179	87380	47,9	87380	0	87380	1	87380	5329,9
87390	10180	87390	31,6	87390	0	87390	1	87390	5329,9
87400	10181	87400	30,1	87400	0	87400	6	87400	5329,9
87410	10182	87410	59,6	87410	0	87410	1	87410	5329,9
87420	10183	87420	52,5	87420	0	87420	1	87420	5329,9
87430	10184	87430	53,1	87430	0	87430	1	87430	5329,9
87440	10185	87440	50,4	87440	0	87440	1	87440	5329,9
87450	10186	87450	35,5	87450	0	87450	1	87450	5329,9
87460	10187	87460	33,4	87460	0	87460	1	87460	5329,9
87470	10188	87470	31,4	87470	0	87470	1	87470	5329,9
87480	10189	87480	34,6	87480	0	87480	1	87480	5329,9
87490	10190	87490	47,8	87490	0	87490	1	87490	5329,9
87500	10191	87500	27,1	87500	0	87500	1	87500	5329,9
87510	10192	87510	34,8	87510	0	87510	1	87510	5329,9
87520	10193	87520	53,5	87520	0	87520	1	87520	5329,9
87530	10194	87530	29,7	87530	0	87530	1	87530	5329,9
87540	10195	87540	47	87540	0	87540	1	87540	5329,9
87550	10196	87550	36,9	87550	0	87550	1	87550	5329,9
87560	10197	87560	27,8	87560	0	87560	4	87560	5329,9
87570	10198	87570	47,6	87570	0	87570	1	87570	5329,9
87580	10199	87580	31,1	87580	0	87580	1	87580	5329,9
87590	10200	87590	26,3	87590	0	87590	1	87590	5329,9
87600	10201	87600	27,9	87600	0	87600	1	87600	5329,9
87610	10202	87610	45,3	87610	0	87610	1	87610	5329,9
87620	10203	87620	36,9	87620	0	87620	1	87620	5329,9
87630	10204	87630	27,1	87630	0	87630	1	87630	5329,9
87640	10205	87640	29,7	87640	0	87640	1	87640	5329,9
87650	10206	87650	27,1	87650	0	87650	1	87650	5329,9
87660	10207	87660	48	87660	0	87660	1	87660	5329,9
87670	10208	87670	45,7	87670	0	87670	1	87670	5329,9
87680	10209	87680	29	87680	0	87680	1	87680	5329,9
87690	10210	87690	39,9	87690	0	87690	1	87690	5329,9
87700	10211	87700	35,6	87700	0	87700	1	87700	5329,9
87710	10212	87710	28,3	87710	0	87710	1	87710	5329,9
87720	10213	87720	27,7	87720	0	87720	1	87720	5329,9
87730	10214	87730	50,7	87730	0	87730	2	87730	5329,9
87740	10215	87740	71,2	87740	0	87740	1	87740	5329,9
87750	10216	87750	27	87750	0	87750	1	87750	5329,9
87760	10217	87760	55,4	87760	0	87760	1	87760	5329,9
87770	10218	87770	36,2	87770	0	87770	1	87770	5329,9
87780	10219	87780	49,2	87780	0	87780	1	87780	5329,9
87790	10220	87790	35,5	87790	0	87790	1	87790	5329,9
87800	10221	87800	45,1	87800	0	87800	1	87800	5329,9
87810	10222	87810	34,7	87810	0	87810	1	87810	5329,9
87820	10223	87820	36,6	87820	0	87820	1	87820	5329,9
87830	10224	87830	44,7	87830	0	87830	1	87830	5329,9
87840	10225	87840	44,8	87840	0	87840	1	87840	5329,9
87850	10226	87850	46	87850	0	87850	1	87850	5329,9
87860	10227	87860	35,4	87860	0	87860	1	87860	5329,9
87870	10228	87870	34,2	87870	0	87870	1	87870	5329,9
87880	10229	87880	37,9	87880	0	87880	1	87880	5329,9
87890	10230	87890	38,8	87890	0	87890	1	87890	5329,9
87900	10231	87900	39	87900	0	87900	2	87900	5329,9
87910	10232	87910	54,1	87910	0	87910	1	87910	5329,9
87920	10233	87920	27,1	87920	0	87920	1	87920	5329,9
87930	10234	87930	43,1	87930	0	87930	1	87930	5329,9
87940	10235	87940	47,4	87940	0	87940	1	87940	5329,9
87950	10236	87950	44,1	87950	0	87950	1	87950	5329,9
87960	10237	87960	25,7	87960	0	87960	1	87960	5329,9
87970	10238	87970	26	87970	0	87970	1	87970	5329,9
87980	10239	87980	27,6	87980	0	87980	1	87980	5329,9
87990	10240	87990	29,9	87990	0	87990	1	87990	5329,9
88000	10241	88000	27,2	88000	0	88000	1	88000	5329,9
88010	10242	88010	28,4	88010	0	88010	1	88010	5329,9
88020	10243	88020	28,9	88020	0	88020	1	88020	5329,9
88030	10244	88030	26,8	88030	0	88030	1	88030	5329,9
88040	10245	88040	27	88040	0	88040	1	88040	5329,9
88050	10246	88050	47,6	88050	0	88050	1	88050	5329,9
88060	10247	88060	42,1	88060	0	88060	3	88060	5329,9
88070	10248	88070	36,7	88070	0	88070	2	88070	5329,9
88080	10249	88080	49,1	88080	0	88080	1	88080	5329,9
88090	10250	88090	27,6	88090	0	88090	1	88090	5329,9
88100	10251	88100	48,6	88100	0	88100	1	88100	5329,9
88110	10252	88110	47,3	88110	0	88110	1	88110	5329,9
88120	10253	88120	46,8	88120	0	88120	1	88120	5329,9
88130	10254	88130	31,2	88130	0	88130	1	88130	5329,9
88140	10255	88140	38	88140	0	88140	1	88140	5329,9
88150	10256	88150	48,5	88150	0	88150	1	88150	5329,9
88160	10257	88160	27,3	88160	0	88160	1	88160	5329,9
88170	10258	88170	52,9	88170	0	88170	1	88170	5329,9
88180	10259	88180	28,6	88180	0	88180	1	88180	5329,9
88190	10260	88190	47,2	88190	0	88190	1	88190	5329,9
88200	10261	88200	48,2	88200	0	88200	1	88200	5329,9
88210	10262	88210	28,4	88210	0	88210	1	88210	5329,9
88220	10263	88220	35,6	88220	0	88220	1	88220	5329,9
88230	10264	88230	42,1	88230	0	88230	5	88230	5329,9
88240	10265	88240	56,5	88240	0	88240	3	88240	5329,9
88250	10266	88250	70,4	88250	0	88250	3	88250	5329,9
88260	10267	88260	59,7	88260	0	88260	3	88260	5329,9
88270	10268	88270	34,6	88270	0	88270	3	88270	5329,9
88280	10269	88280	46,4	88280	0	88280	3	88280	5329,9
88290	10270	88290	57,7	88290	0	88290	3	88290	5329,9
88300	10271	88300	58,1	88300	0	88300	3	88300	5329,9
88310	10272	88310	34,8	88310	0	88310	3	88310	5329,9
88320	10273	88320	37,4	88320	0	88320	3	88320	5329,9
88330	10274	88330	36,1	88330	0	88330	3	88330	5329,9
88340	10275	88340	38,4	88340	0	88340	3	88340	5329,9
88350	10276	88350	58,2	88350	0	88350	3	88350	5329,9
88360	10277	88360	55,8	88360	0	88360	3	88360	5329,9
88370	10278	88370	65,3	88370	0	88370	3	88370	5329,9
88380	10279	88380	35,5	88380	0	88380	3	88380	5329,9
88390	10280	88390	34,3	88390	0	88390	4	88390	5329,9
88400	10281	88400	71,9	88400	0	88400	3	88400	5329,9
88410	10282	88410	35,9	88410	0	88410	3	88410	5329,9
88420	10283	88420	38,6	88420	0	88420	3	88420	5329,9
88430	10284	88430	64,6	88430	0	88430	3	88430	5329,9
88440	10285	88440	54,2	88440	0	88440	3	88440	5329,9
88450	10286	88450	67,6	88450	0	88450	3	88450	5329,9
88460	10287	88460	55	88460	0	88460	3	88460	5329,9
88470	10288	88470	62,9	88470	0	88470	3	88470	5329,9
88480	10289	88480	42	88480	0	88480	3	88480	5329,9
88490	10290	88490	39	88490	0	88490	3	88490	5329,9
88500	10291	88500	38,7	88500	0	88500	3	88500	5329,9
88510	10292	88510	33,9	88510	0	88510	3	88510	5329,9
88520	10293	88520	54,6	88520	0	88520	3	88520	5329,9
88530	10294	88530	44,2	88530	0	88530	3	88530	5329,9
88540	10295	88540	44,1	88540	0	88540	3	88540	5329,9
88550	10296	88550	35,5	88550	0	88550	4	88550	5329,9
88560	10297	88560	44,1	88560	0	88560	3	88560	5329,9
88570	10298	88570	48,3	88570	0	88570	3	88570	5329,9
88580	10299	88580	44	88580	0	88580	3	88580	5329,9
88590	10300	88590	34,4	88590	0	88590	3	88590	5329,9
88600	10301	88600	49,8	88600	0	88600	3	88600	5329,9
88610	10302	88610	38,8	88610	0	88610	3	88610	5329,9
88620	10303	88620	45,5	88620	0	88620	3	88620	5329,9
88630	10304	88630	43,7	88630	0	88630	3	88630	5329,9
88640	10305	88640	55,3	88640	0	88640	3	88640	5329,9
88650	10306	88650	36,4	88650	0	88650	3	88650	5329,9
88660	10307	88660	45,6	88660	0	88660	3	88660	5329,9
88670	10308	88670	69,3	88670	0	88670	3	88670	5329,9
88680	10309	88680	33,8	88680	0	88680	3	88680	5329,9
88690	10310	88690	33	88690	0	88690	3	88690	5329,9
88700	10311	88700	35,1	88700	0	88700	3	88700	5329,9
88710	10312	88710	35,2	88710	0	88710	3	88710	5329,9
88720	10313	88720	41,9	88720	0	88720	3	88720	5329,9
88730	10314	88730	34,4	88730	0	88730	6	88730	5329,9
88740	10315	88740	66,2	88740	0	88740	1	88740	5329,9
88750	10316	88750	42,3	88750	0	88750	1	88750	5329,9
88760	10317	88760	26,9	88760	0	88760	1	88760	5329,9
88770	10318	88770	38,6	88770	0	88770	1	88770	5329,9
88780	10319	88780	26,2	88780	0	88780	1	88780	5329,9
88790	10320	88790	50,3	88790	0	88790	1	88790	5329,9
88800	10321	88800	50,8	88800	0	88800	1	88800	5329,9
88810	10322	88810	48,1	88810	0	88810	1	88810	5329,9
88820	10323	88820	27	88820	0	88820	1	88820	5329,9
88830	10324	88830	26,4	88830	0	88830	1	88830	5329,9
88840	10325	88840	25,6	88840	0	88840	1	88840	5329,9
88850	10326	88850	28,9	88850	0	88850	1	88850	5329,9
88860	10327	88860	27,4	88860	0	88860	1	88860	5329,9
88870	10328	88870	36,5	88870	0	88870	1	88870	5329,9
88880	10329	88880	26,1	88880	0	88880	1	88880	5329,9
88890	10330	88890	25,5	88890	0	88890	8	88890	5329,9
88900	10331	88900	119,5	88900	0	88900	5	88900	5329,9
88910	10332	88910	83,3	88910	0	88910	5	88910	5329,9
88920	10333	88920	41,4	88920	0	88920	5	88920	5329,9
88930	10334	88930	39,7	88930	0	88930	5	88930	5329,9
88940	10335	88940	75,5	88940	0	88940	5	88940	5329,9
88950	10336	88950	63,8	88950	0	88950	5	88950	5329,9
88960	10337	88960	38,5	88960	0	88960	5	88960	5329,9
88970	10338	88970	52,7	88970	0	88970	3	88970	5329,9
88980	10339	88980	65,3	88980	0	88980	3	88980	5329,9
88990	10340	88990	68,7	88990	0	88990	3	88990	5329,9
89000	10341	89000	56,6	89000	0	89000	3	89000	5329,9
89010	10342	89010	33,1	89010	0	89010	3	89010	5329,9
89020	10343	89020	40,6	89020	0	89020	3	89020	5329,9
89030	10344	89030	35,6	89030	0	89030	3	89030	5329,9
89040	10345	89040	34,4	89040	0	89040	3	89040	5329,9
89050	10346	89050	33,4	89050	0	89050	5	89050	5329,9
89060	10347	89060	45,4	89060	0	89060	3	89060	5329,9
89070	10348	89070	50,2	89070	0	89070	3	89070	5329,9
89080	10349	89080	33,3	89080	0	89080	3	89080	5329,9
89090	10350	89090	63,9	89090	0	89090	3	89090	5329,9
89100	10351	89100	41,8	89100	0	89100	3	89100	5329,9
89110	10352	89110	65,5	89110	0	89110	3	89110	5329,9
89120	10353	89120	65,8	89120	0	89120	3	89120	5329,9
89130	10354	89130	35,9	89130	0	89130	3	89130	5329,9
89140	10355	89140	35,2	89140	0	89140	3	89140	5329,9
89150	10356	89150	33,9	89150	0	89150	3	89150	5329,9
89160	10357	89160	34,2	89160	0	89160	3	89160	5329,9
89170	10358	89170	32,2	89170	0	89170	3	89170	5329,9
89180	10359	89180	59,5	89180	0	89180	3	89180	5329,9
89190	10360	89190	61,9	89190	0	89190	3	89190	5329,9
89200	10361	89200	65,3	89200	0	89200	3	89200	5329,9
89210	10362	89210	34,2	89210	0	89210	4	89210	5329,9
89220	10363	89220	73,8	89220	0	89220	5	89220	5329,9
89230	10364	89230	46,6	89230	0	89230	3	89230	5329,9
89240	10365	89240	152,3	89240	0	89240	3	89240	5329,9
89250	10366	89250	50,3	89250	0	89250	3	89250	5329,9
89260	10367	89260	48,3	89260	0	89260	3	89260	5329,9
89270	10368	89270	65,4	89270	0	89270	3	89270	5329,9
89280	10369	89280	67	89280	0	89280	3	89280	5329,9
89290	10370	89290	70,2	89290	0	89290	3	89290	5329,9
89300	10371	89300	54,1	89300	0	89300	3	89300	5329,9
89310	10372	89310	62,9	89310	0	89310	3	89310	5329,9
89320	10373	89320	43,6	89320	0	89320	3	89320	5329,9
89330	10374	89330	33,5	89330	0	89330	3	89330	5329,9
89340	10375	89340	43,7	89340	0	89340	3	89340	5329,9
89350	10376	89350	61,2	89350	0	89350	3	89350	5329,9
89360	10377	89360	46,9	89360	0	89360	3	89360	5329,9
89370	10378	89370	42,4	89370	0	89370	3	89370	5329,9
89380	10379	89380	85,6	89380	0	89380	1	89380	5329,9
89390	10380	89390	52,7	89390	0	89390	1	89390	5329,9
89400	10381	89400	39	89400	0	89400	1	89400	5329,9
89410	10382	89410	34	89410	0	89410	1	89410	5329,9
89420	10383	89420	31,4	89420	0	89420	1	89420	5329,9
89430	10384	89430	50,7	89430	0	89430	1	89430	5329,9
89440	10385	89440	51,6	89440	0	89440	1	89440	5329,9
89450	10386	89450	54,6	89450	0	89450	1	89450	5329,9
89460	10387	89460	51	89460	0	89460	1	89460	5329,9
89470	10388	89470	54,5	89470	0	89470	1	89470	5329,9
89480	10389	89480	46,5	89480	0	89480	1	89480	5329,9
89490	10390	89490	52,1	89490	0	89490	1	89490	5329,9
89500	10391	89500	31,3	89500	0	89500	1	89500	5329,9
89510	10392	89510	37,8	89510	0	89510	1	89510	5329,9
89520	10393	89520	35	89520	0	89520	4	89520	5329,9
89530	10394	89530	47,6	89530	0	89530	1	89530	5329,9
89540	10395	89540	40,8	89540	0	89540	1	89540	5329,9
89550	10396	89550	34,3	89550	0	89550	1	89550	5329,9
89560	10397	89560	31,8	89560	0	89560	1	89560	5329,9
89570	10398	89570	34,2	89570	0	89570	1	89570	5329,9
89580	10399	89580	49,8	89580	0	89580	1	89580	5329,9
89590	10400	89590	34,3	89590	0	89590	1	89590	5329,9
89600	10401	89600	34,3	89600	0	89600	1	89600	5329,9
89610	10402	89610	41	89610	0	89610	1	89610	5329,9
89620	10403	89620	30,8	89620	0	89620	1	89620	5329,9
89630	10404	89630	34,9	89630	0	89630	1	89630	5329,9
89640	10405	89640	29,8	89640	0	89640	1	89640	5329,9
89650	10406	89650	32,8	89650	0	89650	1	89650	5329,9
89660	10407	89660	33,5	89660	0	89660	1	89660	5329,9
89670	10408	89670	47,6	89670	0	89670	1	89670	5329,9
89680	10409	89680	48,4	89680	0	89680	5	89680	5329,9
89690	10410	89690	61,5	89690	0	89690	3	89690	5329,9
89700	10411	89700	36,6	89700	0	89700	3	89700	5329,9
89710	10412	89710	32,8	89710	0	89710	3	89710	5329,9
89720	10413	89720	50,1	89720	0	89720	3	89720	5329,9
89730	10414	89730	58	89730	0	89730	3	89730	5329,9
89740	10415	89740	52,3	89740	0	89740	3	89740	5329,9
89750	10416	89750	57,6	89750	0	89750	3	89750	5329,9
89760	10417	89760	51,9	89760	0	89760	3	89760	5329,9
89770	10418	89770	60,3	89770	0	89770	3	89770	5329,9
89780	10419	89780	61,4	89780	0	89780	3	89780	5329,9
89790	10420	89790	62,9	89790	0	89790	3	89790	5329,9
89800	10421	89800	50,7	89800	0	89800	3	89800	5329,9
89810	10422	89810	50,1	89810	0	89810	3	89810	5329,9
89820	10423	89820	60,3	89820	0	89820	3	89820	5329,9
89830	10424	89830	43,8	89830	0	89830	3	89830	5329,9
89840	10425	89840	53,3	89840	0	89840	3	89840	5329,9
89850	10426	89850	50	89850	0	89850	3	89850	5329,9
89860	10427	89860	53,1	89860	0	89860	6	89860	5329,9
89870	10428	89870	58,7	89870	0	89870	1	89870	5329,9
89880	10429	89880	30,3	89880	0	89880	1	89880	5329,9
89890	10430	89890	45,4	89890	0	89890	1	89890	5329,9
89900	10431	89900	30,8	89900	0	89900	1	89900	5329,9
89910	10432	89910	34,3	89910	0	89910	1	89910	5329,9
89920	10433	89920	34,1	89920	0	89920	1	89920	5329,9
89930	10434	89930	33,9	89930	0	89930	1	89930	5329,9
89940	10435	89940	30,8	89940	0	89940	1	89940	5329,9
89950	10436	89950	43,8	89950	0	89950	1	89950	5329,9
89960	10437	89960	37,2	89960	0	89960	1	89960	5329,9
89970	10438	89970	30,1	89970	0	89970	1	89970	5329,9
89980	10439	89980	31	89980	0	89980	1	89980	5329,9
89990	10440	89990	46,3	89990	0	89990	1	89990	5329,9
90000	10441	90000	25,5	90000	0	90000	1	90000	5329,9
90010	10442	90010	29,1	90010	0	90010	1	90010	5329,9
90020	10443	90020	29	90020	0	90020	1	90020	5329,9
90030	10444	90030	35,8	90030	0	90030	6	90030	5329,9
90040	10445	90040	78,6	90040	0	90040	3	90040	5329,9
90050	10446	90050	57,4	90050	0	90050	3	90050	5329,9
90060	10447	90060	63	90060	0	90060	3	90060	5329,9
90070	10448	90070	61,2	90070	0	90070	3	90070	5329,9
90080	10449	90080	34,2	90080	0	90080	3	90080	5329,9
90090	10450	90090	47,7	90090	0	90090	3	90090	5329,9
90100	10451	90100	44,8	90100	0	90100	3	90100	5329,9
90110	10452	90110	64,3	90110	0	90110	3	90110	5329,9
90120	10453	90120	50,4	90120	0	90120	3	90120	5329,9
90130	10454	90130	35,2	90130	0	90130	3	90130	5329,9
90140	10455	90140	69	90140	0	90140	3	90140	5329,9
90150	10456	90150	69,6	90150	0	90150	3	90150	5329,9
90160	10457	90160	44,6	90160	0	90160	3	90160	5329,9
90170	10458	90170	65,9	90170	0	90170	3	90170	5329,9
90180	10459	90180	67,2	90180	0	90180	3	90180	5329,9
90190	10460	90190	57,9	90190	0	90190	3	90190	5329,9
90200	10461	90200	45	90200	0	90200	4	90200	5329,9
90210	10462	90210	44,5	90210	0	90210	3	90210	5329,9
90220	10463	90220	45,3	90220	0	90220	3	90220	5329,9
90230	10464	90230	68,6	90230	0	90230	3	90230	5329,9
90240	10465	90240	66,3	90240	0	90240	3	90240	5329,9
90250	10466	90250	66,7	90250	0	90250	3	90250	5329,9
90260	10467	90260	69,5	90260	0	90260	3	90260	5329,9
90270	10468	90270	46,3	90270	0	90270	3	90270	5329,9
90280	10469	90280	42,5	90280	0	90280	3	90280	5329,9
90290	10470	90290	42,4	90290	0	90290	3	90290	5329,9
90300	10471	90300	61,7	90300	0	90300	3	90300	5329,9
90310	10472	90310	38,2	90310	0	90310	3	90310	5329,9
90320	10473	90320	51,6	90320	0	90320	3	90320	5329,9
90330	10474	90330	60,7	90330	0	90330	3	90330	5329,9
90340	10475	90340	33,1	90340	0	90340	3	90340	5329,9
90350	10476	90350	48,7	90350	0	90350	3	90350	5329,9
90360	10477	90360	33,9	90360	0	90360	6	90360	5329,9
90370	10478	90370	67,9	90370	0	90370	3	90370	5329,9
90380	10479	90380	33,7	90380	0	90380	3	90380	5329,9
90390	10480	90390	42	90390	0	90390	5	90390	5329,9
90400	10481	90400	55,9	90400	0	90400	3	90400	5329,9
90410	10482	90410	71,7	90410	0	90410	3	90410	5329,9
90420	10483	90420	50,5	90420	0	90420	3	90420	5329,9
90430	10484	90430	52,7	90430	0	90430	3	90430	5329,9
90440	10485	90440	33,8	90440	0	90440	3	90440	5329,9
90450	10486	90450	45,6	90450	0	90450	3	90450	5329,9
90460	10487	90460	35,3	90460	0	90460	3	90460	5329,9
90470	10488	90470	66,2	90470	0	90470	3	90470	5329,9
90480	10489	90480	63,1	90480	0	90480	3	90480	5329,9
90490	10490	90490	34,4	90490	0	90490	3	90490	5329,9
90500	10491	90500	33,8	90500	0	90500	3	90500	5329,9
90510	10492	90510	48,6	90510	0	90510	3	90510	5329,9
90520	10493	90520	49,9	90520	0	90520	3	90520	5329,9
90530	10494	90530	57,8	90530	0	90530	4	90530	5329,9
90540	10495	90540	69	90540	0	90540	3	90540	5329,9
90550	10496	90550	59,5	90550	0	90550	3	90550	5329,9
90560	10497	90560	58,2	90560	0	90560	3	90560	5329,9
90570	10498	90570	59,3	90570	0	90570	3	90570	5329,9
90580	10499	90580	39,1	90580	0	90580	3	90580	5329,9
90590	10500	90590	63,3	90590	0	90590	3	90590	5329,9
90600	10501	90600	56,4	90600	0	90600	3	90600	5329,9
90610	10502	90610	64,5	90610	0	90610	3	90610	5329,9
90620	10503	90620	42,1	90620	0	90620	3	90620	5329,9
90630	10504	90630	53,1	90630	0	90630	3	90630	5329,9
90640	10505	90640	45,3	90640	0	90640	3	90640	5329,9
90650	10506	90650	44,1	90650	0	90650	3	90650	5329,9
90660	10507	90660	31	90660	0	90660	3	90660	5329,9
90670	10508	90670	32,3	90670	0	90670	3	90670	5329,9
90680	10509	90680	40,9	90680	0	90680	3	90680	5329,9
90690	10510	90690	29,9	90690	0	90690	6	90690	5329,9
90700	10511	90700	92	90700	0	90700	3	90700	5329,9
90710	10512	90710	32,8	90710	0	90710	3	90710	5329,9
90720	10513	90720	34,1	90720	0	90720	3	90720	5329,9
90730	10514	90730	29,9	90730	0	90730	3	90730	5329,9
90740	10515	90740	32	90740	0	90740	3	90740	5329,9
90750	10516	90750	27	90750	0	90750	3	90750	5329,9
90760	10517	90760	32,2	90760	0	90760	3	90760	5329,9
90770	10518	90770	54,4	90770	0	90770	3	90770	5329,9
90780	10519	90780	31,9	90780	0	90780	3	90780	5329,9
90790	10520	90790	40,1	90790	0	90790	3	90790	5329,9
90800	10521	90800	32,2	90800	0	90800	3	90800	5329,9
90810	10522	90810	32,6	90810	0	90810	3	90810	5329,9
90820	10523	90820	31	90820	0	90820	3	90820	5329,9
90830	10524	90830	43,4	90830	0	90830	3	90830	5329,9
90840	10525	90840	30,9	90840	0	90840	3	90840	5329,9
90850	10526	90850	33	90850	0	90850	3	90850	5329,9
90860	10527	90860	29,6	90860	0	90860	6	90860	5329,9
90870	10528	90870	63,1	90870	0	90870	3	90870	5329,9
90880	10529	90880	33,3	90880	0	90880	3	90880	5329,9
90890	10530	90890	27	90890	0	90890	3	90890	5329,9
90900	10531	90900	34,9	90900	0	90900	3	90900	5329,9
90910	10532	90910	34,8	90910	0	90910	3	90910	5329,9
90920	10533	90920	63,5	90920	0	90920	3	90920	5329,9
90930	10534	90930	48,8	90930	0	90930	3	90930	5329,9
90940	10535	90940	62,6	90940	0	90940	3	90940	5329,9
90950	10536	90950	63	90950	0	90950	3	90950	5329,9
90960	10537	90960	62,1	90960	0	90960	3	90960	5329,9
90970	10538	90970	55	90970	0	90970	3	90970	5329,9
90980	10539	90980	67,6	90980	0	90980	3	90980	5329,9
90990	10540	90990	67,4	90990	0	90990	3	90990	5329,9
91000	10541	91000	57,2	91000	0	91000	3	91000	5329,9
91010	10542	91010	64,7	91010	0	91010	3	91010	5329,9
91020	10543	91020	61,1	91020	0	91020	3	91020	5329,9
91030	10544	91030	50,5	91030	0	91030	6	91030	5329,9
91040	10545	91040	102,1	91040	0	91040	1	91040	5329,9
91050	10546	91050	40,4	91050	0	91050	1	91050	5329,9
91060	10547	91060	25,6	91060	0	91060	1	91060	5329,9
91070	10548	91070	24,9	91070	0	91070	1	91070	5329,9
91080	10549	91080	47	91080	0	91080	1	91080	5329,9
91090	10550	91090	24,6	91090	0	91090	1	91090	5329,9
91100	10551	91100	26,3	91100	0	91100	1	91100	5329,9
91110	10552	91110	24,7	91110	0	91110	1	91110	5329,9
91120	10553	91120	27,8	91120	0	91120	1	91120	5329,9
91130	10554	91130	28,7	91130	0	91130	1	91130	5329,9
91140	10555	91140	41,3	91140	0	91140	1	91140	5329,9
91150	10556	91150	27,3	91150	0	91150	1	91150	5329,9
91160	10557	91160	37,3	91160	0	91160	1	91160	5329,9
91170	10558	91170	34,4	91170	0	91170	1	91170	5329,9
91180	10559	91180	28,7	91180	0	91180	1	91180	5329,9
91190	10560	91190	30,1	91190	0	91190	3	91190	5329,9
91200	10561	91200	49,5	91200	0	91200	1	91200	5329,9
91210	10562	91210	25,4	91210	0	91210	1	91210	5329,9
91220	10563	91220	37,4	91220	0	91220	1	91220	5329,9
91230	10564	91230	24,7	91230	0	91230	1	91230	5329,9
91240	10565	91240	25,7	91240	0	91240	1	91240	5329,9
91250	10566	91250	40	91250	0	91250	1	91250	5329,9
91260	10567	91260	49,5	91260	0	91260	1	91260	5329,9
91270	10568	91270	53,9	91270	0	91270	1	91270	5329,9
91280	10569	91280	45,7	91280	0	91280	1	91280	5329,9
91290	10570	91290	45,5	91290	0	91290	1	91290	5329,9
91300	10571	91300	53,1	91300	0	91300	1	91300	5329,9
91310	10572	91310	36,5	91310	0	91310	1	91310	5329,9
91320	10573	91320	43,1	91320	0	91320	1	91320	5329,9
91330	10574	91330	42,5	91330	0	91330	1	91330	5329,9
91340	10575	91340	49,7	91340	0	91340	1	91340	5329,9
91350	10576	91350	45,5	91350	0	91350	6	91350	5329,9
91360	10577	91360	107,3	91360	0	91360	3	91360	5329,9
91370	10578	91370	64,9	91370	0	91370	3	91370	5329,9
91380	10579	91380	62	91380	0	91380	3	91380	5329,9
91390	10580	91390	62	91390	0	91390	3	91390	5329,9
91400	10581	91400	63,9	91400	0	91400	3	91400	5329,9
91410	10582	91410	58,8	91410	0	91410	3	91410	5329,9
91420	10583	91420	41,5	91420	0	91420	3	91420	5329,9
91430	10584	91430	32,1	91430	0	91430	3	91430	5329,9
91440	10585	91440	50,7	91440	0	91440	3	91440	5329,9
91450	10586	91450	57,2	91450	0	91450	3	91450	5329,9
91460	10587	91460	53,7	91460	0	91460	3	91460	5329,9
91470	10588	91470	53,9	91470	0	91470	3	91470	5329,9
91480	10589	91480	62,9	91480	0	91480	3	91480	5329,9
91490	10590	91490	60,7	91490	0	91490	3	91490	5329,9
91500	10591	91500	65,3	91500	0	91500	3	91500	5329,9
91510	10592	91510	36,9	91510	0	91510	3	91510	5329,9
91520	10593	91520	31,2	91520	0	91520	5	91520	5329,9
91530	10594	91530	69,4	91530	0	91530	3	91530	5329,9
91540	10595	91540	58,6	91540	0	91540	3	91540	5329,9
91550	10596	91550	56,3	91550	0	91550	3	91550	5329,9
91560	10597	91560	57,7	91560	0	91560	3	91560	5329,9
91570	10598	91570	61,2	91570	0	91570	3	91570	5329,9
91580	10599	91580	61,9	91580	0	91580	3	91580	5329,9
91590	10600	91590	60,5	91590	0	91590	3	91590	5329,9
91600	10601	91600	53,9	91600	0	91600	3	91600	5329,9
91610	10602	91610	34,4	91610	0	91610	3	91610	5329,9
91620	10603	91620	36,9	91620	0	91620	3	91620	5329,9
91630	10604	91630	61,7	91630	0	91630	3	91630	5329,9
91640	10605	91640	61,2	91640	0	91640	3	91640	5329,9
91650	10606	91650	240,2	91650	0	91650	3	91650	5329,9
91660	10607	91660	59,4	91660	0	91660	5	91660	5329,9
91670	10608	91670	67,4	91670	0	91670	3	91670	5329,9
91680	10609	91680	58,3	91680	0	91680	5	91680	5329,9
91690	10610	91690	98	91690	0	91690	3	91690	5329,9
91700	10611	91700	59,5	91700	0	91700	3	91700	5329,9
91710	10612	91710	58,9	91710	0	91710	5	91710	5329,9
91720	10613	91720	78,4	91720	0	91720	3	91720	5329,9
91730	10614	91730	61,5	91730	0	91730	3	91730	5329,9
91740	10615	91740	63,8	91740	0	91740	3	91740	5329,9
91750	10616	91750	62	91750	0	91750	3	91750	5329,9
91760	10617	91760	58,8	91760	0	91760	3	91760	5329,9
91770	10618	91770	75,2	91770	0	91770	3	91770	5329,9
91780	10619	91780	59	91780	0	91780	3	91780	5329,9
91790	10620	91790	69,3	91790	0	91790	3	91790	5329,9
91800	10621	91800	63,8	91800	0	91800	3	91800	5329,9
91810	10622	91810	60	91810	0	91810	3	91810	5329,9
91820	10623	91820	60,9	91820	0	91820	3	91820	5329,9
91830	10624	91830	64,6	91830	0	91830	3	91830	5329,9
91840	10625	91840	56,5	91840	0	91840	4	91840	5329,9
91850	10626	91850	73,8	91850	0	91850	3	91850	5329,9
91860	10627	91860	61,2	91860	0	91860	3	91860	5329,9
91870	10628	91870	53,1	91870	0	91870	3	91870	5329,9
91880	10629	91880	62,6	91880	0	91880	3	91880	5329,9
91890	10630	91890	61,1	91890	0	91890	3	91890	5329,9
91900	10631	91900	61,8	91900	0	91900	3	91900	5329,9
91910	10632	91910	66	91910	0	91910	3	91910	5329,9
91920	10633	91920	64	91920	0	91920	3	91920	5329,9
91930	10634	91930	66,3	91930	0	91930	3	91930	5329,9
91940	10635	91940	68,9	91940	0	91940	3	91940	5329,9
91950	10636	91950	65	91950	0	91950	3	91950	5329,9
91960	10637	91960	43,1	91960	0	91960	3	91960	5329,9
91970	10638	91970	48,9	91970	0	91970	3	91970	5329,9
91980	10639	91980	63,6	91980	0	91980	3	91980	5329,9
91990	10640	91990	42,4	91990	0	91990	3	91990	5329,9
92000	10641	92000	52,8	92000	0	92000	3	92000	5329,9
92010	10642	92010	58,9	92010	0	92010	5	92010	5329,9
92020	10643	92020	90,9	92020	0	92020	3	92020	5329,9
92030	10644	92030	62,4	92030	0	92030	3	92030	5329,9
92040	10645	92040	59,5	92040	0	92040	3	92040	5329,9
92050	10646	92050	74,3	92050	0	92050	3	92050	5329,9
92060	10647	92060	55,5	92060	0	92060	3	92060	5329,9
92070	10648	92070	60,3	92070	0	92070	3	92070	5329,9
92080	10649	92080	62,7	92080	0	92080	3	92080	5329,9
92090	10650	92090	57,7	92090	0	92090	3	92090	5329,9
92100	10651	92100	62,2	92100	0	92100	3	92100	5329,9
92110	10652	92110	65,5	92110	0	92110	3	92110	5329,9
92120	10653	92120	62,6	92120	0	92120	3	92120	5329,9
92130	10654	92130	60,4	92130	0	92130	3	92130	5329,9
92140	10655	92140	63,9	92140	0	92140	3	92140	5329,9
92150	10656	92150	63,2	92150	0	92150	3	92150	5329,9
92160	10657	92160	37,7	92160	0	92160	3	92160	5329,9
92170	10658	92170	57	92170	0	92170	3	92170	5329,9
92180	10659	92180	62,5	92180	0	92180	6	92180	5329,9
92190	10660	92190	96,7	92190	0	92190	1	92190	5329,9
92200	10661	92200	57,3	92200	0	92200	1	92200	5329,9
92210	10662	92210	49,6	92210	0	92210	1	92210	5329,9
92220	10663	92220	55,2	92220	0	92220	1	92220	5329,9
92230	10664	92230	53,1	92230	0	92230	1	92230	5329,9
92240	10665	92240	43,9	92240	0	92240	1	92240	5329,9
92250	10666	92250	46,9	92250	0	92250	1	92250	5329,9
92260	10667	92260	47,1	92260	0	92260	1	92260	5329,9
92270	10668	92270	47,8	92270	0	92270	1	92270	5329,9
92280	10669	92280	44,2	92280	0	92280	1	92280	5329,9
92290	10670	92290	46,6	92290	0	92290	1	92290	5329,9
92300	10671	92300	38,3	92300	0	92300	1	92300	5329,9
92310	10672	92310	25,5	92310	0	92310	1	92310	5329,9
92320	10673	92320	32,7	92320	0	92320	1	92320	5329,9
92330	10674	92330	36,9	92330	0	92330	1	92330	5329,9
92340	10675	92340	44,9	92340	0	92340	1	92340	5329,9
92350	10676	92350	28,8	92350	0	92350	4	92350	5329,9
92360	10677	92360	45,3	92360	0	92360	1	92360	5329,9
92370	10678	92370	31,9	92370	0	92370	1	92370	5329,9
92380	10679	92380	56,4	92380	0	92380	1	92380	5329,9
92390	10680	92390	25,8	92390	0	92390	1	92390	5329,9
92400	10681	92400	48,7	92400	0	92400	1	92400	5329,9
92410	10682	92410	44,8	92410	0	92410	1	92410	5329,9
92420	10683	92420	45,9	92420	0	92420	1	92420	5329,9
92430	10684	92430	45,9	92430	0	92430	1	92430	5329,9
92440	10685	92440	44,7	92440	0	92440	1	92440	5329,9
92450	10686	92450	45,3	92450	0	92450	1	92450	5329,9
92460	10687	92460	54,5	92460	0	92460	1	92460	5329,9
92470	10688	92470	43,6	92470	0	92470	1	92470	5329,9
92480	10689	92480	50,5	92480	0	92480	1	92480	5329,9
92490	10690	92490	44,3	92490	0	92490	1	92490	5329,9
92500	10691	92500	52,4	92500	0	92500	1	92500	5329,9
92510	10692	92510	49,2	92510	0	92510	1	92510	5329,9
92520	10693	92520	51,4	92520	0	92520	4	92520	5329,9
92530	10694	92530	93,4	92530	0	92530	1	92530	5329,9
92540	10695	92540	47,3	92540	0	92540	1	92540	5329,9
92550	10696	92550	48,4	92550	0	92550	1	92550	5329,9
92560	10697	92560	51,8	92560	0	92560	1	92560	5329,9
92570	10698	92570	48,1	92570	0	92570	1	92570	5329,9
92580	10699	92580	45,4	92580	0	92580	1	92580	5329,9
92590	10700	92590	44,4	92590	0	92590	1	92590	5329,9
92600	10701	92600	53,9	92600	0	92600	1	92600	5329,9
92610	10702	92610	53,9	92610	0	92610	1	92610	5329,9
92620	10703	92620	51,1	92620	0	92620	1	92620	5329,9
92630	10704	92630	33,9	92630	0	92630	1	92630	5329,9
92640	10705	92640	46,7	92640	0	92640	1	92640	5329,9
92650	10706	92650	46,3	92650	0	92650	1	92650	5329,9
92660	10707	92660	48,4	92660	0	92660	1	92660	5329,9
92670	10708	92670	35	92670	0	92670	1	92670	5329,9
92680	10709	92680	52	92680	0	92680	1	92680	5329,9
92690	10710	92690	56,6	92690	0	92690	3	92690	5329,9
92700	10711	92700	79	92700	0	92700	1	92700	5329,9
92710	10712	92710	53,2	92710	0	92710	1	92710	5329,9
92720	10713	92720	49,5	92720	0	92720	1	92720	5329,9
92730	10714	92730	51,1	92730	0	92730	1	92730	5329,9
92740	10715	92740	49,2	92740	0	92740	1	92740	5329,9
92750	10716	92750	49,8	92750	0	92750	1	92750	5329,9
92760	10717	92760	26,7	92760	0	92760	1	92760	5329,9
92770	10718	92770	22,6	92770	0	92770	1	92770	5329,9
92780	10719	92780	41,3	92780	0	92780	1	92780	5329,9
92790	10720	92790	37,8	92790	0	92790	1	92790	5329,9
92800	10721	92800	24	92800	0	92800	1	92800	5329,9
92810	10722	92810	45,1	92810	0	92810	1	92810	5329,9
92820	10723	92820	27,9	92820	0	92820	1	92820	5329,9
92830	10724	92830	45	92830	0	92830	1	92830	5329,9
92840	10725	92840	50,5	92840	0	92840	1	92840	5329,9
92850	10726	92850	57,2	92850	0	92850	4	92850	5329,9
92860	10727	92860	92,3	92860	0	92860	1	92860	5329,9
92870	10728	92870	49,6	92870	0	92870	1	92870	5329,9
92880	10729	92880	50,3	92880	0	92880	1	92880	5329,9
92890	10730	92890	46,7	92890	0	92890	1	92890	5329,9
92900	10731	92900	44,4	92900	0	92900	1	92900	5329,9
92910	10732	92910	47,3	92910	0	92910	1	92910	5329,9
92920	10733	92920	47,3	92920	0	92920	1	92920	5329,9
92930	10734	92930	42,4	92930	0	92930	1	92930	5329,9
92940	10735	92940	44,9	92940	0	92940	1	92940	5329,9
92950	10736	92950	40,3	92950	0	92950	1	92950	5329,9
92960	10737	92960	43,5	92960	0	92960	1	92960	5329,9
92970	10738	92970	50,6	92970	0	92970	1	92970	5329,9
92980	10739	92980	43,4	92980	0	92980	1	92980	5329,9
92990	10740	92990	43,3	92990	0	92990	1	92990	5329,9
93000	10741	93000	32,4	93000	0	93000	1	93000	5329,9
93010	10742	93010	45,1	93010	0	93010	1	93010	5329,9
93020	10743	93020	46,5	93020	0	93020	6	93020	5329,9
93030	10744	93030	89,7	93030	0	93030	1	93030	5329,9
93040	10745	93040	50,4	93040	0	93040	1	93040	5329,9
93050	10746	93050	47,8	93050	0	93050	1	93050	5329,9
93060	10747	93060	51,9	93060	0	93060	1	93060	5329,9
93070	10748	93070	47	93070	0	93070	1	93070	5329,9
93080	10749	93080	51,4	93080	0	93080	1	93080	5329,9
93090	10750	93090	41,9	93090	0	93090	1	93090	5329,9
93100	10751	93100	46,4	93100	0	93100	1	93100	5329,9
93110	10752	93110	46,6	93110	0	93110	1	93110	5329,9
93120	10753	93120	39,8	93120	0	93120	1	93120	5329,9
93130	10754	93130	137,9	93130	0	93130	1	93130	5329,9
93140	10755	93140	50	93140	0	93140	1	93140	5329,9
93150	10756	93150	43,6	93150	0	93150	1	93150	5329,9
93160	10757	93160	32,4	93160	0	93160	1	93160	5329,9
93170	10758	93170	50	93170	0	93170	1	93170	5329,9
93180	10759	93180	50,8	93180	0	93180	1	93180	5329,9
93190	10760	93190	50,4	93190	0	93190	4	93190	5329,9
93200	10761	93200	85,9	93200	0	93200	1	93200	5329,9
93210	10762	93210	42	93210	0	93210	1	93210	5329,9
93220	10763	93220	26,8	93220	0	93220	1	93220	5329,9
93230	10764	93230	47,5	93230	0	93230	1	93230	5329,9
93240	10765	93240	38,1	93240	0	93240	1	93240	5329,9
93250	10766	93250	70,8	93250	0	93250	1	93250	5329,9
93260	10767	93260	29,7	93260	0	93260	1	93260	5329,9
93270	10768	93270	44,1	93270	0	93270	1	93270	5329,9
93280	10769	93280	46,9	93280	0	93280	1	93280	5329,9
93290	10770	93290	43	93290	0	93290	1	93290	5329,9
93300	10771	93300	54,3	93300	0	93300	1	93300	5329,9
93310	10772	93310	74,1	93310	0	93310	1	93310	5329,9
93320	10773	93320	43,6	93320	0	93320	1	93320	5329,9
93330	10774	93330	50,3	93330	0	93330	1	93330	5329,9
93340	10775	93340	41,3	93340	0	93340	1	93340	5329,9
93350	10776	93350	45,8	93350	0	93350	4	93350	5329,9
93360	10777	93360	85,8	93360	0	93360	1	93360	5329,9
93370	10778	93370	47,1	93370	0	93370	1	93370	5329,9
93380	10779	93380	44,3	93380	0	93380	1	93380	5329,9
93390	10780	93390	45,5	93390	0	93390	1	93390	5329,9
93400	10781	93400	52,9	93400	0	93400	1	93400	5329,9
93410	10782	93410	46,7	93410	0	93410	1	93410	5329,9
93420	10783	93420	31,7	93420	0	93420	1	93420	5329,9
93430	10784	93430	36,4	93430	0	93430	1	93430	5329,9
93440	10785	93440	48,4	93440	0	93440	1	93440	5329,9
93450	10786	93450	46,9	93450	0	93450	1	93450	5329,9
93460	10787	93460	40,5	93460	0	93460	1	93460	5329,9
93470	10788	93470	47,4	93470	0	93470	1	93470	5329,9
93480	10789	93480	50,6	93480	0	93480	1	93480	5329,9
93490	10790	93490	47,2	93490	0	93490	1	93490	5329,9
93500	10791	93500	40,1	93500	0	93500	1	93500	5329,9
93510	10792	93510	42,1	93510	0	93510	1	93510	5329,9
93520	10793	93520	42,3	93520	0	93520	4	93520	5329,9
93530	10794	93530	87,1	93530	0	93530	1	93530	5329,9
93540	10795	93540	37,8	93540	0	93540	1	93540	5329,9
93550	10796	93550	38,2	93550	0	93550	1	93550	5329,9
93560	10797	93560	36,8	93560	0	93560	1	93560	5329,9
93570	10798	93570	37,9	93570	0	93570	1	93570	5329,9
93580	10799	93580	33,6	93580	0	93580	1	93580	5329,9
93590	10800	93590	46,2	93590	0	93590	1	93590	5329,9
93600	10801	93600	50,5	93600	0	93600	1	93600	5329,9
93610	10802	93610	44	93610	0	93610	1	93610	5329,9
93620	10803	93620	30,9	93620	0	93620	1	93620	5329,9
93630	10804	93630	26,7	93630	0	93630	1	93630	5329,9
93640	10805	93640	26,1	93640	0	93640	1	93640	5329,9
93650	10806	93650	46,8	93650	0	93650	1	93650	5329,9
93660	10807	93660	29,3	93660	0	93660	1	93660	5329,9
93670	10808	93670	27,7	93670	0	93670	1	93670	5329,9
93680	10809	93680	28,3	93680	0	93680	1	93680	5329,9
93690	10810	93690	48,4	93690	0	93690	3	93690	5329,9
93700	10811	93700	81,1	93700	0	93700	1	93700	5329,9
93710	10812	93710	34	93710	0	93710	1	93710	5329,9
93720	10813	93720	42,5	93720	0	93720	1	93720	5329,9
93730	10814	93730	38,9	93730	0	93730	1	93730	5329,9
93740	10815	93740	38,6	93740	0	93740	1	93740	5329,9
93750	10816	93750	41,6	93750	0	93750	1	93750	5329,9
93760	10817	93760	44,6	93760	0	93760	1	93760	5329,9
93770	10818	93770	56,2	93770	0	93770	1	93770	5329,9
93780	10819	93780	46	93780	0	93780	1	93780	5329,9
93790	10820	93790	49,6	93790	0	93790	1	93790	5329,9
93800	10821	93800	43,8	93800	0	93800	1	93800	5329,9
93810	10822	93810	44,2	93810	0	93810	1	93810	5329,9
93820	10823	93820	49,6	93820	0	93820	1	93820	5329,9
93830	10824	93830	42	93830	0	93830	1	93830	5329,9
93840	10825	93840	44,2	93840	0	93840	1	93840	5329,9
93850	10826	93850	42,4	93850	0	93850	1	93850	5329,9
93860	10827	93860	37,3	93860	0	93860	3	93860	5329,9
93870	10828	93870	72,8	93870	0	93870	1	93870	5329,9
93880	10829	93880	46,2	93880	0	93880	1	93880	5329,9
93890	10830	93890	44,2	93890	0	93890	1	93890	5329,9
93900	10831	93900	51,6	93900	0	93900	1	93900	5329,9
93910	10832	93910	53,1	93910	0	93910	1	93910	5329,9
93920	10833	93920	40,4	93920	0	93920	1	93920	5329,9
93930	10834	93930	53,5	93930	0	93930	1	93930	5329,9
93940	10835	93940	45	93940	0	93940	1	93940	5329,9
93950	10836	93950	42,9	93950	0	93950	1	93950	5329,9
93960	10837	93960	46,4	93960	0	93960	1	93960	5329,9
93970	10838	93970	48,7	93970	0	93970	1	93970	5329,9
93980	10839	93980	43,1	93980	0	93980	1	93980	5329,9
93990	10840	93990	46,3	93990	0	93990	1	93990	5329,9
94000	10841	94000	54,4	94000	0	94000	1	94000	5329,9
94010	10842	94010	46,7	94010	0	94010	1	94010	5329,9
94020	10843	94020	38,7	94020	0	94020	1	94020	5329,9
94030	10844	94030	40,7	94030	0	94030	8	94030	5329,9
94040	10845	94040	113,1	94040	0	94040	5	94040	5329,9
94050	10846	94050	73,5	94050	0	94050	5	94050	5329,9
94060	10847	94060	70,6	94060	0	94060	5	94060	5329,9
94070	10848	94070	48,7	94070	0	94070	5	94070	5329,9
94080	10849	94080	42,2	94080	0	94080	5	94080	5329,9
94090	10850	94090	34	94090	0	94090	5	94090	5329,9
94100	10851	94100	47,5	94100	0	94100	5	94100	5329,9
94110	10852	94110	38	94110	0	94110	5	94110	5329,9
94120	10853	94120	74,1	94120	0	94120	5	94120	5329,9
94130	10854	94130	68	94130	0	94130	5	94130	5329,9
94140	10855	94140	66,4	94140	0	94140	5	94140	5329,9
94150	10856	94150	72,3	94150	0	94150	5	94150	5329,9
94160	10857	94160	75,2	94160	0	94160	5	94160	5329,9
94170	10858	94170	73,3	94170	0	94170	5	94170	5329,9
94180	10859	94180	74,2	94180	0	94180	5	94180	5329,9
94190	10860	94190	74	94190	0	94190	5	94190	5329,9
94200	10861	94200	67,6	94200	0	94200	6	94200	5329,9
94210	10862	94210	86,4	94210	0	94210	1	94210	5329,9
94220	10863	94220	49	94220	0	94220	1	94220	5329,9
94230	10864	94230	50,7	94230	0	94230	1	94230	5329,9
94240	10865	94240	26,8	94240	0	94240	1	94240	5329,9
94250	10866	94250	33,3	94250	0	94250	1	94250	5329,9
94260	10867	94260	29,9	94260	0	94260	1	94260	5329,9
94270	10868	94270	38,6	94270	0	94270	1	94270	5329,9
94280	10869	94280	27,8	94280	0	94280	1	94280	5329,9
94290	10870	94290	26,1	94290	0	94290	1	94290	5329,9
94300	10871	94300	44,3	94300	0	94300	1	94300	5329,9
94310	10872	94310	28	94310	0	94310	1	94310	5329,9
94320	10873	94320	26,6	94320	0	94320	1	94320	5329,9
94330	10874	94330	43,8	94330	0	94330	1	94330	5329,9
94340	10875	94340	53,1	94340	0	94340	1	94340	5329,9
94350	10876	94350	50	94350	0	94350	1	94350	5329,9
94360	10877	94360	54	94360	0	94360	1	94360	5329,9
94370	10878	94370	44,8	94370	0	94370	4	94370	5329,9
94380	10879	94380	88,8	94380	0	94380	1	94380	5329,9
94390	10880	94390	48,4	94390	0	94390	1	94390	5329,9
94400	10881	94400	42,4	94400	0	94400	1	94400	5329,9
94410	10882	94410	48,7	94410	0	94410	1	94410	5329,9
94420	10883	94420	43	94420	0	94420	1	94420	5329,9
94430	10884	94430	45,3	94430	0	94430	1	94430	5329,9
94440	10885	94440	51	94440	0	94440	1	94440	5329,9
94450	10886	94450	51	94450	0	94450	1	94450	5329,9
94460	10887	94460	52,7	94460	0	94460	1	94460	5329,9
94470	10888	94470	50,4	94470	0	94470	1	94470	5329,9
94480	10889	94480	51,1	94480	0	94480	1	94480	5329,9
94490	10890	94490	50,3	94490	0	94490	1	94490	5329,9
94500	10891	94500	35	94500	0	94500	1	94500	5329,9
94510	10892	94510	34	94510	0	94510	1	94510	5329,9
94520	10893	94520	33,8	94520	0	94520	1	94520	5329,9
94530	10894	94530	21,4	94530	0	94530	4	94530	5329,9
94540	10895	94540	47,4	94540	0	94540	1	94540	5329,9
94550	10896	94550	26,3	94550	0	94550	1	94550	5329,9
94560	10897	94560	34,8	94560	0	94560	1	94560	5329,9
94570	10898	94570	35,9	94570	0	94570	1	94570	5329,9
94580	10899	94580	47,5	94580	0	94580	1	94580	5329,9
94590	10900	94590	43,1	94590	0	94590	1	94590	5329,9
94600	10901	94600	50,7	94600	0	94600	1	94600	5329,9
94610	10902	94610	48,6	94610	0	94610	1	94610	5329,9
94620	10903	94620	27,2	94620	0	94620	1	94620	5329,9
94630	10904	94630	59,9	94630	0	94630	1	94630	5329,9
94640	10905	94640	44,9	94640	0	94640	1	94640	5329,9
94650	10906	94650	49,3	94650	0	94650	1	94650	5329,9
94660	10907	94660	49,1	94660	0	94660	1	94660	5329,9
94670	10908	94670	47,8	94670	0	94670	1	94670	5329,9
94680	10909	94680	46,1	94680	0	94680	1	94680	5329,9
94690	10910	94690	46,7	94690	0	94690	1	94690	5329,9
94700	10911	94700	50,2	94700	0	94700	1	94700	5329,9
94710	10912	94710	36,5	94710	0	94710	4	94710	5329,9
94720	10913	94720	87,3	94720	0	94720	1	94720	5329,9
94730	10914	94730	43	94730	0	94730	1	94730	5329,9
94740	10915	94740	42	94740	0	94740	1	94740	5329,9
94750	10916	94750	53,1	94750	0	94750	1	94750	5329,9
94760	10917	94760	47,4	94760	0	94760	1	94760	5329,9
94770	10918	94770	45,7	94770	0	94770	1	94770	5329,9
94780	10919	94780	48,6	94780	0	94780	1	94780	5329,9
94790	10920	94790	47,2	94790	0	94790	1	94790	5329,9
94800	10921	94800	39,8	94800	0	94800	1	94800	5329,9
94810	10922	94810	41,2	94810	0	94810	1	94810	5329,9
94820	10923	94820	41,8	94820	0	94820	1	94820	5329,9
94830	10924	94830	42,8	94830	0	94830	1	94830	5329,9
94840	10925	94840	42,7	94840	0	94840	1	94840	5329,9
94850	10926	94850	44	94850	0	94850	1	94850	5329,9
94860	10927	94860	42,6	94860	0	94860	1	94860	5329,9
94870	10928	94870	41,5	94870	0	94870	1	94870	5329,9
94880	10929	94880	25	94880	0	94880	3	94880	5329,9
94890	10930	94890	38,7	94890	0	94890	1	94890	5329,9
94900	10931	94900	24,8	94900	0	94900	1	94900	5329,9
94910	10932	94910	43,1	94910	0	94910	1	94910	5329,9
94920	10933	94920	33,1	94920	0	94920	1	94920	5329,9
94930	10934	94930	25,6	94930	0	94930	1	94930	5329,9
94940	10935	94940	22	94940	0	94940	1	94940	5329,9
94950	10936	94950	42,8	94950	0	94950	1	94950	5329,9
94960	10937	94960	42	94960	0	94960	1	94960	5329,9
94970	10938	94970	28,2	94970	0	94970	1	94970	5329,9
94980	10939	94980	42	94980	0	94980	1	94980	5329,9
94990	10940	94990	41,3	94990	0	94990	1	94990	5329,9
95000	10941	95000	24,6	95000	0	95000	1	95000	5329,9
95010	10942	95010	46,5	95010	0	95010	1	95010	5329,9
95020	10943	95020	42,9	95020	0	95020	1	95020	5329,9
95030	10944	95030	44	95030	0	95030	1	95030	5329,9
95040	10945	95040	41,6	95040	0	95040	6	95040	5329,9
95050	10946	95050	87,3	95050	0	95050	1	95050	5329,9
95060	10947	95060	35,5	95060	0	95060	1	95060	5329,9
95070	10948	95070	42,5	95070	0	95070	1	95070	5329,9
95080	10949	95080	49	95080	0	95080	1	95080	5329,9
95090	10950	95090	44,3	95090	0	95090	1	95090	5329,9
95100	10951	95100	42,9	95100	0	95100	1	95100	5329,9
95110	10952	95110	41,3	95110	0	95110	1	95110	5329,9
95120	10953	95120	45	95120	0	95120	1	95120	5329,9
95130	10954	95130	43,7	95130	0	95130	1	95130	5329,9
95140	10955	95140	43,8	95140	0	95140	1	95140	5329,9
95150	10956	95150	30,8	95150	0	95150	1	95150	5329,9
95160	10957	95160	30	95160	0	95160	1	95160	5329,9
95170	10958	95170	47,9	95170	0	95170	1	95170	5329,9
95180	10959	95180	48,8	95180	0	95180	1	95180	5329,9
95190	10960	95190	55,4	95190	0	95190	1	95190	5329,9
95200	10961	95200	48,1	95200	0	95200	4	95200	5329,9
95210	10962	95210	90	95210	0	95210	1	95210	5329,9
95220	10963	95220	38,8	95220	0	95220	1	95220	5329,9
95230	10964	95230	36,7	95230	0	95230	1	95230	5329,9
95240	10965	95240	27	95240	0	95240	1	95240	5329,9
95250	10966	95250	27,9	95250	0	95250	1	95250	5329,9
95260	10967	95260	58,5	95260	0	95260	1	95260	5329,9
95270	10968	95270	45,5	95270	0	95270	1	95270	5329,9
95280	10969	95280	51,5	95280	0	95280	1	95280	5329,9
95290	10970	95290	52,3	95290	0	95290	1	95290	5329,9
95300	10971	95300	34	95300	0	95300	1	95300	5329,9
95310	10972	95310	26,4	95310	0	95310	1	95310	5329,9
95320	10973	95320	28,6	95320	0	95320	1	95320	5329,9
95330	10974	95330	30	95330	0	95330	1	95330	5329,9
95340	10975	95340	36,8	95340	0	95340	1	95340	5329,9
95350	10976	95350	40,7	95350	0	95350	1	95350	5329,9
95360	10977	95360	43,6	95360	0	95360	1	95360	5329,9
95370	10978	95370	37,9	95370	0	95370	6	95370	5329,9
95380	10979	95380	101,8	95380	0	95380	3	95380	5329,9
95390	10980	95390	65,5	95390	0	95390	3	95390	5329,9
95400	10981	95400	63,3	95400	0	95400	3	95400	5329,9
95410	10982	95410	61,9	95410	0	95410	3	95410	5329,9
95420	10983	95420	68	95420	0	95420	3	95420	5329,9
95430	10984	95430	62,2	95430	0	95430	3	95430	5329,9
95440	10985	95440	65,2	95440	0	95440	3	95440	5329,9
95450	10986	95450	61,8	95450	0	95450	3	95450	5329,9
95460	10987	95460	70,6	95460	0	95460	3	95460	5329,9
95470	10988	95470	62,3	95470	0	95470	3	95470	5329,9
95480	10989	95480	54,8	95480	0	95480	3	95480	5329,9
95490	10990	95490	59,3	95490	0	95490	3	95490	5329,9
95500	10991	95500	63,2	95500	0	95500	3	95500	5329,9
95510	10992	95510	65,7	95510	0	95510	3	95510	5329,9
95520	10993	95520	63	95520	0	95520	3	95520	5329,9
95530	10994	95530	68,1	95530	0	95530	3	95530	5329,9
95540	10995	95540	70,6	95540	0	95540	6	95540	5329,9
95550	10996	95550	106,5	95550	0	95550	3	95550	5329,9
95560	10997	95560	63,2	95560	0	95560	3	95560	5329,9
95570	10998	95570	51,8	95570	0	95570	3	95570	5329,9
95580	10999	95580	49	95580	0	95580	3	95580	5329,9
95590	11000	95590	56,5	95590	0	95590	3	95590	5329,9
95600	11001	95600	60,4	95600	0	95600	3	95600	5329,9
95610	11002	95610	57	95610	0	95610	3	95610	5329,9
95620	11003	95620	53,6	95620	0	95620	3	95620	5329,9
95630	11004	95630	65,2	95630	0	95630	3	95630	5329,9
95640	11005	95640	52,2	95640	0	95640	3	95640	5329,9
95650	11006	95650	63,5	95650	0	95650	3	95650	5329,9
95660	11007	95660	65,6	95660	0	95660	3	95660	5329,9
95670	11008	95670	41,1	95670	0	95670	3	95670	5329,9
95680	11009	95680	68,7	95680	0	95680	3	95680	5329,9
95690	11010	95690	57,8	95690	0	95690	3	95690	5329,9
95700	11011	95700	63,8	95700	0	95700	3	95700	5329,9
95710	11012	95710	63,4	95710	0	95710	6	95710	5329,9
95720	11013	95720	99,8	95720	0	95720	1	95720	5329,9
95730	11014	95730	46,4	95730	0	95730	1	95730	5329,9
95740	11015	95740	51,5	95740	0	95740	1	95740	5329,9
95750	11016	95750	33,1	95750	0	95750	1	95750	5329,9
95760	11017	95760	27,7	95760	0	95760	1	95760	5329,9
95770	11018	95770	42,5	95770	0	95770	1	95770	5329,9
95780	11019	95780	38,9	95780	0	95780	1	95780	5329,9
95790	11020	95790	46,8	95790	0	95790	1	95790	5329,9
95800	11021	95800	44,6	95800	0	95800	1	95800	5329,9
95810	11022	95810	32	95810	0	95810	1	95810	5329,9
95820	11023	95820	45,4	95820	0	95820	1	95820	5329,9
95830	11024	95830	46,1	95830	0	95830	1	95830	5329,9
95840	11025	95840	52,5	95840	0	95840	1	95840	5329,9
95850	11026	95850	46,1	95850	0	95850	1	95850	5329,9
95860	11027	95860	47,3	95860	0	95860	1	95860	5329,9
95870	11028	95870	30,1	95870	0	95870	1	95870	5329,9
95880	11029	95880	44,4	95880	0	95880	6	95880	5329,9
95890	11030	95890	98,9	95890	0	95890	3	95890	5329,9
95900	11031	95900	62,1	95900	0	95900	5	95900	5329,9
95910	11032	95910	79,6	95910	0	95910	3	95910	5329,9
95920	11033	95920	40,6	95920	0	95920	3	95920	5329,9
95930	11034	95930	65,8	95930	0	95930	3	95930	5329,9
95940	11035	95940	64,9	95940	0	95940	3	95940	5329,9
95950	11036	95950	69,3	95950	0	95950	3	95950	5329,9
95960	11037	95960	49	95960	0	95960	3	95960	5329,9
95970	11038	95970	60,2	95970	0	95970	3	95970	5329,9
95980	11039	95980	33,7	95980	0	95980	3	95980	5329,9
95990	11040	95990	65,3	95990	0	95990	3	95990	5329,9
96000	11041	96000	44,3	96000	0	96000	3	96000	5329,9
96010	11042	96010	42,4	96010	0	96010	3	96010	5329,9
96020	11043	96020	57,3	96020	0	96020	3	96020	5329,9
96030	11044	96030	74,5	96030	0	96030	3	96030	5329,9
96040	11045	96040	68,7	96040	0	96040	6	96040	5329,9
96050	11046	96050	89,5	96050	0	96050	1	96050	5329,9
96060	11047	96060	50,8	96060	0	96060	1	96060	5329,9
96070	11048	96070	47,3	96070	0	96070	1	96070	5329,9
96080	11049	96080	30	96080	0	96080	1	96080	5329,9
96090	11050	96090	39,8	96090	0	96090	1	96090	5329,9
96100	11051	96100	49,6	96100	0	96100	1	96100	5329,9
96110	11052	96110	51,7	96110	0	96110	1	96110	5329,9
96120	11053	96120	46	96120	0	96120	1	96120	5329,9
96130	11054	96130	52,5	96130	0	96130	1	96130	5329,9
96140	11055	96140	50,9	96140	0	96140	1	96140	5329,9
96150	11056	96150	26,5	96150	0	96150	1	96150	5329,9
96160	11057	96160	26,7	96160	0	96160	1	96160	5329,9
96170	11058	96170	25	96170	0	96170	1	96170	5329,9
96180	11059	96180	48,4	96180	0	96180	1	96180	5329,9
96190	11060	96190	48	96190	0	96190	1	96190	5329,9
96200	11061	96200	41,1	96200	0	96200	1	96200	5329,9
96210	11062	96210	33,4	96210	0	96210	1	96210	5329,9
96220	11063	96220	51,9	96220	0	96220	6	96220	5329,9
96230	11064	96230	55,4	96230	0	96230	1	96230	5329,9
96240	11065	96240	46,1	96240	0	96240	1	96240	5329,9
96250	11066	96250	42,9	96250	0	96250	1	96250	5329,9
96260	11067	96260	46,7	96260	0	96260	1	96260	5329,9
96270	11068	96270	58,8	96270	0	96270	1	96270	5329,9
96280	11069	96280	45,9	96280	0	96280	1	96280	5329,9
96290	11070	96290	43,8	96290	0	96290	1	96290	5329,9
96300	11071	96300	51,7	96300	0	96300	1	96300	5329,9
96310	11072	96310	36,1	96310	0	96310	1	96310	5329,9
96320	11073	96320	46,4	96320	0	96320	1	96320	5329,9
96330	11074	96330	47,8	96330	0	96330	1	96330	5329,9
96340	11075	96340	40	96340	0	96340	1	96340	5329,9
96350	11076	96350	48,1	96350	0	96350	1	96350	5329,9
96360	11077	96360	51,6	96360	0	96360	1	96360	5329,9
96370	11078	96370	48,6	96370	0	96370	1	96370	5329,9
96380	11079	96380	26,3	96380	0	96380	1	96380	5329,9
96390	11080	96390	47,8	96390	0	96390	6	96390	5329,9
96400	11081	96400	91,4	96400	0	96400	3	96400	5329,9
96410	11082	96410	54,2	96410	0	96410	3	96410	5329,9
96420	11083	96420	50,9	96420	0	96420	3	96420	5329,9
96430	11084	96430	58,5	96430	0	96430	3	96430	5329,9
96440	11085	96440	57,7	96440	0	96440	3	96440	5329,9
96450	11086	96450	60	96450	0	96450	3	96450	5329,9
96460	11087	96460	69,4	96460	0	96460	3	96460	5329,9
96470	11088	96470	60,1	96470	0	96470	3	96470	5329,9
96480	11089	96480	57,5	96480	0	96480	3	96480	5329,9
96490	11090	96490	60,7	96490	0	96490	3	96490	5329,9
96500	11091	96500	57,4	96500	0	96500	3	96500	5329,9
96510	11092	96510	60,4	96510	0	96510	3	96510	5329,9
96520	11093	96520	55,5	96520	0	96520	3	96520	5329,9
96530	11094	96530	64,2	96530	0	96530	3	96530	5329,9
96540	11095	96540	65,9	96540	0	96540	3	96540	5329,9
96550	11096	96550	60,4	96550	0	96550	3	96550	5329,9
96560	11097	96560	66,9	96560	0	96560	6	96560	5329,9
96570	11098	96570	96,7	96570	0	96570	3	96570	5329,9
96580	11099	96580	61,4	96580	0	96580	3	96580	5329,9
96590	11100	96590	37,9	96590	0	96590	3	96590	5329,9
96600	11101	96600	56,2	96600	0	96600	3	96600	5329,9
96610	11102	96610	63,4	96610	0	96610	3	96610	5329,9
96620	11103	96620	39,9	96620	0	96620	3	96620	5329,9
96630	11104	96630	56	96630	0	96630	3	96630	5329,9
96640	11105	96640	53,3	96640	0	96640	3	96640	5329,9
96650	11106	96650	58	96650	0	96650	3	96650	5329,9
96660	11107	96660	62,6	96660	0	96660	3	96660	5329,9
96670	11108	96670	56,3	96670	0	96670	3	96670	5329,9
96680	11109	96680	56,8	96680	0	96680	3	96680	5329,9
96690	11110	96690	56,9	96690	0	96690	3	96690	5329,9
96700	11111	96700	55,2	96700	0	96700	3	96700	5329,9
96710	11112	96710	54,1	96710	0	96710	3	96710	5329,9
96720	11113	96720	63,9	96720	0	96720	3	96720	5329,9
96730	11114	96730	50,6	96730	0	96730	4	96730	5329,9
96740	11115	96740	76,9	96740	0	96740	3	96740	5329,9
96750	11116	96750	61,6	96750	0	96750	3	96750	5329,9
96760	11117	96760	62,7	96760	0	96760	3	96760	5329,9
96770	11118	96770	60,1	96770	0	96770	3	96770	5329,9
96780	11119	96780	82,6	96780	0	96780	3	96780	5329,9
96790	11120	96790	64,2	96790	0	96790	3	96790	5329,9
96800	11121	96800	45,5	96800	0	96800	3	96800	5329,9
96810	11122	96810	48,8	96810	0	96810	3	96810	5329,9
96820	11123	96820	62	96820	0	96820	3	96820	5329,9
96830	11124	96830	59,2	96830	0	96830	3	96830	5329,9
96840	11125	96840	58,4	96840	0	96840	3	96840	5329,9
96850	11126	96850	71,5	96850	0	96850	3	96850	5329,9
96860	11127	96860	60,6	96860	0	96860	3	96860	5329,9
96870	11128	96870	57,1	96870	0	96870	3	96870	5329,9
96880	11129	96880	64,8	96880	0	96880	3	96880	5329,9
96890	11130	96890	71	96890	0	96890	3	96890	5329,9
96900	11131	96900	70,4	96900	0	96900	3	96900	5329,9
96910	11132	96910	72	96910	0	96910	6	96910	5329,9
96920	11133	96920	114,5	96920	0	96920	3	96920	5329,9
96930	11134	96930	144,7	96930	0	96930	3	96930	5329,9
96940	11135	96940	68,7	96940	0	96940	3	96940	5329,9
96950	11136	96950	67	96950	0	96950	3	96950	5329,9
96960	11137	96960	67,9	96960	0	96960	3	96960	5329,9
96970	11138	96970	63,9	96970	0	96970	3	96970	5329,9
96980	11139	96980	46,3	96980	0	96980	1	96980	5329,9
96990	11140	96990	31,4	96990	0	96990	1	96990	5329,9
97000	11141	97000	36,4	97000	0	97000	1	97000	5329,9
97010	11142	97010	34,6	97010	0	97010	1	97010	5329,9
97020	11143	97020	35,3	97020	0	97020	1	97020	5329,9
97030	11144	97030	55	97030	0	97030	1	97030	5329,9
97040	11145	97040	49,6	97040	0	97040	1	97040	5329,9
97050	11146	97050	37,3	97050	0	97050	1	97050	5329,9
97060	11147	97060	41,9	97060	0	97060	1	97060	5329,9
97070	11148	97070	35,4	97070	0	97070	1	97070	5329,9
97080	11149	97080	50,6	97080	0	97080	2	97080	5329,9
97090	11150	97090	51,8	97090	0	97090	1	97090	5329,9
97100	11151	97100	56,6	97100	0	97100	1	97100	5329,9
97110	11152	97110	50,8	97110	0	97110	1	97110	5329,9
97120	11153	97120	35,5	97120	0	97120	1	97120	5329,9
97130	11154	97130	39,3	97130	0	97130	1	97130	5329,9
97140	11155	97140	50,7	97140	0	97140	1	97140	5329,9
97150	11156	97150	46,6	97150	0	97150	1	97150	5329,9
97160	11157	97160	53	97160	0	97160	1	97160	5329,9
97170	11158	97170	44,1	97170	0	97170	1	97170	5329,9
97180	11159	97180	37,3	97180	0	97180	1	97180	5329,9
97190	11160	97190	40,1	97190	0	97190	1	97190	5329,9
97200	11161	97200	24,5	97200	0	97200	1	97200	5329,9
97210	11162	97210	50	97210	0	97210	1	97210	5329,9
97220	11163	97220	48,7	97220	0	97220	1	97220	5329,9
97230	11164	97230	43	97230	0	97230	1	97230	5329,9
97240	11165	97240	48,4	97240	0	97240	1	97240	5329,9
97250	11166	97250	45,1	97250	0	97250	5	97250	5329,9
97260	11167	97260	94,7	97260	0	97260	1	97260	5329,9
97270	11168	97270	47,4	97270	0	97270	1	97270	5329,9
97280	11169	97280	45,4	97280	0	97280	1	97280	5329,9
97290	11170	97290	54,2	97290	0	97290	1	97290	5329,9
97300	11171	97300	52,9	97300	0	97300	1	97300	5329,9
97310	11172	97310	46,2	97310	0	97310	1	97310	5329,9
97320	11173	97320	44,5	97320	0	97320	1	97320	5329,9
97330	11174	97330	26,7	97330	0	97330	1	97330	5329,9
97340	11175	97340	31,3	97340	0	97340	1	97340	5329,9
97350	11176	97350	60,2	97350	0	97350	1	97350	5329,9
97360	11177	97360	44,4	97360	0	97360	1	97360	5329,9
97370	11178	97370	43,2	97370	0	97370	1	97370	5329,9
97380	11179	97380	44,4	97380	0	97380	1	97380	5329,9
97390	11180	97390	56,9	97390	0	97390	1	97390	5329,9
97400	11181	97400	49,4	97400	0	97400	1	97400	5329,9
97410	11182	97410	39,5	97410	0	97410	6	97410	5329,9
97420	11183	97420	87,5	97420	0	97420	1	97420	5329,9
97430	11184	97430	42,5	97430	0	97430	1	97430	5329,9
97440	11185	97440	29,7	97440	0	97440	1	97440	5329,9
97450	11186	97450	48,3	97450	0	97450	1	97450	5329,9
97460	11187	97460	62,7	97460	0	97460	1	97460	5329,9
97470	11188	97470	44,2	97470	0	97470	1	97470	5329,9
97480	11189	97480	43,1	97480	0	97480	1	97480	5329,9
97490	11190	97490	45,5	97490	0	97490	1	97490	5329,9
97500	11191	97500	37,4	97500	0	97500	1	97500	5329,9
97510	11192	97510	28,9	97510	0	97510	1	97510	5329,9
97520	11193	97520	39,1	97520	0	97520	1	97520	5329,9
97530	11194	97530	39,3	97530	0	97530	1	97530	5329,9
97540	11195	97540	26,7	97540	0	97540	1	97540	5329,9
97550	11196	97550	43,3	97550	0	97550	1	97550	5329,9
97560	11197	97560	31,2	97560	0	97560	1	97560	5329,9
97570	11198	97570	42,4	97570	0	97570	1	97570	5329,9
97580	11199	97580	42	97580	0	97580	4	97580	5329,9
97590	11200	97590	72,4	97590	0	97590	1	97590	5329,9
97600	11201	97600	30,5	97600	0	97600	1	97600	5329,9
97610	11202	97610	27,9	97610	0	97610	1	97610	5329,9
97620	11203	97620	27,3	97620	0	97620	1	97620	5329,9
97630	11204	97630	37	97630	0	97630	1	97630	5329,9
97640	11205	97640	26,5	97640	0	97640	1	97640	5329,9
97650	11206	97650	41,6	97650	0	97650	1	97650	5329,9
97660	11207	97660	49,8	97660	0	97660	1	97660	5329,9
97670	11208	97670	45,3	97670	0	97670	1	97670	5329,9
97680	11209	97680	41,1	97680	0	97680	1	97680	5329,9
97690	11210	97690	26,1	97690	0	97690	1	97690	5329,9
97700	11211	97700	47,3	97700	0	97700	1	97700	5329,9
97710	11212	97710	35,4	97710	0	97710	1	97710	5329,9
97720	11213	97720	43,8	97720	0	97720	1	97720	5329,9
97730	11214	97730	40,8	97730	0	97730	1	97730	5329,9
97740	11215	97740	42,9	97740	0	97740	3	97740	5329,9
97750	11216	97750	43,6	97750	0	97750	1	97750	5329,9
97760	11217	97760	29,7	97760	0	97760	1	97760	5329,9
97770	11218	97770	29,3	97770	0	97770	1	97770	5329,9
97780	11219	97780	28,6	97780	0	97780	1	97780	5329,9
97790	11220	97790	26,4	97790	0	97790	1	97790	5329,9
97800	11221	97800	30,6	97800	0	97800	1	97800	5329,9
97810	11222	97810	23,4	97810	0	97810	1	97810	5329,9
97820	11223	97820	27,3	97820	0	97820	1	97820	5329,9
97830	11224	97830	47	97830	0	97830	1	97830	5329,9
97840	11225	97840	33,5	97840	0	97840	1	97840	5329,9
97850	11226	97850	37,1	97850	0	97850	1	97850	5329,9
97860	11227	97860	31,9	97860	0	97860	1	97860	5329,9
97870	11228	97870	27,2	97870	0	97870	1	97870	5329,9
97880	11229	97880	32,6	97880	0	97880	1	97880	5329,9
97890	11230	97890	25,8	97890	0	97890	1	97890	5329,9
97900	11231	97900	29,8	97900	0	97900	6	97900	5329,9
97910	11232	97910	57,7	97910	0	97910	1	97910	5329,9
97920	11233	97920	26,6	97920	0	97920	1	97920	5329,9
97930	11234	97930	20,4	97930	0	97930	1	97930	5329,9
97940	11235	97940	29,1	97940	0	97940	1	97940	5329,9
97950	11236	97950	26,7	97950	0	97950	1	97950	5329,9
97960	11237	97960	31	97960	0	97960	1	97960	5329,9
97970	11238	97970	36,2	97970	0	97970	1	97970	5329,9
97980	11239	97980	39,6	97980	0	97980	1	97980	5329,9
97990	11240	97990	28,2	97990	0	97990	1	97990	5329,9
98000	11241	98000	31,3	98000	0	98000	1	98000	5329,9
98010	11242	98010	38,7	98010	0	98010	1	98010	5329,9
98020	11243	98020	44,6	98020	0	98020	1	98020	5329,9
98030	11244	98030	27,3	98030	0	98030	1	98030	5329,9
98040	11245	98040	34,8	98040	0	98040	1	98040	5329,9
98050	11246	98050	24,7	98050	0	98050	1	98050	5329,9
98060	11247	98060	26,7	98060	0	98060	1	98060	5329,9
98070	11248	98070	40,1	98070	0	98070	6	98070	5329,9
98080	11249	98080	80,4	98080	0	98080	1	98080	5329,9
98090	11250	98090	25	98090	0	98090	1	98090	5329,9
98100	11251	98100	40,1	98100	0	98100	1	98100	5329,9
98110	11252	98110	21,2	98110	0	98110	1	98110	5329,9
98120	11253	98120	44,1	98120	0	98120	1	98120	5329,9
98130	11254	98130	35	98130	0	98130	1	98130	5329,9
98140	11255	98140	46	98140	0	98140	1	98140	5329,9
98150	11256	98150	25	98150	0	98150	1	98150	5329,9
98160	11257	98160	42,3	98160	0	98160	1	98160	5329,9
98170	11258	98170	30,5	98170	0	98170	1	98170	5329,9
98180	11259	98180	39,2	98180	0	98180	1	98180	5329,9
98190	11260	98190	36,4	98190	0	98190	1	98190	5329,9
98200	11261	98200	26,4	98200	0	98200	1	98200	5329,9
98210	11262	98210	47,4	98210	0	98210	1	98210	5329,9
98220	11263	98220	25,7	98220	0	98220	1	98220	5329,9
98230	11264	98230	23	98230	0	98230	1	98230	5329,9
98240	11265	98240	45,1	98240	0	98240	6	98240	5329,9
98250	11266	98250	51,1	98250	0	98250	3	98250	5329,9
98260	11267	98260	58	98260	0	98260	3	98260	5329,9
98270	11268	98270	39,5	98270	0	98270	3	98270	5329,9
98280	11269	98280	37,1	98280	0	98280	3	98280	5329,9
98290	11270	98290	57,2	98290	0	98290	5	98290	5329,9
98300	11271	98300	71,9	98300	0	98300	3	98300	5329,9
98310	11272	98310	31	98310	0	98310	3	98310	5329,9
98320	11273	98320	57,5	98320	0	98320	3	98320	5329,9
98330	11274	98330	56,6	98330	0	98330	3	98330	5329,9
98340	11275	98340	46,7	98340	0	98340	3	98340	5329,9
98350	11276	98350	35	98350	0	98350	3	98350	5329,9
98360	11277	98360	57	98360	0	98360	3	98360	5329,9
98370	11278	98370	35	98370	0	98370	3	98370	5329,9
98380	11279	98380	34,4	98380	0	98380	3	98380	5329,9
98390	11280	98390	60,2	98390	0	98390	3	98390	5329,9
98400	11281	98400	58,3	98400	0	98400	3	98400	5329,9
98410	11282	98410	59,2	98410	0	98410	5	98410	5329,9
98420	11283	98420	93,8	98420	0	98420	3	98420	5329,9
98430	11284	98430	64,6	98430	0	98430	3	98430	5329,9
98440	11285	98440	45,8	98440	0	98440	3	98440	5329,9
98450	11286	98450	35,5	98450	0	98450	3	98450	5329,9
98460	11287	98460	33,7	98460	0	98460	3	98460	5329,9
98470	11288	98470	56,4	98470	0	98470	3	98470	5329,9
98480	11289	98480	58,7	98480	0	98480	3	98480	5329,9
98490	11290	98490	38,5	98490	0	98490	3	98490	5329,9
98500	11291	98500	53,9	98500	0	98500	3	98500	5329,9
98510	11292	98510	59,4	98510	0	98510	3	98510	5329,9
98520	11293	98520	62,1	98520	0	98520	3	98520	5329,9
98530	11294	98530	48,3	98530	0	98530	3	98530	5329,9
98540	11295	98540	57,6	98540	0	98540	3	98540	5329,9
98550	11296	98550	41,3	98550	0	98550	3	98550	5329,9
98560	11297	98560	35,3	98560	0	98560	3	98560	5329,9
98570	11298	98570	57,7	98570	0	98570	3	98570	5329,9
98580	11299	98580	33,4	98580	0	98580	4	98580	5329,9
98590	11300	98590	59,7	98590	0	98590	3	98590	5329,9
98600	11301	98600	33	98600	0	98600	3	98600	5329,9
98610	11302	98610	35,3	98610	0	98610	3	98610	5329,9
98620	11303	98620	34,5	98620	0	98620	3	98620	5329,9
98630	11304	98630	44,7	98630	0	98630	3	98630	5329,9
98640	11305	98640	35,5	98640	0	98640	3	98640	5329,9
98650	11306	98650	34,3	98650	0	98650	3	98650	5329,9
98660	11307	98660	35,9	98660	0	98660	3	98660	5329,9
98670	11308	98670	54,6	98670	0	98670	3	98670	5329,9
98680	11309	98680	36,1	98680	0	98680	3	98680	5329,9
98690	11310	98690	56,2	98690	0	98690	3	98690	5329,9
98700	11311	98700	34,2	98700	0	98700	3	98700	5329,9
98710	11312	98710	56,1	98710	0	98710	3	98710	5329,9
98720	11313	98720	34,5	98720	0	98720	3	98720	5329,9
98730	11314	98730	35,3	98730	0	98730	3	98730	5329,9
98740	11315	98740	57	98740	0	98740	3	98740	5329,9
98750	11316	98750	54,7	98750	0	98750	6	98750	5329,9
98760	11317	98760	48,9	98760	0	98760	1	98760	5329,9
98770	11318	98770	34,6	98770	0	98770	1	98770	5329,9
98780	11319	98780	25,6	98780	0	98780	1	98780	5329,9
98790	11320	98790	30,2	98790	0	98790	1	98790	5329,9
98800	11321	98800	39,2	98800	0	98800	1	98800	5329,9
98810	11322	98810	27,8	98810	0	98810	1	98810	5329,9
98820	11323	98820	30,6	98820	0	98820	1	98820	5329,9
98830	11324	98830	28,2	98830	0	98830	1	98830	5329,9
98840	11325	98840	25,8	98840	0	98840	1	98840	5329,9
98850	11326	98850	26,8	98850	0	98850	1	98850	5329,9
98860	11327	98860	25,3	98860	0	98860	1	98860	5329,9
98870	11328	98870	31,1	98870	0	98870	1	98870	5329,9
98880	11329	98880	24,4	98880	0	98880	1	98880	5329,9
98890	11330	98890	31,4	98890	0	98890	1	98890	5329,9
98900	11331	98900	25,8	98900	0	98900	1	98900	5329,9
98910	11332	98910	24	98910	0	98910	4	98910	5329,9
98920	11333	98920	80,9	98920	0	98920	1	98920	5329,9
98930	11334	98930	25,8	98930	0	98930	1	98930	5329,9
98940	11335	98940	36,2	98940	0	98940	1	98940	5329,9
98950	11336	98950	22,7	98950	0	98950	1	98950	5329,9
98960	11337	98960	40,3	98960	0	98960	1	98960	5329,9
98970	11338	98970	44,3	98970	0	98970	1	98970	5329,9
98980	11339	98980	27	98980	0	98980	1	98980	5329,9
98990	11340	98990	44,6	98990	0	98990	1	98990	5329,9
99000	11341	99000	24,7	99000	0	99000	1	99000	5329,9
99010	11342	99010	27,2	99010	0	99010	1	99010	5329,9
99020	11343	99020	44,6	99020	0	99020	1	99020	5329,9
99030	11344	99030	44,8	99030	0	99030	1	99030	5329,9
99040	11345	99040	44,9	99040	0	99040	1	99040	5329,9
99050	11346	99050	26,5	99050	0	99050	1	99050	5329,9
99060	11347	99060	48	99060	0	99060	1	99060	5329,9
99070	11348	99070	35,9	99070	0	99070	3	99070	5329,9
99080	11349	99080	41,8	99080	0	99080	1	99080	5329,9
99090	11350	99090	27,1	99090	0	99090	1	99090	5329,9
99100	11351	99100	43,8	99100	0	99100	1	99100	5329,9
99110	11352	99110	25,5	99110	0	99110	1	99110	5329,9
99120	11353	99120	44	99120	0	99120	1	99120	5329,9
99130	11354	99130	42,3	99130	0	99130	1	99130	5329,9
99140	11355	99140	51,1	99140	0	99140	1	99140	5329,9
99150	11356	99150	26,9	99150	0	99150	1	99150	5329,9
99160	11357	99160	24,1	99160	0	99160	1	99160	5329,9
99170	11358	99170	41,2	99170	0	99170	1	99170	5329,9
99180	11359	99180	42,6	99180	0	99180	1	99180	5329,9
99190	11360	99190	37,1	99190	0	99190	1	99190	5329,9
99200	11361	99200	37,7	99200	0	99200	1	99200	5329,9
99210	11362	99210	48,3	99210	0	99210	1	99210	5329,9
99220	11363	99220	24,1	99220	0	99220	1	99220	5329,9
99230	11364	99230	25,3	99230	0	99230	6	99230	5329,9
99240	11365	99240	88,1	99240	0	99240	1	99240	5329,9
99250	11366	99250	39,9	99250	0	99250	1	99250	5329,9
99260	11367	99260	29	99260	0	99260	1	99260	5329,9
99270	11368	99270	42,2	99270	0	99270	1	99270	5329,9
99280	11369	99280	43,2	99280	0	99280	1	99280	5329,9
99290	11370	99290	43,8	99290	0	99290	1	99290	5329,9
99300	11371	99300	33,9	99300	0	99300	1	99300	5329,9
99310	11372	99310	42	99310	0	99310	1	99310	5329,9
99320	11373	99320	44,7	99320	0	99320	1	99320	5329,9
99330	11374	99330	32,5	99330	0	99330	1	99330	5329,9
99340	11375	99340	41,5	99340	0	99340	1	99340	5329,9
99350	11376	99350	39,7	99350	0	99350	1	99350	5329,9
99360	11377	99360	39,1	99360	0	99360	1	99360	5329,9
99370	11378	99370	40,3	99370	0	99370	1	99370	5329,9
99380	11379	99380	26,8	99380	0	99380	1	99380	5329,9
99390	11380	99390	45,4	99390	0	99390	1	99390	5329,9
99400	11381	99400	41,9	99400	0	99400	1	99400	5329,9
99410	11382	99410	50,5	99410	0	99410	3	99410	5329,9
99420	11383	99420	41	99420	0	99420	1	99420	5329,9
99430	11384	99430	34,4	99430	0	99430	1	99430	5329,9
99440	11385	99440	51,2	99440	0	99440	1	99440	5329,9
99450	11386	99450	45,4	99450	0	99450	1	99450	5329,9
99460	11387	99460	44,1	99460	0	99460	1	99460	5329,9
99470	11388	99470	42,9	99470	0	99470	1	99470	5329,9
99480	11389	99480	26,9	99480	0	99480	1	99480	5329,9
99490	11390	99490	38,2	99490	0	99490	1	99490	5329,9
99500	11391	99500	33,8	99500	0	99500	1	99500	5329,9
99510	11392	99510	51	99510	0	99510	1	99510	5329,9
99520	11393	99520	40,6	99520	0	99520	1	99520	5329,9
99530	11394	99530	36,1	99530	0	99530	1	99530	5329,9
99540	11395	99540	31,9	99540	0	99540	1	99540	5329,9
99550	11396	99550	47,3	99550	0	99550	1	99550	5329,9
99560	11397	99560	46,6	99560	0	99560	1	99560	5329,9
99570	11398	99570	43,7	99570	0	99570	4	99570	5329,9
99580	11399	99580	44,8	99580	0	99580	1	99580	5329,9
99590	11400	99590	43,3	99590	0	99590	1	99590	5329,9
99600	11401	99600	44,4	99600	0	99600	1	99600	5329,9
99610	11402	99610	26,6	99610	0	99610	1	99610	5329,9
99620	11403	99620	23,3	99620	0	99620	1	99620	5329,9
99630	11404	99630	26	99630	0	99630	1	99630	5329,9
99640	11405	99640	44,8	99640	0	99640	1	99640	5329,9
99650	11406	99650	26,2	99650	0	99650	1	99650	5329,9
99660	11407	99660	25,3	99660	0	99660	1	99660	5329,9
99670	11408	99670	43,3	99670	0	99670	1	99670	5329,9
99680	11409	99680	27,3	99680	0	99680	1	99680	5329,9
99690	11410	99690	28,1	99690	0	99690	1	99690	5329,9
99700	11411	99700	32,5	99700	0	99700	1	99700	5329,9
99710	11412	99710	45,1	99710	0	99710	1	99710	5329,9
99720	11413	99720	25,3	99720	0	99720	1	99720	5329,9
99730	11414	99730	41	99730	0	99730	1	99730	5329,9
99740	11415	99740	46,7	99740	0	99740	3	99740	5329,9
99750	11416	99750	75,1	99750	0	99750	1	99750	5329,9
99760	11417	99760	44,7	99760	0	99760	1	99760	5329,9
99770	11418	99770	53,1	99770	0	99770	1	99770	5329,9
99780	11419	99780	48,8	99780	0	99780	1	99780	5329,9
99790	11420	99790	43,8	99790	0	99790	1	99790	5329,9
99800	11421	99800	34,5	99800	0	99800	1	99800	5329,9
99810	11422	99810	48,7	99810	0	99810	1	99810	5329,9
99820	11423	99820	29,6	99820	0	99820	1	99820	5329,9
99830	11424	99830	24,3	99830	0	99830	1	99830	5329,9
99840	11425	99840	44,2	99840	0	99840	1	99840	5329,9
99850	11426	99850	56	99850	0	99850	1	99850	5329,9
99860	11427	99860	47,2	99860	0	99860	1	99860	5329,9
99870	11428	99870	57,3	99870	0	99870	1	99870	5329,9
99880	11429	99880	43,8	99880	0	99880	1	99880	5329,9
99890	11430	99890	34,8	99890	0	99890	1	99890	5329,9
99900	11431	99900	44,6	99900	0	99900	1	99900	5329,9
99910	11432	99910	43,1	99910	0	99910	6	99910	5329,9
99920	11433	99920	94,6	99920	0	99920	3	99920	5329,9
99930	11434	99930	57,3	99930	0	99930	3	99930	5329,9
99940	11435	99940	48	99940	0	99940	3	99940	5329,9
99950	11436	99950	62,9	99950	0	99950	3	99950	5329,9
99960	11437	99960	65,3	99960	0	99960	3	99960	5329,9
99970	11438	99970	35,2	99970	0	99970	3	99970	5329,9
99980	11439	99980	69,2	99980	0	99980	3	99980	5329,9
99990	11440	99990	61,1	99990	0	99990	3	99990	5329,9
100000	11441	100000	61,1	100000	0	100000	3	100000	5329,9
100010	11442	100010	57,9	100010	0	100010	3	100010	5329,9
100020	11443	100020	48	100020	0	100020	3	100020	5329,9
100030	11444	100030	69,6	100030	0	100030	3	100030	5329,9
100040	11445	100040	38,4	100040	0	100040	1	100040	5329,9
100050	11446	100050	50,9	100050	0	100050	1	100050	5329,9
100060	11447	100060	49,8	100060	0	100060	1	100060	5329,9
100070	11448	100070	48,1	100070	0	100070	1	100070	5329,9
100080	11449	100080	41,3	100080	0	100080	5	100080	5329,9
100090	11450	100090	87,8	100090	0	100090	3	100090	5329,9
100100	11451	100100	65,6	100100	0	100100	3	100100	5329,9
100110	11452	100110	64,8	100110	0	100110	3	100110	5329,9
100120	11453	100120	50,9	100120	0	100120	3	100120	5329,9
100130	11454	100130	59,1	100130	0	100130	3	100130	5329,9
100140	11455	100140	60,8	100140	0	100140	3	100140	5329,9
100150	11456	100150	71	100150	0	100150	3	100150	5329,9
100160	11457	100160	58,5	100160	0	100160	3	100160	5329,9
100170	11458	100170	64	100170	0	100170	3	100170	5329,9
100180	11459	100180	60	100180	0	100180	3	100180	5329,9
100190	11460	100190	57,2	100190	0	100190	3	100190	5329,9
100200	11461	100200	60,4	100200	0	100200	3	100200	5329,9
100210	11462	100210	61,2	100210	0	100210	3	100210	5329,9
100220	11463	100220	68,9	100220	0	100220	3	100220	5329,9
100230	11464	100230	66,1	100230	0	100230	3	100230	5329,9
100240	11465	100240	58,5	100240	0	100240	5	100240	5329,9
100250	11466	100250	87,2	100250	0	100250	3	100250	5329,9
100260	11467	100260	44,6	100260	0	100260	6	100260	5329,9
100270	11468	100270	52,4	100270	0	100270	3	100270	5329,9
100280	11469	100280	55,5	100280	0	100280	3	100280	5329,9
100290	11470	100290	43,5	100290	0	100290	3	100290	5329,9
100300	11471	100300	36,8	100300	0	100300	3	100300	5329,9
100310	11472	100310	65,6	100310	0	100310	3	100310	5329,9
100320	11473	100320	58,2	100320	0	100320	3	100320	5329,9
100330	11474	100330	51,2	100330	0	100330	3	100330	5329,9
100340	11475	100340	67	100340	0	100340	3	100340	5329,9
100350	11476	100350	61,1	100350	0	100350	3	100350	5329,9
100360	11477	100360	63,4	100360	0	100360	3	100360	5329,9
100370	11478	100370	51,3	100370	0	100370	3	100370	5329,9
100380	11479	100380	46,3	100380	0	100380	3	100380	5329,9
100390	11480	100390	56,5	100390	0	100390	3	100390	5329,9
100400	11481	100400	60,8	100400	0	100400	3	100400	5329,9
100410	11482	100410	64,2	100410	0	100410	3	100410	5329,9
100420	11483	100420	58,2	100420	0	100420	3	100420	5329,9
100430	11484	100430	60,2	100430	0	100430	4	100430	5329,9
100440	11485	100440	78,4	100440	0	100440	3	100440	5329,9
100450	11486	100450	55,6	100450	0	100450	3	100450	5329,9
100460	11487	100460	66	100460	0	100460	3	100460	5329,9
100470	11488	100470	65,9	100470	0	100470	3	100470	5329,9
100480	11489	100480	62,2	100480	0	100480	3	100480	5329,9
100490	11490	100490	60,1	100490	0	100490	3	100490	5329,9
100500	11491	100500	57,7	100500	0	100500	3	100500	5329,9
100510	11492	100510	64	100510	0	100510	3	100510	5329,9
100520	11493	100520	58,7	100520	0	100520	3	100520	5329,9
100530	11494	100530	60,5	100530	0	100530	3	100530	5329,9
100540	11495	100540	57,8	100540	0	100540	3	100540	5329,9
100550	11496	100550	58,6	100550	0	100550	3	100550	5329,9
100560	11497	100560	69,1	100560	0	100560	3	100560	5329,9
100570	11498	100570	60,7	100570	0	100570	3	100570	5329,9
100580	11499	100580	59,4	100580	0	100580	3	100580	5329,9
100590	11500	100590	67,8	100590	0	100590	3	100590	5329,9
100600	11501	100600	51,5	100600	0	100600	4	100600	5329,9
100610	11502	100610	77,6	100610	0	100610	3	100610	5329,9
100620	11503	100620	65,6	100620	0	100620	3	100620	5329,9
100630	11504	100630	68,6	100630	0	100630	3	100630	5329,9
100640	11505	100640	62,5	100640	0	100640	3	100640	5329,9
100650	11506	100650	70,4	100650	0	100650	3	100650	5329,9
100660	11507	100660	68,1	100660	0	100660	3	100660	5329,9
100670	11508	100670	60,2	100670	0	100670	3	100670	5329,9
100680	11509	100680	64,2	100680	0	100680	3	100680	5329,9
100690	11510	100690	59,7	100690	0	100690	3	100690	5329,9
100700	11511	100700	60,5	100700	0	100700	3	100700	5329,9
100710	11512	100710	63,5	100710	0	100710	3	100710	5329,9
100720	11513	100720	69,2	100720	0	100720	3	100720	5329,9
100730	11514	100730	68,4	100730	0	100730	3	100730	5329,9
100740	11515	100740	61,7	100740	0	100740	3	100740	5329,9
100750	11516	100750	61,2	100750	0	100750	3	100750	5329,9
100760	11517	100760	55,4	100760	0	100760	3	100760	5329,9
100770	11518	100770	68,9	100770	0	100770	4	100770	5329,9
100780	11519	100780	91,1	100780	0	100780	3	100780	5329,9
100790	11520	100790	58,2	100790	0	100790	3	100790	5329,9
100800	11521	100800	60,2	100800	0	100800	3	100800	5329,9
100810	11522	100810	57,3	100810	0	100810	3	100810	5329,9
100820	11523	100820	35,8	100820	0	100820	3	100820	5329,9
100830	11524	100830	64,6	100830	0	100830	3	100830	5329,9
100840	11525	100840	61,9	100840	0	100840	3	100840	5329,9
100850	11526	100850	59,9	100850	0	100850	3	100850	5329,9
100860	11527	100860	61,1	100860	0	100860	3	100860	5329,9
100870	11528	100870	53,4	100870	0	100870	3	100870	5329,9
100880	11529	100880	62,8	100880	0	100880	3	100880	5329,9
100890	11530	100890	68,1	100890	0	100890	3	100890	5329,9
100900	11531	100900	60,3	100900	0	100900	3	100900	5329,9
100910	11532	100910	34,8	100910	0	100910	3	100910	5329,9
100920	11533	100920	73,4	100920	0	100920	3	100920	5329,9
100930	11534	100930	66,6	100930	0	100930	3	100930	5329,9
100940	11535	100940	55,3	100940	0	100940	3	100940	5329,9
100950	11536	100950	54,5	100950	0	100950	4	100950	5329,9
100960	11537	100960	74,1	100960	0	100960	3	100960	5329,9
100970	11538	100970	61	100970	0	100970	3	100970	5329,9
100980	11539	100980	56,9	100980	0	100980	3	100980	5329,9
100990	11540	100990	54,5	100990	0	100990	3	100990	5329,9
101000	11541	101000	65,7	101000	0	101000	3	101000	5329,9
101010	11542	101010	62,7	101010	0	101010	3	101010	5329,9
101020	11543	101020	62,6	101020	0	101020	3	101020	5329,9
101030	11544	101030	65,4	101030	0	101030	3	101030	5329,9
101040	11545	101040	67,9	101040	0	101040	3	101040	5329,9
101050	11546	101050	67,7	101050	0	101050	3	101050	5329,9
101060	11547	101060	36,7	101060	0	101060	3	101060	5329,9
101070	11548	101070	44,6	101070	0	101070	3	101070	5329,9
101080	11549	101080	58,4	101080	0	101080	3	101080	5329,9
101090	11550	101090	61,2	101090	0	101090	3	101090	5329,9
101100	11551	101100	52	101100	0	101100	3	101100	5329,9
101110	11552	101110	61,1	101110	0	101110	3	101110	5329,9
101120	11553	101120	37,9	101120	0	101120	3	101120	5329,9
101130	11554	101130	31,6	101130	0	101130	6	101130	5329,9
101140	11555	101140	87,8	101140	0	101140	1	101140	5329,9
101150	11556	101150	42,8	101150	0	101150	1	101150	5329,9
101160	11557	101160	46,5	101160	0	101160	1	101160	5329,9
101170	11558	101170	44,4	101170	0	101170	1	101170	5329,9
101180	11559	101180	41,9	101180	0	101180	1	101180	5329,9
101190	11560	101190	52,5	101190	0	101190	1	101190	5329,9
101200	11561	101200	35,1	101200	0	101200	1	101200	5329,9
101210	11562	101210	42,4	101210	0	101210	1	101210	5329,9
101220	11563	101220	34,4	101220	0	101220	1	101220	5329,9
101230	11564	101230	26	101230	0	101230	1	101230	5329,9
101240	11565	101240	49	101240	0	101240	1	101240	5329,9
101250	11566	101250	48,7	101250	0	101250	1	101250	5329,9
101260	11567	101260	47,9	101260	0	101260	1	101260	5329,9
101270	11568	101270	42,6	101270	0	101270	1	101270	5329,9
101280	11569	101280	44,8	101280	0	101280	1	101280	5329,9
101290	11570	101290	43,4	101290	0	101290	1	101290	5329,9
101300	11571	101300	50,5	101300	0	101300	6	101300	5329,9
101310	11572	101310	86,3	101310	0	101310	1	101310	5329,9
101320	11573	101320	55,3	101320	0	101320	1	101320	5329,9
101330	11574	101330	45,1	101330	0	101330	1	101330	5329,9
101340	11575	101340	49,9	101340	0	101340	1	101340	5329,9
101350	11576	101350	55	101350	0	101350	1	101350	5329,9
101360	11577	101360	46,3	101360	0	101360	1	101360	5329,9
101370	11578	101370	47	101370	0	101370	1	101370	5329,9
101380	11579	101380	48,7	101380	0	101380	1	101380	5329,9
101390	11580	101390	57,9	101390	0	101390	1	101390	5329,9
101400	11581	101400	45,5	101400	0	101400	1	101400	5329,9
101410	11582	101410	49,4	101410	0	101410	1	101410	5329,9
101420	11583	101420	39,3	101420	0	101420	1	101420	5329,9
101430	11584	101430	51,4	101430	0	101430	1	101430	5329,9
101440	11585	101440	53,1	101440	0	101440	1	101440	5329,9
101450	11586	101450	45,1	101450	0	101450	1	101450	5329,9
101460	11587	101460	43,3	101460	0	101460	1	101460	5329,9
101470	11588	101470	47,2	101470	0	101470	6	101470	5329,9
101480	11589	101480	107,2	101480	0	101480	3	101480	5329,9
101490	11590	101490	62,9	101490	0	101490	3	101490	5329,9
101500	11591	101500	62,8	101500	0	101500	3	101500	5329,9
101510	11592	101510	63,8	101510	0	101510	3	101510	5329,9
101520	11593	101520	30,4	101520	0	101520	3	101520	5329,9
101530	11594	101530	35,5	101530	0	101530	3	101530	5329,9
101540	11595	101540	145,5	101540	0	101540	3	101540	5329,9
101550	11596	101550	59	101550	0	101550	3	101550	5329,9
101560	11597	101560	66	101560	0	101560	3	101560	5329,9
101570	11598	101570	62,8	101570	0	101570	3	101570	5329,9
101580	11599	101580	68,8	101580	0	101580	5	101580	5329,9
101590	11600	101590	53,8	101590	0	101590	3	101590	5329,9
101600	11601	101600	71,5	101600	0	101600	3	101600	5329,9
101610	11602	101610	52,6	101610	0	101610	3	101610	5329,9
101620	11603	101620	39	101620	0	101620	3	101620	5329,9
101630	11604	101630	54,3	101630	0	101630	3	101630	5329,9
101640	11605	101640	69,2	101640	0	101640	6	101640	5329,9
101650	11606	101650	102,1	101650	0	101650	3	101650	5329,9
101660	11607	101660	51	101660	0	101660	3	101660	5329,9
101670	11608	101670	31,8	101670	0	101670	3	101670	5329,9
101680	11609	101680	68	101680	0	101680	3	101680	5329,9
101690	11610	101690	40,5	101690	0	101690	3	101690	5329,9
101700	11611	101700	61,9	101700	0	101700	3	101700	5329,9
101710	11612	101710	62,6	101710	0	101710	3	101710	5329,9
101720	11613	101720	65	101720	0	101720	3	101720	5329,9
101730	11614	101730	62,3	101730	0	101730	3	101730	5329,9
101740	11615	101740	61,5	101740	0	101740	3	101740	5329,9
101750	11616	101750	61,5	101750	0	101750	3	101750	5329,9
101760	11617	101760	72,4	101760	0	101760	3	101760	5329,9
101770	11618	101770	66,4	101770	0	101770	3	101770	5329,9
101780	11619	101780	56,9	101780	0	101780	3	101780	5329,9
101790	11620	101790	53,2	101790	0	101790	3	101790	5329,9
101800	11621	101800	57,2	101800	0	101800	3	101800	5329,9
101810	11622	101810	45,2	101810	0	101810	3	101810	5329,9
101820	11623	101820	44,1	101820	0	101820	6	101820	5329,9
101830	11624	101830	95,6	101830	0	101830	1	101830	5329,9
101840	11625	101840	42,6	101840	0	101840	1	101840	5329,9
101850	11626	101850	42,8	101850	0	101850	1	101850	5329,9
101860	11627	101860	42,5	101860	0	101860	1	101860	5329,9
101870	11628	101870	45,6	101870	0	101870	1	101870	5329,9
101880	11629	101880	46,5	101880	0	101880	1	101880	5329,9
101890	11630	101890	57,7	101890	0	101890	1	101890	5329,9
101900	11631	101900	55,3	101900	0	101900	1	101900	5329,9
101910	11632	101910	48,6	101910	0	101910	1	101910	5329,9
101920	11633	101920	44,3	101920	0	101920	1	101920	5329,9
101930	11634	101930	48,4	101930	0	101930	1	101930	5329,9
101940	11635	101940	47,2	101940	0	101940	1	101940	5329,9
101950	11636	101950	45,9	101950	0	101950	1	101950	5329,9
101960	11637	101960	26,3	101960	0	101960	1	101960	5329,9
101970	11638	101970	25,1	101970	0	101970	1	101970	5329,9
101980	11639	101980	47,3	101980	0	101980	1	101980	5329,9
101990	11640	101990	44,3	101990	0	101990	1	101990	5329,9
102000	11641	102000	45,8	102000	0	102000	3	102000	5329,9
102010	11642	102010	91,2	102010	0	102010	1	102010	5329,9
102020	11643	102020	51,5	102020	0	102020	1	102020	5329,9
102030	11644	102030	43,3	102030	0	102030	1	102030	5329,9
102040	11645	102040	41,1	102040	0	102040	1	102040	5329,9
102050	11646	102050	40,1	102050	0	102050	1	102050	5329,9
102060	11647	102060	46	102060	0	102060	1	102060	5329,9
102070	11648	102070	42,8	102070	0	102070	1	102070	5329,9
102080	11649	102080	45,2	102080	0	102080	1	102080	5329,9
102090	11650	102090	42,8	102090	0	102090	1	102090	5329,9
102100	11651	102100	40,1	102100	0	102100	1	102100	5329,9
102110	11652	102110	34	102110	0	102110	1	102110	5329,9
102120	11653	102120	37,5	102120	0	102120	1	102120	5329,9
102130	11654	102130	25,6	102130	0	102130	1	102130	5329,9
102140	11655	102140	28,7	102140	0	102140	1	102140	5329,9
102150	11656	102150	36	102150	0	102150	1	102150	5329,9
102160	11657	102160	44,3	102160	0	102160	1	102160	5329,9
102170	11658	102170	56,1	102170	0	102170	3	102170	5329,9
102180	11659	102180	99,1	102180	0	102180	1	102180	5329,9
102190	11660	102190	45,7	102190	0	102190	1	102190	5329,9
102200	11661	102200	39,5	102200	0	102200	1	102200	5329,9
102210	11662	102210	43,6	102210	0	102210	1	102210	5329,9
102220	11663	102220	52,4	102220	0	102220	1	102220	5329,9
102230	11664	102230	44,2	102230	0	102230	1	102230	5329,9
102240	11665	102240	56,7	102240	0	102240	1	102240	5329,9
102250	11666	102250	54,1	102250	0	102250	1	102250	5329,9
102260	11667	102260	46,3	102260	0	102260	1	102260	5329,9
102270	11668	102270	46,6	102270	0	102270	1	102270	5329,9
102280	11669	102280	41,6	102280	0	102280	1	102280	5329,9
102290	11670	102290	47,2	102290	0	102290	1	102290	5329,9
102300	11671	102300	46	102300	0	102300	1	102300	5329,9
102310	11672	102310	31,7	102310	0	102310	1	102310	5329,9
102320	11673	102320	43,5	102320	0	102320	1	102320	5329,9
102330	11674	102330	45,8	102330	0	102330	1	102330	5329,9
102340	11675	102340	44,3	102340	0	102340	4	102340	5329,9
102350	11676	102350	80,2	102350	0	102350	1	102350	5329,9
102360	11677	102360	54,3	102360	0	102360	1	102360	5329,9
102370	11678	102370	41,6	102370	0	102370	1	102370	5329,9
102380	11679	102380	47,7	102380	0	102380	1	102380	5329,9
102390	11680	102390	53,3	102390	0	102390	1	102390	5329,9
102400	11681	102400	45	102400	0	102400	1	102400	5329,9
102410	11682	102410	49,7	102410	0	102410	1	102410	5329,9
102420	11683	102420	44	102420	0	102420	1	102420	5329,9
102430	11684	102430	34,4	102430	0	102430	1	102430	5329,9
102440	11685	102440	44,3	102440	0	102440	1	102440	5329,9
102450	11686	102450	52,4	102450	0	102450	1	102450	5329,9
102460	11687	102460	49,1	102460	0	102460	1	102460	5329,9
102470	11688	102470	50,2	102470	0	102470	1	102470	5329,9
102480	11689	102480	50	102480	0	102480	1	102480	5329,9
102490	11690	102490	57,6	102490	0	102490	1	102490	5329,9
102500	11691	102500	42,1	102500	0	102500	1	102500	5329,9
102510	11692	102510	43,9	102510	0	102510	4	102510	5329,9
102520	11693	102520	83,7	102520	0	102520	1	102520	5329,9
102530	11694	102530	48	102530	0	102530	1	102530	5329,9
102540	11695	102540	56	102540	0	102540	1	102540	5329,9
102550	11696	102550	48,6	102550	0	102550	1	102550	5329,9
102560	11697	102560	33	102560	0	102560	1	102560	5329,9
102570	11698	102570	46,3	102570	0	102570	1	102570	5329,9
102580	11699	102580	47,4	102580	0	102580	1	102580	5329,9
102590	11700	102590	35,7	102590	0	102590	1	102590	5329,9
102600	11701	102600	24,8	102600	0	102600	1	102600	5329,9
102610	11702	102610	28,3	102610	0	102610	1	102610	5329,9
102620	11703	102620	34,5	102620	0	102620	1	102620	5329,9
102630	11704	102630	49,6	102630	0	102630	1	102630	5329,9
102640	11705	102640	43,7	102640	0	102640	1	102640	5329,9
102650	11706	102650	24,7	102650	0	102650	1	102650	5329,9
102660	11707	102660	34,8	102660	0	102660	1	102660	5329,9
102670	11708	102670	43,1	102670	0	102670	1	102670	5329,9
102680	11709	102680	46,9	102680	0	102680	6	102680	5329,9
102690	11710	102690	94,4	102690	0	102690	1	102690	5329,9
102700	11711	102700	38,4	102700	0	102700	1	102700	5329,9
102710	11712	102710	40,1	102710	0	102710	1	102710	5329,9
102720	11713	102720	44,6	102720	0	102720	1	102720	5329,9
102730	11714	102730	46,6	102730	0	102730	1	102730	5329,9
102740	11715	102740	47,7	102740	0	102740	1	102740	5329,9
102750	11716	102750	37,2	102750	0	102750	1	102750	5329,9
102760	11717	102760	46,2	102760	0	102760	1	102760	5329,9
102770	11718	102770	24,5	102770	0	102770	1	102770	5329,9
102780	11719	102780	26,9	102780	0	102780	1	102780	5329,9
102790	11720	102790	46,7	102790	0	102790	1	102790	5329,9
102800	11721	102800	39,2	102800	0	102800	1	102800	5329,9
102810	11722	102810	41,9	102810	0	102810	1	102810	5329,9
102820	11723	102820	52,7	102820	0	102820	1	102820	5329,9
102830	11724	102830	41,1	102830	0	102830	1	102830	5329,9
102840	11725	102840	52	102840	0	102840	1	102840	5329,9
102850	11726	102850	51,2	102850	0	102850	4	102850	5329,9
102860	11727	102860	86,9	102860	0	102860	1	102860	5329,9
102870	11728	102870	47,2	102870	0	102870	1	102870	5329,9
102880	11729	102880	49,2	102880	0	102880	1	102880	5329,9
102890	11730	102890	48	102890	0	102890	1	102890	5329,9
102900	11731	102900	51,3	102900	0	102900	1	102900	5329,9
102910	11732	102910	52,3	102910	0	102910	1	102910	5329,9
102920	11733	102920	40,6	102920	0	102920	1	102920	5329,9
102930	11734	102930	46	102930	0	102930	1	102930	5329,9
102940	11735	102940	50,6	102940	0	102940	1	102940	5329,9
102950	11736	102950	48,4	102950	0	102950	1	102950	5329,9
102960	11737	102960	50,7	102960	0	102960	1	102960	5329,9
102970	11738	102970	41,3	102970	0	102970	1	102970	5329,9
102980	11739	102980	45,9	102980	0	102980	1	102980	5329,9
102990	11740	102990	43,3	102990	0	102990	1	102990	5329,9
103000	11741	103000	46,2	103000	0	103000	1	103000	5329,9
103010	11742	103010	41,9	103010	0	103010	1	103010	5329,9
103020	11743	103020	52,7	103020	0	103020	6	103020	5329,9
103030	11744	103030	103,2	103030	0	103030	3	103030	5329,9
103040	11745	103040	67,2	103040	0	103040	3	103040	5329,9
103050	11746	103050	80,2	103050	0	103050	3	103050	5329,9
103060	11747	103060	58,7	103060	0	103060	3	103060	5329,9
103070	11748	103070	61,5	103070	0	103070	3	103070	5329,9
103080	11749	103080	63	103080	0	103080	3	103080	5329,9
103090	11750	103090	64,5	103090	0	103090	3	103090	5329,9
103100	11751	103100	63,7	103100	0	103100	3	103100	5329,9
103110	11752	103110	57,4	103110	0	103110	3	103110	5329,9
103120	11753	103120	59,1	103120	0	103120	3	103120	5329,9
103130	11754	103130	50,9	103130	0	103130	3	103130	5329,9
103140	11755	103140	55,3	103140	0	103140	3	103140	5329,9
103150	11756	103150	59	103150	0	103150	3	103150	5329,9
103160	11757	103160	58,6	103160	0	103160	3	103160	5329,9
103170	11758	103170	59,5	103170	0	103170	3	103170	5329,9
103180	11759	103180	54,2	103180	0	103180	3	103180	5329,9
103190	11760	103190	51,1	103190	0	103190	4	103190	5329,9
103200	11761	103200	71,6	103200	0	103200	3	103200	5329,9
103210	11762	103210	56	103210	0	103210	3	103210	5329,9
103220	11763	103220	58,5	103220	0	103220	3	103220	5329,9
103230	11764	103230	58,7	103230	0	103230	3	103230	5329,9
103240	11765	103240	62,7	103240	0	103240	3	103240	5329,9
103250	11766	103250	53,8	103250	0	103250	3	103250	5329,9
103260	11767	103260	58,7	103260	0	103260	3	103260	5329,9
103270	11768	103270	54,2	103270	0	103270	3	103270	5329,9
103280	11769	103280	49,1	103280	0	103280	3	103280	5329,9
103290	11770	103290	59,2	103290	0	103290	3	103290	5329,9
103300	11771	103300	53,1	103300	0	103300	3	103300	5329,9
103310	11772	103310	49	103310	0	103310	3	103310	5329,9
103320	11773	103320	44,7	103320	0	103320	3	103320	5329,9
103330	11774	103330	57,1	103330	0	103330	5	103330	5329,9
103340	11775	103340	69,6	103340	0	103340	3	103340	5329,9
103350	11776	103350	60,9	103350	0	103350	3	103350	5329,9
103360	11777	103360	58	103360	0	103360	3	103360	5329,9
103370	11778	103370	52,3	103370	0	103370	6	103370	5329,9
103380	11779	103380	84,4	103380	0	103380	1	103380	5329,9
103390	11780	103390	44,9	103390	0	103390	1	103390	5329,9
103400	11781	103400	47,6	103400	0	103400	1	103400	5329,9
103410	11782	103410	46,1	103410	0	103410	1	103410	5329,9
103420	11783	103420	40,6	103420	0	103420	1	103420	5329,9
103430	11784	103430	20,7	103430	0	103430	1	103430	5329,9
103440	11785	103440	39,4	103440	0	103440	1	103440	5329,9
103450	11786	103450	45,5	103450	0	103450	1	103450	5329,9
103460	11787	103460	40,4	103460	0	103460	1	103460	5329,9
103470	11788	103470	46,3	103470	0	103470	1	103470	5329,9
103480	11789	103480	51,9	103480	0	103480	1	103480	5329,9
103490	11790	103490	57,9	103490	0	103490	1	103490	5329,9
103500	11791	103500	46,5	103500	0	103500	1	103500	5329,9
103510	11792	103510	56,5	103510	0	103510	1	103510	5329,9
103520	11793	103520	42,8	103520	0	103520	1	103520	5329,9
103530	11794	103530	42,5	103530	0	103530	1	103530	5329,9
103540	11795	103540	37,1	103540	0	103540	3	103540	5329,9
103550	11796	103550	76,6	103550	0	103550	1	103550	5329,9
103560	11797	103560	42,9	103560	0	103560	1	103560	5329,9
103570	11798	103570	51,3	103570	0	103570	1	103570	5329,9
103580	11799	103580	45,8	103580	0	103580	1	103580	5329,9
103590	11800	103590	44,1	103590	0	103590	1	103590	5329,9
103600	11801	103600	48,7	103600	0	103600	1	103600	5329,9
103610	11802	103610	54,6	103610	0	103610	1	103610	5329,9
103620	11803	103620	51,1	103620	0	103620	1	103620	5329,9
103630	11804	103630	43,7	103630	0	103630	1	103630	5329,9
103640	11805	103640	25,1	103640	0	103640	1	103640	5329,9
103650	11806	103650	40,4	103650	0	103650	1	103650	5329,9
103660	11807	103660	30,5	103660	0	103660	1	103660	5329,9
103670	11808	103670	41,6	103670	0	103670	1	103670	5329,9
103680	11809	103680	38,8	103680	0	103680	1	103680	5329,9
103690	11810	103690	52,2	103690	0	103690	1	103690	5329,9
103700	11811	103700	47,3	103700	0	103700	1	103700	5329,9
103710	11812	103710	48,2	103710	0	103710	6	103710	5329,9
103720	11813	103720	89	103720	0	103720	1	103720	5329,9
103730	11814	103730	42,8	103730	0	103730	1	103730	5329,9
103740	11815	103740	35,1	103740	0	103740	1	103740	5329,9
103750	11816	103750	29,1	103750	0	103750	1	103750	5329,9
103760	11817	103760	41,6	103760	0	103760	1	103760	5329,9
103770	11818	103770	40,4	103770	0	103770	1	103770	5329,9
103780	11819	103780	53,3	103780	0	103780	1	103780	5329,9
103790	11820	103790	50,6	103790	0	103790	1	103790	5329,9
103800	11821	103800	53,8	103800	0	103800	1	103800	5329,9
103810	11822	103810	42,6	103810	0	103810	1	103810	5329,9
103820	11823	103820	41,3	103820	0	103820	1	103820	5329,9
103830	11824	103830	45,9	103830	0	103830	1	103830	5329,9
103840	11825	103840	52,1	103840	0	103840	1	103840	5329,9
103850	11826	103850	45,9	103850	0	103850	1	103850	5329,9
103860	11827	103860	52,6	103860	0	103860	1	103860	5329,9
103870	11828	103870	39,9	103870	0	103870	6	103870	5329,9
103880	11829	103880	105,2	103880	0	103880	1	103880	5329,9
103890	11830	103890	49	103890	0	103890	1	103890	5329,9
103900	11831	103900	42,8	103900	0	103900	1	103900	5329,9
103910	11832	103910	31,7	103910	0	103910	1	103910	5329,9
103920	11833	103920	38,1	103920	0	103920	1	103920	5329,9
103930	11834	103930	28,3	103930	0	103930	1	103930	5329,9
103940	11835	103940	31,5	103940	0	103940	1	103940	5329,9
103950	11836	103950	40,4	103950	0	103950	1	103950	5329,9
103960	11837	103960	39,8	103960	0	103960	1	103960	5329,9
103970	11838	103970	44,2	103970	0	103970	1	103970	5329,9
103980	11839	103980	47,3	103980	0	103980	1	103980	5329,9
103990	11840	103990	44,4	103990	0	103990	1	103990	5329,9
104000	11841	104000	41	104000	0	104000	1	104000	5329,9
104010	11842	104010	51,9	104010	0	104010	1	104010	5329,9
104020	11843	104020	43,8	104020	0	104020	1	104020	5329,9
104030	11844	104030	41,5	104030	0	104030	1	104030	5329,9
104040	11845	104040	44,7	104040	0	104040	6	104040	5329,9
104050	11846	104050	83,2	104050	0	104050	1	104050	5329,9
104060	11847	104060	45,4	104060	0	104060	1	104060	5329,9
104070	11848	104070	50,1	104070	0	104070	1	104070	5329,9
104080	11849	104080	45,4	104080	0	104080	1	104080	5329,9
104090	11850	104090	39,4	104090	0	104090	1	104090	5329,9
104100	11851	104100	33,8	104100	0	104100	1	104100	5329,9
104110	11852	104110	43,7	104110	0	104110	1	104110	5329,9
104120	11853	104120	41,1	104120	0	104120	1	104120	5329,9
104130	11854	104130	46,7	104130	0	104130	1	104130	5329,9
104140	11855	104140	45,3	104140	0	104140	1	104140	5329,9
104150	11856	104150	51,7	104150	0	104150	1	104150	5329,9
104160	11857	104160	41,3	104160	0	104160	1	104160	5329,9
104170	11858	104170	43,1	104170	0	104170	1	104170	5329,9
104180	11859	104180	43,8	104180	0	104180	1	104180	5329,9
104190	11860	104190	45,8	104190	0	104190	1	104190	5329,9
104200	11861	104200	55,7	104200	0	104200	1	104200	5329,9
104210	11862	104210	42,3	104210	0	104210	3	104210	5329,9
104220	11863	104220	85	104220	0	104220	1	104220	5329,9
104230	11864	104230	56,2	104230	0	104230	1	104230	5329,9
104240	11865	104240	47,9	104240	0	104240	1	104240	5329,9
104250	11866	104250	46,9	104250	0	104250	1	104250	5329,9
104260	11867	104260	41,4	104260	0	104260	1	104260	5329,9
104270	11868	104270	40,1	104270	0	104270	1	104270	5329,9
104280	11869	104280	59	104280	0	104280	1	104280	5329,9
104290	11870	104290	40,5	104290	0	104290	1	104290	5329,9
104300	11871	104300	44	104300	0	104300	1	104300	5329,9
104310	11872	104310	43,6	104310	0	104310	1	104310	5329,9
104320	11873	104320	39,4	104320	0	104320	1	104320	5329,9
104330	11874	104330	43	104330	0	104330	1	104330	5329,9
104340	11875	104340	43,8	104340	0	104340	1	104340	5329,9
104350	11876	104350	52,9	104350	0	104350	1	104350	5329,9
104360	11877	104360	45,8	104360	0	104360	1	104360	5329,9
104370	11878	104370	42,6	104370	0	104370	1	104370	5329,9
104380	11879	104380	43,8	104380	0	104380	3	104380	5329,9
104390	11880	104390	78,2	104390	0	104390	1	104390	5329,9
104400	11881	104400	41,8	104400	0	104400	1	104400	5329,9
104410	11882	104410	42,7	104410	0	104410	1	104410	5329,9
104420	11883	104420	46,5	104420	0	104420	1	104420	5329,9
104430	11884	104430	42,9	104430	0	104430	1	104430	5329,9
104440	11885	104440	47,7	104440	0	104440	1	104440	5329,9
104450	11886	104450	36	104450	0	104450	1	104450	5329,9
104460	11887	104460	47,8	104460	0	104460	1	104460	5329,9
104470	11888	104470	49,2	104470	0	104470	1	104470	5329,9
104480	11889	104480	33,4	104480	0	104480	1	104480	5329,9
104490	11890	104490	50,6	104490	0	104490	1	104490	5329,9
104500	11891	104500	25	104500	0	104500	1	104500	5329,9
104510	11892	104510	43,6	104510	0	104510	1	104510	5329,9
104520	11893	104520	24	104520	0	104520	1	104520	5329,9
104530	11894	104530	25,3	104530	0	104530	1	104530	5329,9
104540	11895	104540	34	104540	0	104540	1	104540	5329,9
104550	11896	104550	37,3	104550	0	104550	4	104550	5329,9
104560	11897	104560	80,1	104560	0	104560	1	104560	5329,9
104570	11898	104570	43,1	104570	0	104570	1	104570	5329,9
104580	11899	104580	47,9	104580	0	104580	1	104580	5329,9
104590	11900	104590	46,8	104590	0	104590	1	104590	5329,9
104600	11901	104600	43,1	104600	0	104600	1	104600	5329,9
104610	11902	104610	56,8	104610	0	104610	1	104610	5329,9
104620	11903	104620	45,6	104620	0	104620	1	104620	5329,9
104630	11904	104630	42,2	104630	0	104630	1	104630	5329,9
104640	11905	104640	38,7	104640	0	104640	1	104640	5329,9
104650	11906	104650	45,7	104650	0	104650	1	104650	5329,9
104660	11907	104660	30,5	104660	0	104660	1	104660	5329,9
104670	11908	104670	32,2	104670	0	104670	1	104670	5329,9
104680	11909	104680	42,6	104680	0	104680	1	104680	5329,9
104690	11910	104690	38,3	104690	0	104690	1	104690	5329,9
104700	11911	104700	45,3	104700	0	104700	1	104700	5329,9
104710	11912	104710	46,7	104710	0	104710	1	104710	5329,9
104720	11913	104720	32,4	104720	0	104720	6	104720	5329,9
104730	11914	104730	92,3	104730	0	104730	1	104730	5329,9
104740	11915	104740	46,3	104740	0	104740	1	104740	5329,9
104750	11916	104750	51,3	104750	0	104750	1	104750	5329,9
104760	11917	104760	40,9	104760	0	104760	1	104760	5329,9
104770	11918	104770	47,8	104770	0	104770	1	104770	5329,9
104780	11919	104780	53,1	104780	0	104780	1	104780	5329,9
104790	11920	104790	44,2	104790	0	104790	1	104790	5329,9
104800	11921	104800	39,9	104800	0	104800	1	104800	5329,9
104810	11922	104810	41,8	104810	0	104810	1	104810	5329,9
104820	11923	104820	23,9	104820	0	104820	1	104820	5329,9
104830	11924	104830	25,7	104830	0	104830	1	104830	5329,9
104840	11925	104840	26,4	104840	0	104840	1	104840	5329,9
104850	11926	104850	35,1	104850	0	104850	1	104850	5329,9
104860	11927	104860	42,4	104860	0	104860	1	104860	5329,9
104870	11928	104870	41,1	104870	0	104870	1	104870	5329,9
104880	11929	104880	43,6	104880	0	104880	1	104880	5329,9
104890	11930	104890	42,9	104890	0	104890	6	104890	5329,9
104900	11931	104900	90	104900	0	104900	1	104900	5329,9
104910	11932	104910	44,3	104910	0	104910	1	104910	5329,9
104920	11933	104920	46,5	104920	0	104920	1	104920	5329,9
104930	11934	104930	43,7	104930	0	104930	1	104930	5329,9
104940	11935	104940	42,8	104940	0	104940	1	104940	5329,9
104950	11936	104950	43	104950	0	104950	1	104950	5329,9
104960	11937	104960	40,8	104960	0	104960	1	104960	5329,9
104970	11938	104970	47,4	104970	0	104970	1	104970	5329,9
104980	11939	104980	55,8	104980	0	104980	1	104980	5329,9
104990	11940	104990	42,4	104990	0	104990	1	104990	5329,9
105000	11941	105000	41,6	105000	0	105000	1	105000	5329,9
105010	11942	105010	42,5	105010	0	105010	1	105010	5329,9
105020	11943	105020	39,1	105020	0	105020	1	105020	5329,9
105030	11944	105030	43,9	105030	0	105030	1	105030	5329,9
105040	11945	105040	47,4	105040	0	105040	1	105040	5329,9
105050	11946	105050	46,7	105050	0	105050	1	105050	5329,9
105060	11947	105060	43,8	105060	0	105060	3	105060	5329,9
105070	11948	105070	70,4	105070	0	105070	1	105070	5329,9
105080	11949	105080	49,9	105080	0	105080	1	105080	5329,9
105090	11950	105090	46,6	105090	0	105090	1	105090	5329,9
105100	11951	105100	48,8	105100	0	105100	1	105100	5329,9
105110	11952	105110	43,1	105110	0	105110	1	105110	5329,9
105120	11953	105120	26,1	105120	0	105120	1	105120	5329,9
105130	11954	105130	31,3	105130	0	105130	1	105130	5329,9
105140	11955	105140	40,2	105140	0	105140	1	105140	5329,9
105150	11956	105150	52,5	105150	0	105150	1	105150	5329,9
105160	11957	105160	46,4	105160	0	105160	1	105160	5329,9
105170	11958	105170	46,1	105170	0	105170	1	105170	5329,9
105180	11959	105180	51,9	105180	0	105180	1	105180	5329,9
105190	11960	105190	46,6	105190	0	105190	1	105190	5329,9
105200	11961	105200	59,3	105200	0	105200	1	105200	5329,9
105210	11962	105210	48,2	105210	0	105210	1	105210	5329,9
105220	11963	105220	43,2	105220	0	105220	1	105220	5329,9
105230	11964	105230	58,9	105230	0	105230	6	105230	5329,9
105240	11965	105240	96,2	105240	0	105240	3	105240	5329,9
105250	11966	105250	79,2	105250	0	105250	3	105250	5329,9
105260	11967	105260	66,8	105260	0	105260	3	105260	5329,9
105270	11968	105270	49,9	105270	0	105270	3	105270	5329,9
105280	11969	105280	65,3	105280	0	105280	3	105280	5329,9
105290	11970	105290	62,9	105290	0	105290	3	105290	5329,9
105300	11971	105300	68,4	105300	0	105300	3	105300	5329,9
105310	11972	105310	66,2	105310	0	105310	3	105310	5329,9
105320	11973	105320	49,8	105320	0	105320	3	105320	5329,9
105330	11974	105330	60	105330	0	105330	3	105330	5329,9
105340	11975	105340	68,5	105340	0	105340	3	105340	5329,9
105350	11976	105350	35,8	105350	0	105350	3	105350	5329,9
105360	11977	105360	47,6	105360	0	105360	3	105360	5329,9
105370	11978	105370	34,4	105370	0	105370	3	105370	5329,9
105380	11979	105380	50	105380	0	105380	3	105380	5329,9
105390	11980	105390	46	105390	0	105390	3	105390	5329,9
105400	11981	105400	53,8	105400	0	105400	6	105400	5329,9
105410	11982	105410	76,9	105410	0	105410	3	105410	5329,9
105420	11983	105420	48,1	105420	0	105420	3	105420	5329,9
105430	11984	105430	65,8	105430	0	105430	3	105430	5329,9
105440	11985	105440	61,8	105440	0	105440	3	105440	5329,9
105450	11986	105450	67,9	105450	0	105450	3	105450	5329,9
105460	11987	105460	70	105460	0	105460	3	105460	5329,9
105470	11988	105470	73,5	105470	0	105470	3	105470	5329,9
105480	11989	105480	69	105480	0	105480	3	105480	5329,9
105490	11990	105490	70,5	105490	0	105490	3	105490	5329,9
105500	11991	105500	64,4	105500	0	105500	3	105500	5329,9
105510	11992	105510	61,2	105510	0	105510	3	105510	5329,9
105520	11993	105520	65,5	105520	0	105520	3	105520	5329,9
105530	11994	105530	75,1	105530	0	105530	3	105530	5329,9
105540	11995	105540	66,4	105540	0	105540	3	105540	5329,9
105550	11996	105550	51,7	105550	0	105550	3	105550	5329,9
105560	11997	105560	36,8	105560	0	105560	6	105560	5329,9
105570	11998	105570	94,3	105570	0	105570	3	105570	5329,9
105580	11999	105580	57,2	105580	0	105580	3	105580	5329,9
105590	12000	105590	41	105590	0	105590	3	105590	5329,9
105600	12001	105600	70	105600	0	105600	3	105600	5329,9
105610	12002	105610	67,1	105610	0	105610	3	105610	5329,9
105620	12003	105620	68	105620	0	105620	3	105620	5329,9
105630	12004	105630	67,1	105630	0	105630	3	105630	5329,9
105640	12005	105640	65,5	105640	0	105640	5	105640	5329,9
105650	12006	105650	97,2	105650	0	105650	3	105650	5329,9
105660	12007	105660	66,9	105660	0	105660	3	105660	5329,9
105670	12008	105670	55,1	105670	0	105670	3	105670	5329,9
105680	12009	105680	59,4	105680	0	105680	3	105680	5329,9
105690	12010	105690	42,1	105690	0	105690	3	105690	5329,9
105700	12011	105700	45,2	105700	0	105700	3	105700	5329,9
105710	12012	105710	65,4	105710	0	105710	3	105710	5329,9
105720	12013	105720	48,6	105720	0	105720	3	105720	5329,9
105730	12014	105730	46,3	105730	0	105730	4	105730	5329,9
105740	12015	105740	102,2	105740	0	105740	3	105740	5329,9
105750	12016	105750	72,6	105750	0	105750	3	105750	5329,9
105760	12017	105760	60	105760	0	105760	3	105760	5329,9
105770	12018	105770	52,5	105770	0	105770	3	105770	5329,9
105780	12019	105780	73,5	105780	0	105780	3	105780	5329,9
105790	12020	105790	46,6	105790	0	105790	3	105790	5329,9
105800	12021	105800	66,2	105800	0	105800	3	105800	5329,9
105810	12022	105810	41,8	105810	0	105810	3	105810	5329,9
105820	12023	105820	66,9	105820	0	105820	3	105820	5329,9
105830	12024	105830	61,5	105830	0	105830	3	105830	5329,9
105840	12025	105840	45,3	105840	0	105840	3	105840	5329,9
105850	12026	105850	45,3	105850	0	105850	3	105850	5329,9
105860	12027	105860	35,7	105860	0	105860	3	105860	5329,9
105870	12028	105870	41,3	105870	0	105870	3	105870	5329,9
105880	12029	105880	49	105880	0	105880	3	105880	5329,9
105890	12030	105890	54,8	105890	0	105890	3	105890	5329,9
105900	12031	105900	67,8	105900	0	105900	3	105900	5329,9
105910	12032	105910	45,9	105910	0	105910	3	105910	5329,9
105920	12033	105920	66,6	105920	0	105920	3	105920	5329,9
105930	12034	105930	47,1	105930	0	105930	3	105930	5329,9
105940	12035	105940	45,3	105940	0	105940	3	105940	5329,9
105950	12036	105950	53,1	105950	0	105950	3	105950	5329,9
105960	12037	105960	42,6	105960	0	105960	3	105960	5329,9
105970	12038	105970	47,3	105970	0	105970	3	105970	5329,9
105980	12039	105980	50,8	105980	0	105980	3	105980	5329,9
105990	12040	105990	59,3	105990	0	105990	3	105990	5329,9
106000	12041	106000	54,9	106000	0	106000	3	106000	5329,9
106010	12042	106010	33,2	106010	0	106010	3	106010	5329,9
106020	12043	106020	68,6	106020	0	106020	3	106020	5329,9
106030	12044	106030	76,3	106030	0	106030	3	106030	5329,9
106040	12045	106040	71,9	106040	0	106040	3	106040	5329,9
106050	12046	106050	60,9	106050	0	106050	3	106050	5329,9
106060	12047	106060	69,2	106060	0	106060	3	106060	5329,9
106070	12048	106070	64,9	106070	0	106070	3	106070	5329,9
106080	12049	106080	76,4	106080	0	106080	3	106080	5329,9
106090	12050	106090	64,2	106090	0	106090	3	106090	5329,9
106100	12051	106100	66,8	106100	0	106100	3	106100	5329,9
106110	12052	106110	49,1	106110	0	106110	3	106110	5329,9
106120	12053	106120	63,3	106120	0	106120	3	106120	5329,9
106130	12054	106130	68,2	106130	0	106130	1	106130	5329,9
106140	12055	106140	47,9	106140	0	106140	1	106140	5329,9
106150	12056	106150	49	106150	0	106150	1	106150	5329,9
106160	12057	106160	45,5	106160	0	106160	1	106160	5329,9
106170	12058	106170	32,8	106170	0	106170	1	106170	5329,9
106180	12059	106180	35,2	106180	0	106180	1	106180	5329,9
106190	12060	106190	39,8	106190	0	106190	1	106190	5329,9
106200	12061	106200	49,4	106200	0	106200	1	106200	5329,9
106210	12062	106210	35,6	106210	0	106210	1	106210	5329,9
106220	12063	106220	51,9	106220	0	106220	1	106220	5329,9
106230	12064	106230	47,3	106230	0	106230	1	106230	5329,9
106240	12065	106240	55,9	106240	0	106240	1	106240	5329,9
106250	12066	106250	51,9	106250	0	106250	1	106250	5329,9
106260	12067	106260	49,5	106260	0	106260	1	106260	5329,9
106270	12068	106270	35,6	106270	0	106270	1	106270	5329,9
106280	12069	106280	45,6	106280	0	106280	1	106280	5329,9
106290	12070	106290	43,5	106290	0	106290	1	106290	5329,9
106300	12071	106300	48,5	106300	0	106300	1	106300	5329,9
106310	12072	106310	40,7	106310	0	106310	1	106310	5329,9
106320	12073	106320	33	106320	0	106320	1	106320	5329,9
106330	12074	106330	43,3	106330	0	106330	1	106330	5329,9
106340	12075	106340	56,7	106340	0	106340	1	106340	5329,9
106350	12076	106350	46,4	106350	0	106350	1	106350	5329,9
106360	12077	106360	48,3	106360	0	106360	1	106360	5329,9
106370	12078	106370	1118,3	106370	0	106370	1	106370	5329,9
106380	12079	106380	58,9	106380	0	106380	1	106380	5329,9
106390	12080	106390	57,3	106390	0	106390	1	106390	5329,9
106400	12081	106400	56,3	106400	0	106400	1	106400	5329,9
106410	12082	106410	51,3	106410	0	106410	1	106410	5329,9
106420	12083	106420	53,4	106420	0	106420	1	106420	5329,9
106430	12084	106430	60,1	106430	0	106430	1	106430	5329,9
106440	12085	106440	55,7	106440	0	106440	1	106440	5329,9
106450	12086	106450	43	106450	0	106450	1	106450	5329,9
106460	12087	106460	49,2	106460	0	106460	1	106460	5329,9
106470	12088	106470	50,4	106470	0	106470	1	106470	5329,9
106480	12089	106480	49,5	106480	0	106480	1	106480	5329,9
106490	12090	106490	47	106490	0	106490	1	106490	5329,9
106500	12091	106500	46,4	106500	0	106500	1	106500	5329,9
106510	12092	106510	43,8	106510	0	106510	1	106510	5329,9
106520	12093	106520	45,7	106520	0	106520	1	106520	5329,9
106530	12094	106530	47	106530	0	106530	1	106530	5329,9
106540	12095	106540	50,2	106540	0	106540	1	106540	5329,9
106550	12096	106550	45,8	106550	0	106550	1	106550	5329,9
106560	12097	106560	44,2	106560	0	106560	1	106560	5329,9
106570	12098	106570	41,3	106570	0	106570	1	106570	5329,9
106580	12099	106580	48,2	106580	0	106580	1	106580	5329,9
106590	12100	106590	51,9	106590	0	106590	1	106590	5329,9
106600	12101	106600	51,1	106600	0	106600	1	106600	5329,9
106610	12102	106610	44,2	106610	0	106610	1	106610	5329,9
106620	12103	106620	54,5	106620	0	106620	1	106620	5329,9
106630	12104	106630	49,9	106630	0	106630	1	106630	5329,9
106640	12105	106640	43,3	106640	0	106640	3	106640	5329,9
106650	12106	106650	252,7	106650	0	106650	1	106650	5329,9
106660	12107	106660	54,2	106660	0	106660	1	106660	5329,9
106670	12108	106670	48	106670	0	106670	1	106670	5329,9
106680	12109	106680	55	106680	0	106680	1	106680	5329,9
106690	12110	106690	45,3	106690	0	106690	1	106690	5329,9
106700	12111	106700	46,3	106700	0	106700	1	106700	5329,9
106710	12112	106710	43,2	106710	0	106710	1	106710	5329,9
106720	12113	106720	39,3	106720	0	106720	1	106720	5329,9
106730	12114	106730	38,2	106730	0	106730	1	106730	5329,9
106740	12115	106740	49,3	106740	0	106740	1	106740	5329,9
106750	12116	106750	45,4	106750	0	106750	1	106750	5329,9
106760	12117	106760	43	106760	0	106760	1	106760	5329,9
106770	12118	106770	37,7	106770	0	106770	1	106770	5329,9
106780	12119	106780	40,7	106780	0	106780	1	106780	5329,9
106790	12120	106790	58,2	106790	0	106790	1	106790	5329,9
106800	12121	106800	49,7	106800	0	106800	1	106800	5329,9
106810	12122	106810	53	106810	0	106810	1	106810	5329,9
106820	12123	106820	51,3	106820	0	106820	1	106820	5329,9
106830	12124	106830	52,9	106830	0	106830	1	106830	5329,9
106840	12125	106840	57	106840	0	106840	1	106840	5329,9
106850	12126	106850	20,9	106850	0	106850	1	106850	5329,9
106860	12127	106860	57,9	106860	0	106860	1	106860	5329,9
106870	12128	106870	34,3	106870	0	106870	1	106870	5329,9
106880	12129	106880	41,7	106880	0	106880	1	106880	5329,9
106890	12130	106890	52,3	106890	0	106890	1	106890	5329,9
106900	12131	106900	44,5	106900	0	106900	1	106900	5329,9
106910	12132	106910	47,7	106910	0	106910	1	106910	5329,9
106920	12133	106920	53,8	106920	0	106920	1	106920	5329,9
106930	12134	106930	29,1	106930	0	106930	1	106930	5329,9
106940	12135	106940	46	106940	0	106940	1	106940	5329,9
106950	12136	106950	48,1	106950	0	106950	1	106950	5329,9
106960	12137	106960	34	106960	0	106960	1	106960	5329,9
106970	12138	106970	27,2	106970	0	106970	1	106970	5329,9
106980	12139	106980	34,1	106980	0	106980	1	106980	5329,9
106990	12140	106990	50,6	106990	0	106990	1	106990	5329,9
107000	12141	107000	46,8	107000	0	107000	1	107000	5329,9
107010	12142	107010	44,3	107010	0	107010	1	107010	5329,9
107020	12143	107020	39,9	107020	0	107020	1	107020	5329,9
107030	12144	107030	40,9	107030	0	107030	1	107030	5329,9
107040	12145	107040	38	107040	0	107040	1	107040	5329,9
107050	12146	107050	54,8	107050	0	107050	1	107050	5329,9
107060	12147	107060	45,1	107060	0	107060	1	107060	5329,9
107070	12148	107070	48	107070	0	107070	1	107070	5329,9
107080	12149	107080	55,7	107080	0	107080	1	107080	5329,9
107090	12150	107090	45,7	107090	0	107090	1	107090	5329,9
107100	12151	107100	47,2	107100	0	107100	1	107100	5329,9
107110	12152	107110	54,8	107110	0	107110	1	107110	5329,9
107120	12153	107120	47,4	107120	0	107120	1	107120	5329,9
107130	12154	107130	49	107130	0	107130	1	107130	5329,9
107140	12155	107140	45,8	107140	0	107140	1	107140	5329,9
107150	12156	107150	54,6	107150	0	107150	1	107150	5329,9
107160	12157	107160	47,1	107160	0	107160	1	107160	5329,9
107170	12158	107170	48,9	107170	0	107170	1	107170	5329,9
107180	12159	107180	42,6	107180	0	107180	1	107180	5329,9
107190	12160	107190	55	107190	0	107190	1	107190	5329,9
107200	12161	107200	59,4	107200	0	107200	1	107200	5329,9
107210	12162	107210	56,3	107210	0	107210	1	107210	5329,9
107220	12163	107220	54,3	107220	0	107220	1	107220	5329,9
107230	12164	107230	43	107230	0	107230	1	107230	5329,9
107240	12165	107240	24,5	107240	0	107240	1	107240	5329,9
107250	12166	107250	31,8	107250	0	107250	1	107250	5329,9
107260	12167	107260	45,8	107260	0	107260	1	107260	5329,9
107270	12168	107270	49,2	107270	0	107270	1	107270	5329,9
107280	12169	107280	47,9	107280	0	107280	1	107280	5329,9
107290	12170	107290	41,3	107290	0	107290	1	107290	5329,9
107300	12171	107300	45,9	107300	0	107300	1	107300	5329,9
107310	12172	107310	46,6	107310	0	107310	1	107310	5329,9
107320	12173	107320	43,9	107320	0	107320	1	107320	5329,9
107330	12174	107330	47,1	107330	0	107330	1	107330	5329,9
107340	12175	107340	50,5	107340	0	107340	1	107340	5329,9
107350	12176	107350	41	107350	0	107350	1	107350	5329,9
107360	12177	107360	46,1	107360	0	107360	1	107360	5329,9
107370	12178	107370	41,9	107370	0	107370	1	107370	5329,9
107380	12179	107380	44,4	107380	0	107380	1	107380	5329,9
107390	12180	107390	51,1	107390	0	107390	1	107390	5329,9
107400	12181	107400	44,7	107400	0	107400	1	107400	5329,9
107410	12182	107410	44,8	107410	0	107410	1	107410	5329,9
107420	12183	107420	43,3	107420	0	107420	1	107420	5329,9
107430	12184	107430	45,6	107430	0	107430	1	107430	5329,9
107440	12185	107440	44,4	107440	0	107440	1	107440	5329,9
107450	12186	107450	42,1	107450	0	107450	1	107450	5329,9
107460	12187	107460	51,1	107460	0	107460	1	107460	5329,9
107470	12188	107470	43,4	107470	0	107470	1	107470	5329,9
107480	12189	107480	45	107480	0	107480	1	107480	5329,9
107490	12190	107490	46,9	107490	0	107490	1	107490	5329,9
107500	12191	107500	54,1	107500	0	107500	1	107500	5329,9
107510	12192	107510	40,6	107510	0	107510	1	107510	5329,9
107520	12193	107520	47,1	107520	0	107520	1	107520	5329,9
107530	12194	107530	47,9	107530	0	107530	1	107530	5329,9
107540	12195	107540	48,4	107540	0	107540	1	107540	5329,9
107550	12196	107550	45,6	107550	0	107550	1	107550	5329,9
107560	12197	107560	44,3	107560	0	107560	1	107560	5329,9
107570	12198	107570	48,4	107570	0	107570	1	107570	5329,9
107580	12199	107580	42,2	107580	0	107580	1	107580	5329,9
107590	12200	107590	45,6	107590	0	107590	1	107590	5329,9
107600	12201	107600	44,9	107600	0	107600	1	107600	5329,9
107610	12202	107610	46,1	107610	0	107610	1	107610	5329,9
107620	12203	107620	47,3	107620	0	107620	1	107620	5329,9
107630	12204	107630	51,5	107630	0	107630	1	107630	5329,9
107640	12205	107640	46,1	107640	0	107640	3	107640	5329,9
107650	12206	107650	65,7	107650	0	107650	1	107650	5329,9
107660	12207	107660	45,8	107660	0	107660	1	107660	5329,9
107670	12208	107670	42,8	107670	0	107670	1	107670	5329,9
107680	12209	107680	43,8	107680	0	107680	1	107680	5329,9
107690	12210	107690	42,2	107690	0	107690	1	107690	5329,9
107700	12211	107700	54	107700	0	107700	1	107700	5329,9
107710	12212	107710	43,1	107710	0	107710	1	107710	5329,9
107720	12213	107720	22	107720	0	107720	1	107720	5329,9
107730	12214	107730	43,5	107730	0	107730	1	107730	5329,9
107740	12215	107740	48,3	107740	0	107740	1	107740	5329,9
107750	12216	107750	50,3	107750	0	107750	1	107750	5329,9
107760	12217	107760	51,9	107760	0	107760	1	107760	5329,9
107770	12218	107770	54,8	107770	0	107770	1	107770	5329,9
107780	12219	107780	51,6	107780	0	107780	1	107780	5329,9
107790	12220	107790	48,9	107790	0	107790	1	107790	5329,9
107800	12221	107800	28,6	107800	0	107800	1	107800	5329,9
107810	12222	107810	47,3	107810	0	107810	1	107810	5329,9
107820	12223	107820	54	107820	0	107820	1	107820	5329,9
107830	12224	107830	45,8	107830	0	107830	1	107830	5329,9
107840	12225	107840	45,4	107840	0	107840	1	107840	5329,9
107850	12226	107850	45,6	107850	0	107850	1	107850	5329,9
107860	12227	107860	46,6	107860	0	107860	1	107860	5329,9
107870	12228	107870	46,2	107870	0	107870	1	107870	5329,9
107880	12229	107880	58	107880	0	107880	1	107880	5329,9
107890	12230	107890	44,1	107890	0	107890	1	107890	5329,9
107900	12231	107900	48,4	107900	0	107900	1	107900	5329,9
107910	12232	107910	49,2	107910	0	107910	1	107910	5329,9
107920	12233	107920	53,4	107920	0	107920	1	107920	5329,9
107930	12234	107930	48,6	107930	0	107930	1	107930	5329,9
107940	12235	107940	47,3	107940	0	107940	1	107940	5329,9
107950	12236	107950	51,3	107950	0	107950	1	107950	5329,9
107960	12237	107960	48,9	107960	0	107960	1	107960	5329,9
107970	12238	107970	56,3	107970	0	107970	1	107970	5329,9
107980	12239	107980	51,1	107980	0	107980	1	107980	5329,9
107990	12240	107990	58,6	107990	0	107990	1	107990	5329,9
108000	12241	108000	57,4	108000	0	108000	1	108000	5329,9
108010	12242	108010	55,2	108010	0	108010	1	108010	5329,9
108020	12243	108020	43,6	108020	0	108020	1	108020	5329,9
108030	12244	108030	41,7	108030	0	108030	1	108030	5329,9
108040	12245	108040	44,4	108040	0	108040	1	108040	5329,9
108050	12246	108050	46	108050	0	108050	1	108050	5329,9
108060	12247	108060	44,6	108060	0	108060	1	108060	5329,9
108070	12248	108070	52	108070	0	108070	1	108070	5329,9
108080	12249	108080	48,2	108080	0	108080	1	108080	5329,9
108090	12250	108090	46,8	108090	0	108090	1	108090	5329,9
108100	12251	108100	48,5	108100	0	108100	1	108100	5329,9
108110	12252	108110	52,8	108110	0	108110	1	108110	5329,9
108120	12253	108120	47,1	108120	0	108120	1	108120	5329,9
108130	12254	108130	43,3	108130	0	108130	1	108130	5329,9
108140	12255	108140	37,4	108140	0	108140	1	108140	5329,9
108150	12256	108150	38,2	108150	0	108150	1	108150	5329,9
108160	12257	108160	41,8	108160	0	108160	1	108160	5329,9
108170	12258	108170	49,7	108170	0	108170	1	108170	5329,9
108180	12259	108180	44	108180	0	108180	1	108180	5329,9
108190	12260	108190	43,7	108190	0	108190	1	108190	5329,9
108200	12261	108200	45,7	108200	0	108200	1	108200	5329,9
108210	12262	108210	41,9	108210	0	108210	1	108210	5329,9
108220	12263	108220	48,1	108220	0	108220	1	108220	5329,9
108230	12264	108230	43,2	108230	0	108230	1	108230	5329,9
108240	12265	108240	40,9	108240	0	108240	1	108240	5329,9
108250	12266	108250	41,6	108250	0	108250	1	108250	5329,9
108260	12267	108260	44,1	108260	0	108260	1	108260	5329,9
108270	12268	108270	43,7	108270	0	108270	1	108270	5329,9
108280	12269	108280	45,5	108280	0	108280	1	108280	5329,9
108290	12270	108290	42,2	108290	0	108290	1	108290	5329,9
108300	12271	108300	48,3	108300	0	108300	1	108300	5329,9
108310	12272	108310	42,6	108310	0	108310	1	108310	5329,9
108320	12273	108320	45,6	108320	0	108320	1	108320	5329,9
108330	12274	108330	42,9	108330	0	108330	1	108330	5329,9
108340	12275	108340	41,5	108340	0	108340	1	108340	5329,9
108350	12276	108350	40,9	108350	0	108350	1	108350	5329,9
108360	12277	108360	49,2	108360	0	108360	1	108360	5329,9
108370	12278	108370	48,5	108370	0	108370	1	108370	5329,9
108380	12279	108380	45,7	108380	0	108380	1	108380	5329,9
108390	12280	108390	49,3	108390	0	108390	1	108390	5329,9
108400	12281	108400	44,2	108400	0	108400	1	108400	5329,9
108410	12282	108410	52,2	108410	0	108410	1	108410	5329,9
108420	12283	108420	35	108420	0	108420	1	108420	5329,9
108430	12284	108430	51,8	108430	0	108430	1	108430	5329,9
108440	12285	108440	48,7	108440	0	108440	1	108440	5329,9
108450	12286	108450	49,4	108450	0	108450	1	108450	5329,9
108460	12287	108460	48,2	108460	0	108460	1	108460	5329,9
108470	12288	108470	44,5	108470	0	108470	1	108470	5329,9
108480	12289	108480	74	108480	0	108480	1	108480	5329,9
108490	12290	108490	47,9	108490	0	108490	1	108490	5329,9
108500	12291	108500	47	108500	0	108500	1	108500	5329,9
108510	12292	108510	48,5	108510	0	108510	1	108510	5329,9
108520	12293	108520	50,1	108520	0	108520	1	108520	5329,9
108530	12294	108530	40	108530	0	108530	1	108530	5329,9
108540	12295	108540	47,3	108540	0	108540	5	108540	5329,9
108550	12296	108550	101,9	108550	0	108550	3	108550	5329,9
108560	12297	108560	61,4	108560	0	108560	3	108560	5329,9
108570	12298	108570	39,6	108570	0	108570	3	108570	5329,9
108580	12299	108580	55,3	108580	0	108580	3	108580	5329,9
108590	12300	108590	36,9	108590	0	108590	3	108590	5329,9
108600	12301	108600	57,6	108600	0	108600	3	108600	5329,9
108610	12302	108610	44,8	108610	0	108610	3	108610	5329,9
108620	12303	108620	60,6	108620	0	108620	3	108620	5329,9
108630	12304	108630	36	108630	0	108630	3	108630	5329,9
108640	12305	108640	62,7	108640	0	108640	5	108640	5329,9
108650	12306	108650	49,2	108650	0	108650	3	108650	5329,9
108660	12307	108660	60,3	108660	0	108660	3	108660	5329,9
108670	12308	108670	33,8	108670	0	108670	3	108670	5329,9
108680	12309	108680	60,3	108680	0	108680	3	108680	5329,9
108690	12310	108690	37,3	108690	0	108690	3	108690	5329,9
108700	12311	108700	56,3	108700	0	108700	3	108700	5329,9
108710	12312	108710	36,2	108710	0	108710	3	108710	5329,9
108720	12313	108720	37,6	108720	0	108720	3	108720	5329,9
108730	12314	108730	58,4	108730	0	108730	3	108730	5329,9
108740	12315	108740	58	108740	0	108740	3	108740	5329,9
108750	12316	108750	57,8	108750	0	108750	3	108750	5329,9
108760	12317	108760	61	108760	0	108760	3	108760	5329,9
108770	12318	108770	62	108770	0	108770	3	108770	5329,9
108780	12319	108780	58,8	108780	0	108780	3	108780	5329,9
108790	12320	108790	62,4	108790	0	108790	3	108790	5329,9
108800	12321	108800	68,5	108800	0	108800	3	108800	5329,9
108810	12322	108810	58,7	108810	0	108810	3	108810	5329,9
108820	12323	108820	57,1	108820	0	108820	3	108820	5329,9
108830	12324	108830	58,8	108830	0	108830	3	108830	5329,9
108840	12325	108840	61,6	108840	0	108840	3	108840	5329,9
108850	12326	108850	68,3	108850	0	108850	3	108850	5329,9
108860	12327	108860	56,6	108860	0	108860	3	108860	5329,9
108870	12328	108870	67,7	108870	0	108870	3	108870	5329,9
108880	12329	108880	44,9	108880	0	108880	3	108880	5329,9
108890	12330	108890	43,5	108890	0	108890	3	108890	5329,9
108900	12331	108900	52,5	108900	0	108900	3	108900	5329,9
108910	12332	108910	56,7	108910	0	108910	3	108910	5329,9
108920	12333	108920	59,8	108920	0	108920	3	108920	5329,9
108930	12334	108930	57,8	108930	0	108930	3	108930	5329,9
108940	12335	108940	71,7	108940	0	108940	3	108940	5329,9
108950	12336	108950	54,3	108950	0	108950	3	108950	5329,9
108960	12337	108960	60,3	108960	0	108960	3	108960	5329,9
108970	12338	108970	78	108970	0	108970	3	108970	5329,9
108980	12339	108980	53,2	108980	0	108980	3	108980	5329,9
108990	12340	108990	59,3	108990	0	108990	3	108990	5329,9
109000	12341	109000	58,9	109000	0	109000	3	109000	5329,9
109010	12342	109010	42,5	109010	0	109010	3	109010	5329,9
109020	12343	109020	69,8	109020	0	109020	3	109020	5329,9
109030	12344	109030	63,9	109030	0	109030	3	109030	5329,9
109040	12345	109040	60,2	109040	0	109040	3	109040	5329,9
109050	12346	109050	62,2	109050	0	109050	3	109050	5329,9
109060	12347	109060	55,4	109060	0	109060	3	109060	5329,9
109070	12348	109070	58,8	109070	0	109070	3	109070	5329,9
109080	12349	109080	52	109080	0	109080	3	109080	5329,9
109090	12350	109090	62	109090	0	109090	3	109090	5329,9
109100	12351	109100	55,7	109100	0	109100	3	109100	5329,9
109110	12352	109110	55,9	109110	0	109110	3	109110	5329,9
109120	12353	109120	64,5	109120	0	109120	3	109120	5329,9
109130	12354	109130	62,3	109130	0	109130	5	109130	5329,9
109140	12355	109140	73,4	109140	0	109140	3	109140	5329,9
109150	12356	109150	39,6	109150	0	109150	3	109150	5329,9
109160	12357	109160	59,2	109160	0	109160	3	109160	5329,9
109170	12358	109170	67,8	109170	0	109170	3	109170	5329,9
109180	12359	109180	61,7	109180	0	109180	3	109180	5329,9
109190	12360	109190	57,2	109190	0	109190	3	109190	5329,9
109200	12361	109200	58	109200	0	109200	3	109200	5329,9
109210	12362	109210	61,6	109210	0	109210	3	109210	5329,9
109220	12363	109220	60,1	109220	0	109220	3	109220	5329,9
109230	12364	109230	54	109230	0	109230	3	109230	5329,9
109240	12365	109240	63,6	109240	0	109240	3	109240	5329,9
109250	12366	109250	53,5	109250	0	109250	3	109250	5329,9
109260	12367	109260	59,1	109260	0	109260	3	109260	5329,9
109270	12368	109270	62	109270	0	109270	3	109270	5329,9
109280	12369	109280	63,8	109280	0	109280	3	109280	5329,9
109290	12370	109290	57,8	109290	0	109290	3	109290	5329,9
109300	12371	109300	59,2	109300	0	109300	3	109300	5329,9
109310	12372	109310	59,5	109310	0	109310	3	109310	5329,9
109320	12373	109320	45,1	109320	0	109320	3	109320	5329,9
109330	12374	109330	66,9	109330	0	109330	3	109330	5329,9
109340	12375	109340	64	109340	0	109340	3	109340	5329,9
109350	12376	109350	62,2	109350	0	109350	3	109350	5329,9
109360	12377	109360	69,6	109360	0	109360	3	109360	5329,9
109370	12378	109370	63,5	109370	0	109370	3	109370	5329,9
109380	12379	109380	59,1	109380	0	109380	3	109380	5329,9
109390	12380	109390	57	109390	0	109390	3	109390	5329,9
109400	12381	109400	59,5	109400	0	109400	3	109400	5329,9
109410	12382	109410	57,9	109410	0	109410	3	109410	5329,9
109420	12383	109420	60,7	109420	0	109420	3	109420	5329,9
109430	12384	109430	72,7	109430	0	109430	3	109430	5329,9
109440	12385	109440	63,5	109440	0	109440	3	109440	5329,9
109450	12386	109450	52,6	109450	0	109450	3	109450	5329,9
109460	12387	109460	32,6	109460	0	109460	3	109460	5329,9
109470	12388	109470	61,1	109470	0	109470	3	109470	5329,9
109480	12389	109480	68,8	109480	0	109480	3	109480	5329,9
109490	12390	109490	66,8	109490	0	109490	3	109490	5329,9
109500	12391	109500	69,5	109500	0	109500	3	109500	5329,9
109510	12392	109510	58,3	109510	0	109510	3	109510	5329,9
109520	12393	109520	65,3	109520	0	109520	3	109520	5329,9
109530	12394	109530	63,1	109530	0	109530	3	109530	5329,9
109540	12395	109540	70,5	109540	0	109540	3	109540	5329,9
109550	12396	109550	63,7	109550	0	109550	3	109550	5329,9
109560	12397	109560	71,6	109560	0	109560	3	109560	5329,9
109570	12398	109570	68,2	109570	0	109570	3	109570	5329,9
109580	12399	109580	59,1	109580	0	109580	3	109580	5329,9
109590	12400	109590	61,6	109590	0	109590	3	109590	5329,9
109600	12401	109600	61,4	109600	0	109600	3	109600	5329,9
109610	12402	109610	65,8	109610	0	109610	3	109610	5329,9
109620	12403	109620	56,8	109620	0	109620	3	109620	5329,9
109630	12404	109630	61,4	109630	0	109630	3	109630	5329,9
109640	12405	109640	72,2	109640	0	109640	5	109640	5329,9
109650	12406	109650	84	109650	0	109650	3	109650	5329,9
109660	12407	109660	65,7	109660	0	109660	3	109660	5329,9
109670	12408	109670	62,6	109670	0	109670	3	109670	5329,9
109680	12409	109680	70,2	109680	0	109680	3	109680	5329,9
109690	12410	109690	64,9	109690	0	109690	3	109690	5329,9
109700	12411	109700	67,4	109700	0	109700	3	109700	5329,9
109710	12412	109710	59,3	109710	0	109710	3	109710	5329,9
109720	12413	109720	54,3	109720	0	109720	3	109720	5329,9
109730	12414	109730	65,1	109730	0	109730	3	109730	5329,9
109740	12415	109740	65,2	109740	0	109740	3	109740	5329,9
109750	12416	109750	63,4	109750	0	109750	3	109750	5329,9
109760	12417	109760	42,5	109760	0	109760	3	109760	5329,9
109770	12418	109770	62,6	109770	0	109770	3	109770	5329,9
109780	12419	109780	62,6	109780	0	109780	3	109780	5329,9
109790	12420	109790	65	109790	0	109790	3	109790	5329,9
109800	12421	109800	75,9	109800	0	109800	3	109800	5329,9
109810	12422	109810	59,7	109810	0	109810	3	109810	5329,9
109820	12423	109820	60,9	109820	0	109820	3	109820	5329,9
109830	12424	109830	56,8	109830	0	109830	3	109830	5329,9
109840	12425	109840	60	109840	0	109840	3	109840	5329,9
109850	12426	109850	64,2	109850	0	109850	3	109850	5329,9
109860	12427	109860	61,8	109860	0	109860	3	109860	5329,9
109870	12428	109870	59	109870	0	109870	3	109870	5329,9
109880	12429	109880	53,9	109880	0	109880	3	109880	5329,9
109890	12430	109890	60,8	109890	0	109890	3	109890	5329,9
109900	12431	109900	65,9	109900	0	109900	3	109900	5329,9
109910	12432	109910	59,3	109910	0	109910	3	109910	5329,9
109920	12433	109920	27,2	109920	0	109920	3	109920	5329,9
109930	12434	109930	62,5	109930	0	109930	3	109930	5329,9
109940	12435	109940	60,6	109940	0	109940	3	109940	5329,9
109950	12436	109950	61,2	109950	0	109950	3	109950	5329,9
109960	12437	109960	56,5	109960	0	109960	3	109960	5329,9
109970	12438	109970	62,1	109970	0	109970	3	109970	5329,9
109980	12439	109980	77,8	109980	0	109980	3	109980	5329,9
109990	12440	109990	60,6	109990	0	109990	3	109990	5329,9
110000	12441	110000	60,4	110000	0	110000	3	110000	5329,9
110010	12442	110010	47,8	110010	0	110010	3	110010	5329,9
110020	12443	110020	53,8	110020	0	110020	3	110020	5329,9
110030	12444	110030	57,8	110030	0	110030	3	110030	5329,9
110040	12445	110040	58,3	110040	0	110040	3	110040	5329,9
110050	12446	110050	53,8	110050	0	110050	3	110050	5329,9
110060	12447	110060	59,4	110060	0	110060	3	110060	5329,9
110070	12448	110070	51,6	110070	0	110070	3	110070	5329,9
110080	12449	110080	58,9	110080	0	110080	3	110080	5329,9
110090	12450	110090	57,3	110090	0	110090	3	110090	5329,9
110100	12451	110100	56,6	110100	0	110100	3	110100	5329,9
110110	12452	110110	62,1	110110	0	110110	3	110110	5329,9
110120	12453	110120	52,7	110120	0	110120	3	110120	5329,9
110130	12454	110130	54,3	110130	0	110130	1	110130	5329,9
110140	12455	110140	46,7	110140	0	110140	1	110140	5329,9
110150	12456	110150	43,4	110150	0	110150	1	110150	5329,9
110160	12457	110160	49,2	110160	0	110160	1	110160	5329,9
110170	12458	110170	49,5	110170	0	110170	1	110170	5329,9
110180	12459	110180	48,5	110180	0	110180	1	110180	5329,9
110190	12460	110190	49,1	110190	0	110190	1	110190	5329,9
110200	12461	110200	72,6	110200	0	110200	1	110200	5329,9
110210	12462	110210	46,6	110210	0	110210	1	110210	5329,9
110220	12463	110220	42	110220	0	110220	1	110220	5329,9
110230	12464	110230	42,5	110230	0	110230	1	110230	5329,9
110240	12465	110240	46,4	110240	0	110240	1	110240	5329,9
110250	12466	110250	47,8	110250	0	110250	1	110250	5329,9
110260	12467	110260	42,4	110260	0	110260	1	110260	5329,9
110270	12468	110270	48,4	110270	0	110270	1	110270	5329,9
110280	12469	110280	43,4	110280	0	110280	1	110280	5329,9
110290	12470	110290	42,5	110290	0	110290	1	110290	5329,9
110300	12471	110300	47,3	110300	0	110300	1	110300	5329,9
110310	12472	110310	41,4	110310	0	110310	1	110310	5329,9
110320	12473	110320	43,2	110320	0	110320	1	110320	5329,9
110330	12474	110330	40,4	110330	0	110330	1	110330	5329,9
110340	12475	110340	44,9	110340	0	110340	1	110340	5329,9
110350	12476	110350	52,5	110350	0	110350	1	110350	5329,9
110360	12477	110360	49,6	110360	0	110360	1	110360	5329,9
110370	12478	110370	43,3	110370	0	110370	1	110370	5329,9
110380	12479	110380	31,8	110380	0	110380	1	110380	5329,9
110390	12480	110390	26,7	110390	0	110390	1	110390	5329,9
110400	12481	110400	46,5	110400	0	110400	1	110400	5329,9
110410	12482	110410	28,2	110410	0	110410	1	110410	5329,9
110420	12483	110420	55,7	110420	0	110420	1	110420	5329,9
110430	12484	110430	44,1	110430	0	110430	1	110430	5329,9
110440	12485	110440	46,8	110440	0	110440	1	110440	5329,9
110450	12486	110450	45,7	110450	0	110450	1	110450	5329,9
110460	12487	110460	49,9	110460	0	110460	1	110460	5329,9
110470	12488	110470	46,3	110470	0	110470	1	110470	5329,9
110480	12489	110480	51,2	110480	0	110480	1	110480	5329,9
110490	12490	110490	47	110490	0	110490	1	110490	5329,9
110500	12491	110500	51,1	110500	0	110500	1	110500	5329,9
110510	12492	110510	49,8	110510	0	110510	1	110510	5329,9
110520	12493	110520	31,8	110520	0	110520	1	110520	5329,9
110530	12494	110530	51,7	110530	0	110530	1	110530	5329,9
110540	12495	110540	50	110540	0	110540	1	110540	5329,9
110550	12496	110550	51,3	110550	0	110550	1	110550	5329,9
110560	12497	110560	47,8	110560	0	110560	1	110560	5329,9
110570	12498	110570	49,1	110570	0	110570	1	110570	5329,9
110580	12499	110580	47,4	110580	0	110580	1	110580	5329,9
110590	12500	110590	45,9	110590	0	110590	1	110590	5329,9
110600	12501	110600	48,2	110600	0	110600	1	110600	5329,9
110610	12502	110610	49,2	110610	0	110610	1	110610	5329,9
110620	12503	110620	46,8	110620	0	110620	1	110620	5329,9
110630	12504	110630	49,4	110630	0	110630	1	110630	5329,9
110640	12505	110640	51,3	110640	0	110640	3	110640	5329,9
110650	12506	110650	95,6	110650	0	110650	1	110650	5329,9
110660	12507	110660	59,1	110660	0	110660	1	110660	5329,9
110670	12508	110670	46,9	110670	0	110670	1	110670	5329,9
110680	12509	110680	40	110680	0	110680	1	110680	5329,9
110690	12510	110690	47,9	110690	0	110690	1	110690	5329,9
110700	12511	110700	43,7	110700	0	110700	1	110700	5329,9
110710	12512	110710	45,6	110710	0	110710	1	110710	5329,9
110720	12513	110720	44,9	110720	0	110720	1	110720	5329,9
110730	12514	110730	44,4	110730	0	110730	1	110730	5329,9
110740	12515	110740	49,8	110740	0	110740	1	110740	5329,9
110750	12516	110750	47,4	110750	0	110750	1	110750	5329,9
110760	12517	110760	50,4	110760	0	110760	1	110760	5329,9
110770	12518	110770	45,8	110770	0	110770	1	110770	5329,9
110780	12519	110780	51,4	110780	0	110780	1	110780	5329,9
110790	12520	110790	53,9	110790	0	110790	1	110790	5329,9
110800	12521	110800	46	110800	0	110800	1	110800	5329,9
110810	12522	110810	49,7	110810	0	110810	1	110810	5329,9
110820	12523	110820	51,9	110820	0	110820	1	110820	5329,9
110830	12524	110830	53,6	110830	0	110830	1	110830	5329,9
110840	12525	110840	48,9	110840	0	110840	1	110840	5329,9
110850	12526	110850	51,4	110850	0	110850	1	110850	5329,9
110860	12527	110860	44,2	110860	0	110860	1	110860	5329,9
110870	12528	110870	48,9	110870	0	110870	1	110870	5329,9
110880	12529	110880	58,7	110880	0	110880	1	110880	5329,9
110890	12530	110890	43,9	110890	0	110890	1	110890	5329,9
110900	12531	110900	41,7	110900	0	110900	1	110900	5329,9
110910	12532	110910	40,9	110910	0	110910	1	110910	5329,9
110920	12533	110920	41,1	110920	0	110920	1	110920	5329,9
110930	12534	110930	41,2	110930	0	110930	1	110930	5329,9
110940	12535	110940	43,3	110940	0	110940	1	110940	5329,9
110950	12536	110950	47,7	110950	0	110950	1	110950	5329,9
110960	12537	110960	50,3	110960	0	110960	1	110960	5329,9
110970	12538	110970	52,2	110970	0	110970	1	110970	5329,9
110980	12539	110980	44,7	110980	0	110980	1	110980	5329,9
110990	12540	110990	43	110990	0	110990	1	110990	5329,9
111000	12541	111000	47,6	111000	0	111000	1	111000	5329,9
111010	12542	111010	44,1	111010	0	111010	1	111010	5329,9
111020	12543	111020	48,3	111020	0	111020	1	111020	5329,9
111030	12544	111030	46,1	111030	0	111030	1	111030	5329,9
111040	12545	111040	43,7	111040	0	111040	1	111040	5329,9
111050	12546	111050	45,6	111050	0	111050	1	111050	5329,9
111060	12547	111060	44,3	111060	0	111060	1	111060	5329,9
111070	12548	111070	25,5	111070	0	111070	1	111070	5329,9
111080	12549	111080	30	111080	0	111080	1	111080	5329,9
111090	12550	111090	36,4	111090	0	111090	1	111090	5329,9
111100	12551	111100	45	111100	0	111100	1	111100	5329,9
111110	12552	111110	34,8	111110	0	111110	1	111110	5329,9
111120	12553	111120	52,4	111120	0	111120	1	111120	5329,9
111130	12554	111130	61,3	111130	0	111130	1	111130	5329,9
111140	12555	111140	53,3	111140	0	111140	1	111140	5329,9
111150	12556	111150	42,5	111150	0	111150	1	111150	5329,9
111160	12557	111160	43,4	111160	0	111160	1	111160	5329,9
111170	12558	111170	43,4	111170	0	111170	1	111170	5329,9
111180	12559	111180	43,7	111180	0	111180	1	111180	5329,9
111190	12560	111190	42,7	111190	0	111190	1	111190	5329,9
111200	12561	111200	49,6	111200	0	111200	1	111200	5329,9
111210	12562	111210	50	111210	0	111210	1	111210	5329,9
111220	12563	111220	54,2	111220	0	111220	1	111220	5329,9
111230	12564	111230	27,5	111230	0	111230	1	111230	5329,9
111240	12565	111240	29	111240	0	111240	1	111240	5329,9
111250	12566	111250	24,5	111250	0	111250	1	111250	5329,9
111260	12567	111260	38,4	111260	0	111260	1	111260	5329,9
111270	12568	111270	25,4	111270	0	111270	1	111270	5329,9
111280	12569	111280	42,2	111280	0	111280	1	111280	5329,9
111290	12570	111290	54,1	111290	0	111290	1	111290	5329,9
111300	12571	111300	51,7	111300	0	111300	1	111300	5329,9
111310	12572	111310	54,8	111310	0	111310	1	111310	5329,9
111320	12573	111320	60,1	111320	0	111320	1	111320	5329,9
111330	12574	111330	59	111330	0	111330	1	111330	5329,9
111340	12575	111340	48,1	111340	0	111340	1	111340	5329,9
111350	12576	111350	43,2	111350	0	111350	1	111350	5329,9
111360	12577	111360	41,8	111360	0	111360	1	111360	5329,9
111370	12578	111370	48,1	111370	0	111370	1	111370	5329,9
111380	12579	111380	58,1	111380	0	111380	1	111380	5329,9
111390	12580	111390	43,3	111390	0	111390	1	111390	5329,9
111400	12581	111400	44,6	111400	0	111400	1	111400	5329,9
111410	12582	111410	49	111410	0	111410	1	111410	5329,9
111420	12583	111420	29,9	111420	0	111420	1	111420	5329,9
111430	12584	111430	49,5	111430	0	111430	1	111430	5329,9
111440	12585	111440	50,5	111440	0	111440	1	111440	5329,9
111450	12586	111450	53,5	111450	0	111450	1	111450	5329,9
111460	12587	111460	51,2	111460	0	111460	1	111460	5329,9
111470	12588	111470	47,8	111470	0	111470	1	111470	5329,9
111480	12589	111480	196,4	111480	0	111480	1	111480	5329,9
111490	12590	111490	41	111490	0	111490	1	111490	5329,9
111500	12591	111500	51	111500	0	111500	1	111500	5329,9
111510	12592	111510	48,7	111510	0	111510	1	111510	5329,9
111520	12593	111520	48,8	111520	0	111520	1	111520	5329,9
111530	12594	111530	52,3	111530	0	111530	1	111530	5329,9
111540	12595	111540	50,3	111540	0	111540	1	111540	5329,9
111550	12596	111550	47,5	111550	0	111550	1	111550	5329,9
111560	12597	111560	54,4	111560	0	111560	1	111560	5329,9
111570	12598	111570	50	111570	0	111570	1	111570	5329,9
111580	12599	111580	45,4	111580	0	111580	1	111580	5329,9
111590	12600	111590	44,7	111590	0	111590	1	111590	5329,9
111600	12601	111600	50,5	111600	0	111600	1	111600	5329,9
111610	12602	111610	47	111610	0	111610	1	111610	5329,9
111620	12603	111620	48,4	111620	0	111620	1	111620	5329,9
111630	12604	111630	47,7	111630	0	111630	1	111630	5329,9
111640	12605	111640	45,8	111640	0	111640	3	111640	5329,9
111650	12606	111650	68,7	111650	0	111650	1	111650	5329,9
111660	12607	111660	48	111660	0	111660	1	111660	5329,9
111670	12608	111670	57,2	111670	0	111670	1	111670	5329,9
111680	12609	111680	59,3	111680	0	111680	1	111680	5329,9
111690	12610	111690	42,3	111690	0	111690	1	111690	5329,9
111700	12611	111700	46,7	111700	0	111700	1	111700	5329,9
111710	12612	111710	44,2	111710	0	111710	1	111710	5329,9
111720	12613	111720	27,3	111720	0	111720	1	111720	5329,9
111730	12614	111730	56,3	111730	0	111730	1	111730	5329,9
111740	12615	111740	44,2	111740	0	111740	1	111740	5329,9
111750	12616	111750	41,4	111750	0	111750	1	111750	5329,9
111760	12617	111760	68,8	111760	0	111760	1	111760	5329,9
111770	12618	111770	43,5	111770	0	111770	1	111770	5329,9
111780	12619	111780	42,9	111780	0	111780	1	111780	5329,9
111790	12620	111790	49,4	111790	0	111790	1	111790	5329,9
111800	12621	111800	43	111800	0	111800	1	111800	5329,9
111810	12622	111810	45,2	111810	0	111810	1	111810	5329,9
111820	12623	111820	43	111820	0	111820	1	111820	5329,9
111830	12624	111830	42,6	111830	0	111830	1	111830	5329,9
111840	12625	111840	64,4	111840	0	111840	1	111840	5329,9
111850	12626	111850	45,4	111850	0	111850	1	111850	5329,9
111860	12627	111860	44,6	111860	0	111860	1	111860	5329,9
111870	12628	111870	44,9	111870	0	111870	1	111870	5329,9
111880	12629	111880	47,5	111880	0	111880	1	111880	5329,9
111890	12630	111890	55,4	111890	0	111890	1	111890	5329,9
111900	12631	111900	44,3	111900	0	111900	1	111900	5329,9
111910	12632	111910	40,7	111910	0	111910	1	111910	5329,9
111920	12633	111920	45,3	111920	0	111920	1	111920	5329,9
111930	12634	111930	42	111930	0	111930	1	111930	5329,9
111940	12635	111940	61	111940	0	111940	1	111940	5329,9
111950	12636	111950	41,1	111950	0	111950	1	111950	5329,9
111960	12637	111960	45,9	111960	0	111960	1	111960	5329,9
111970	12638	111970	43,3	111970	0	111970	1	111970	5329,9
111980	12639	111980	44,2	111980	0	111980	1	111980	5329,9
111990	12640	111990	44,2	111990	0	111990	1	111990	5329,9
112000	12641	112000	44,4	112000	0	112000	1	112000	5329,9
112010	12642	112010	42,6	112010	0	112010	1	112010	5329,9
112020	12643	112020	52,3	112020	0	112020	1	112020	5329,9
112030	12644	112030	29,4	112030	0	112030	1	112030	5329,9
112040	12645	112040	38	112040	0	112040	1	112040	5329,9
112050	12646	112050	29,3	112050	0	112050	1	112050	5329,9
112060	12647	112060	31,7	112060	0	112060	1	112060	5329,9
112070	12648	112070	40,8	112070	0	112070	1	112070	5329,9
112080	12649	112080	45,2	112080	0	112080	1	112080	5329,9
112090	12650	112090	52,5	112090	0	112090	1	112090	5329,9
112100	12651	112100	29,8	112100	0	112100	1	112100	5329,9
112110	12652	112110	42,1	112110	0	112110	1	112110	5329,9
112120	12653	112120	45,6	112120	0	112120	1	112120	5329,9
112130	12654	112130	53,7	112130	0	112130	1	112130	5329,9
112140	12655	112140	46,6	112140	0	112140	1	112140	5329,9
112150	12656	112150	42,4	112150	0	112150	1	112150	5329,9
112160	12657	112160	43	112160	0	112160	1	112160	5329,9
112170	12658	112170	44,5	112170	0	112170	1	112170	5329,9
112180	12659	112180	42,7	112180	0	112180	1	112180	5329,9
112190	12660	112190	44	112190	0	112190	1	112190	5329,9
112200	12661	112200	41,3	112200	0	112200	1	112200	5329,9
112210	12662	112210	42,4	112210	0	112210	1	112210	5329,9
112220	12663	112220	53,7	112220	0	112220	1	112220	5329,9
112230	12664	112230	46,5	112230	0	112230	1	112230	5329,9
112240	12665	112240	45,6	112240	0	112240	1	112240	5329,9
112250	12666	112250	44,5	112250	0	112250	1	112250	5329,9
112260	12667	112260	48,1	112260	0	112260	1	112260	5329,9
112270	12668	112270	48,1	112270	0	112270	1	112270	5329,9
112280	12669	112280	54,7	112280	0	112280	1	112280	5329,9
112290	12670	112290	41,2	112290	0	112290	1	112290	5329,9
112300	12671	112300	41,9	112300	0	112300	1	112300	5329,9
112310	12672	112310	50,6	112310	0	112310	1	112310	5329,9
112320	12673	112320	51,9	112320	0	112320	1	112320	5329,9
112330	12674	112330	55,4	112330	0	112330	1	112330	5329,9
112340	12675	112340	54,7	112340	0	112340	1	112340	5329,9
112350	12676	112350	50,9	112350	0	112350	1	112350	5329,9
112360	12677	112360	43,9	112360	0	112360	1	112360	5329,9
112370	12678	112370	45,5	112370	0	112370	1	112370	5329,9
112380	12679	112380	41,3	112380	0	112380	1	112380	5329,9
112390	12680	112390	38,2	112390	0	112390	1	112390	5329,9
112400	12681	112400	40,4	112400	0	112400	1	112400	5329,9
112410	12682	112410	40,2	112410	0	112410	1	112410	5329,9
112420	12683	112420	40,5	112420	0	112420	1	112420	5329,9
112430	12684	112430	42,9	112430	0	112430	1	112430	5329,9
112440	12685	112440	46,3	112440	0	112440	1	112440	5329,9
112450	12686	112450	41,6	112450	0	112450	1	112450	5329,9
112460	12687	112460	42,6	112460	0	112460	1	112460	5329,9
112470	12688	112470	45,6	112470	0	112470	1	112470	5329,9
112480	12689	112480	41,9	112480	0	112480	1	112480	5329,9
112490	12690	112490	42,9	112490	0	112490	1	112490	5329,9
112500	12691	112500	49,5	112500	0	112500	1	112500	5329,9
112510	12692	112510	41,2	112510	0	112510	1	112510	5329,9
112520	12693	112520	40,8	112520	0	112520	1	112520	5329,9
112530	12694	112530	43,3	112530	0	112530	1	112530	5329,9
112540	12695	112540	42	112540	0	112540	1	112540	5329,9
112550	12696	112550	33,8	112550	0	112550	1	112550	5329,9
112560	12697	112560	58	112560	0	112560	1	112560	5329,9
112570	12698	112570	40,6	112570	0	112570	1	112570	5329,9
112580	12699	112580	43,9	112580	0	112580	1	112580	5329,9
112590	12700	112590	43	112590	0	112590	1	112590	5329,9
112600	12701	112600	46,2	112600	0	112600	1	112600	5329,9
112610	12702	112610	46,8	112610	0	112610	1	112610	5329,9
112620	12703	112620	49,9	112620	0	112620	1	112620	5329,9
112630	12704	112630	27,7	112630	0	112630	1	112630	5329,9
112640	12705	112640	49,7	112640	0	112640	3	112640	5329,9
112650	12706	112650	63,6	112650	0	112650	1	112650	5329,9
112660	12707	112660	42,3	112660	0	112660	1	112660	5329,9
112670	12708	112670	45,8	112670	0	112670	1	112670	5329,9
112680	12709	112680	42,3	112680	0	112680	1	112680	5329,9
112690	12710	112690	45,3	112690	0	112690	1	112690	5329,9
112700	12711	112700	41,8	112700	0	112700	1	112700	5329,9
112710	12712	112710	49,5	112710	0	112710	1	112710	5329,9
112720	12713	112720	44,7	112720	0	112720	1	112720	5329,9
112730	12714	112730	43,3	112730	0	112730	1	112730	5329,9
112740	12715	112740	47	112740	0	112740	1	112740	5329,9
112750	12716	112750	46,7	112750	0	112750	1	112750	5329,9
112760	12717	112760	58	112760	0	112760	1	112760	5329,9
112770	12718	112770	45,3	112770	0	112770	1	112770	5329,9
112780	12719	112780	47,9	112780	0	112780	1	112780	5329,9
112790	12720	112790	54,1	112790	0	112790	1	112790	5329,9
112800	12721	112800	44	112800	0	112800	1	112800	5329,9
112810	12722	112810	54,6	112810	0	112810	1	112810	5329,9
112820	12723	112820	46,5	112820	0	112820	1	112820	5329,9
112830	12724	112830	48,1	112830	0	112830	1	112830	5329,9
112840	12725	112840	45,8	112840	0	112840	1	112840	5329,9
112850	12726	112850	44,4	112850	0	112850	1	112850	5329,9
112860	12727	112860	42,9	112860	0	112860	1	112860	5329,9
112870	12728	112870	41,3	112870	0	112870	1	112870	5329,9
112880	12729	112880	35,5	112880	0	112880	1	112880	5329,9
112890	12730	112890	51,5	112890	0	112890	1	112890	5329,9
112900	12731	112900	43	112900	0	112900	1	112900	5329,9
112910	12732	112910	39,7	112910	0	112910	1	112910	5329,9
112920	12733	112920	46	112920	0	112920	1	112920	5329,9
112930	12734	112930	52,1	112930	0	112930	1	112930	5329,9
112940	12735	112940	39,2	112940	0	112940	1	112940	5329,9
112950	12736	112950	26,1	112950	0	112950	1	112950	5329,9
112960	12737	112960	35,5	112960	0	112960	1	112960	5329,9
112970	12738	112970	41,6	112970	0	112970	1	112970	5329,9
112980	12739	112980	42,7	112980	0	112980	1	112980	5329,9
112990	12740	112990	42,5	112990	0	112990	1	112990	5329,9
113000	12741	113000	43,5	113000	0	113000	1	113000	5329,9
113010	12742	113010	53,7	113010	0	113010	1	113010	5329,9
113020	12743	113020	47,2	113020	0	113020	1	113020	5329,9
113030	12744	113030	45,9	113030	0	113030	1	113030	5329,9
113040	12745	113040	42,1	113040	0	113040	1	113040	5329,9
113050	12746	113050	41,1	113050	0	113050	1	113050	5329,9
113060	12747	113060	46,4	113060	0	113060	1	113060	5329,9
113070	12748	113070	45,4	113070	0	113070	1	113070	5329,9
113080	12749	113080	42,5	113080	0	113080	1	113080	5329,9
113090	12750	113090	43,9	113090	0	113090	1	113090	5329,9
113100	12751	113100	40	113100	0	113100	1	113100	5329,9
113110	12752	113110	50,5	113110	0	113110	1	113110	5329,9
113120	12753	113120	43,7	113120	0	113120	1	113120	5329,9
113130	12754	113130	41,9	113130	0	113130	1	113130	5329,9
113140	12755	113140	45,7	113140	0	113140	1	113140	5329,9
113150	12756	113150	48,8	113150	0	113150	1	113150	5329,9
113160	12757	113160	50,3	113160	0	113160	1	113160	5329,9
113170	12758	113170	53,8	113170	0	113170	1	113170	5329,9
113180	12759	113180	62,2	113180	0	113180	1	113180	5329,9
113190	12760	113190	46,9	113190	0	113190	1	113190	5329,9
113200	12761	113200	48,8	113200	0	113200	1	113200	5329,9
113210	12762	113210	44,3	113210	0	113210	1	113210	5329,9
113220	12763	113220	55	113220	0	113220	1	113220	5329,9
113230	12764	113230	56	113230	0	113230	1	113230	5329,9
113240	12765	113240	43,9	113240	0	113240	1	113240	5329,9
113250	12766	113250	44,2	113250	0	113250	1	113250	5329,9
113260	12767	113260	47,5	113260	0	113260	1	113260	5329,9
113270	12768	113270	53,9	113270	0	113270	1	113270	5329,9
113280	12769	113280	46,5	113280	0	113280	1	113280	5329,9
113290	12770	113290	54,3	113290	0	113290	1	113290	5329,9
113300	12771	113300	48,9	113300	0	113300	1	113300	5329,9
113310	12772	113310	49,7	113310	0	113310	1	113310	5329,9
113320	12773	113320	44	113320	0	113320	1	113320	5329,9
113330	12774	113330	47,5	113330	0	113330	1	113330	5329,9
113340	12775	113340	47,1	113340	0	113340	1	113340	5329,9
113350	12776	113350	44,6	113350	0	113350	1	113350	5329,9
113360	12777	113360	43,3	113360	0	113360	1	113360	5329,9
113370	12778	113370	43,8	113370	0	113370	1	113370	5329,9
113380	12779	113380	47,9	113380	0	113380	1	113380	5329,9
113390	12780	113390	43,7	113390	0	113390	1	113390	5329,9
113400	12781	113400	46,5	113400	0	113400	1	113400	5329,9
113410	12782	113410	44,5	113410	0	113410	1	113410	5329,9
113420	12783	113420	43,9	113420	0	113420	1	113420	5329,9
113430	12784	113430	122,9	113430	0	113430	1	113430	5329,9
113440	12785	113440	56	113440	0	113440	1	113440	5329,9
113450	12786	113450	40,5	113450	0	113450	1	113450	5329,9
113460	12787	113460	40,7	113460	0	113460	1	113460	5329,9
113470	12788	113470	45,9	113470	0	113470	1	113470	5329,9
113480	12789	113480	43,1	113480	0	113480	1	113480	5329,9
113490	12790	113490	53	113490	0	113490	1	113490	5329,9
113500	12791	113500	46,5	113500	0	113500	1	113500	5329,9
113510	12792	113510	46,4	113510	0	113510	1	113510	5329,9
113520	12793	113520	37,7	113520	0	113520	1	113520	5329,9
113530	12794	113530	45	113530	0	113530	1	113530	5329,9
113540	12795	113540	46,9	113540	0	113540	1	113540	5329,9
113550	12796	113550	45,7	113550	0	113550	1	113550	5329,9
113560	12797	113560	46,4	113560	0	113560	1	113560	5329,9
113570	12798	113570	48,4	113570	0	113570	1	113570	5329,9
113580	12799	113580	44,2	113580	0	113580	1	113580	5329,9
113590	12800	113590	46,7	113590	0	113590	1	113590	5329,9
113600	12801	113600	48,5	113600	0	113600	1	113600	5329,9
113610	12802	113610	35,9	113610	0	113610	1	113610	5329,9
113620	12803	113620	52,6	113620	0	113620	1	113620	5329,9
113630	12804	113630	54,6	113630	0	113630	1	113630	5329,9
113640	12805	113640	57,8	113640	0	113640	3	113640	5329,9
113650	12806	113650	72,9	113650	0	113650	1	113650	5329,9
113660	12807	113660	47,7	113660	0	113660	1	113660	5329,9
113670	12808	113670	45,9	113670	0	113670	1	113670	5329,9
113680	12809	113680	44,6	113680	0	113680	1	113680	5329,9
113690	12810	113690	44,5	113690	0	113690	1	113690	5329,9
113700	12811	113700	43,3	113700	0	113700	1	113700	5329,9
113710	12812	113710	52,6	113710	0	113710	1	113710	5329,9
113720	12813	113720	45,7	113720	0	113720	1	113720	5329,9
113730	12814	113730	46,1	113730	0	113730	1	113730	5329,9
113740	12815	113740	49,2	113740	0	113740	1	113740	5329,9
113750	12816	113750	51,6	113750	0	113750	1	113750	5329,9
113760	12817	113760	44	113760	0	113760	1	113760	5329,9
113770	12818	113770	33	113770	0	113770	1	113770	5329,9
113780	12819	113780	25,6	113780	0	113780	1	113780	5329,9
113790	12820	113790	51,1	113790	0	113790	1	113790	5329,9
113800	12821	113800	56,1	113800	0	113800	1	113800	5329,9
113810	12822	113810	46	113810	0	113810	1	113810	5329,9
113820	12823	113820	26,8	113820	0	113820	1	113820	5329,9
113830	12824	113830	49,1	113830	0	113830	1	113830	5329,9
113840	12825	113840	32,9	113840	0	113840	1	113840	5329,9
113850	12826	113850	48	113850	0	113850	1	113850	5329,9
113860	12827	113860	45,2	113860	0	113860	1	113860	5329,9
113870	12828	113870	44,8	113870	0	113870	1	113870	5329,9
113880	12829	113880	44,3	113880	0	113880	1	113880	5329,9
113890	12830	113890	41,6	113890	0	113890	1	113890	5329,9
113900	12831	113900	44,3	113900	0	113900	1	113900	5329,9
113910	12832	113910	42,8	113910	0	113910	1	113910	5329,9
113920	12833	113920	41,6	113920	0	113920	1	113920	5329,9
113930	12834	113930	47,5	113930	0	113930	1	113930	5329,9
113940	12835	113940	48,2	113940	0	113940	1	113940	5329,9
113950	12836	113950	48,7	113950	0	113950	1	113950	5329,9
113960	12837	113960	51	113960	0	113960	1	113960	5329,9
113970	12838	113970	48,2	113970	0	113970	1	113970	5329,9
113980	12839	113980	51	113980	0	113980	1	113980	5329,9
113990	12840	113990	47,7	113990	0	113990	1	113990	5329,9
114000	12841	114000	53,4	114000	0	114000	1	114000	5329,9
114010	12842	114010	49	114010	0	114010	1	114010	5329,9
114020	12843	114020	31,3	114020	0	114020	1	114020	5329,9
114030	12844	114030	39,5	114030	0	114030	1	114030	5329,9
114040	12845	114040	53,4	114040	0	114040	1	114040	5329,9
114050	12846	114050	47,4	114050	0	114050	1	114050	5329,9
114060	12847	114060	48,3	114060	0	114060	1	114060	5329,9
114070	12848	114070	50,3	114070	0	114070	1	114070	5329,9
114080	12849	114080	52,9	114080	0	114080	1	114080	5329,9
114090	12850	114090	50,4	114090	0	114090	1	114090	5329,9
114100	12851	114100	47,2	114100	0	114100	1	114100	5329,9
114110	12852	114110	39,4	114110	0	114110	1	114110	5329,9
114120	12853	114120	44,8	114120	0	114120	1	114120	5329,9
114130	12854	114130	40	114130	0	114130	1	114130	5329,9
114140	12855	114140	44,9	114140	0	114140	1	114140	5329,9
114150	12856	114150	44,2	114150	0	114150	1	114150	5329,9
114160	12857	114160	42	114160	0	114160	1	114160	5329,9
114170	12858	114170	40	114170	0	114170	1	114170	5329,9
114180	12859	114180	40,4	114180	0	114180	1	114180	5329,9
114190	12860	114190	39,3	114190	0	114190	1	114190	5329,9
114200	12861	114200	46,1	114200	0	114200	1	114200	5329,9
114210	12862	114210	46	114210	0	114210	1	114210	5329,9
114220	12863	114220	46,3	114220	0	114220	1	114220	5329,9
114230	12864	114230	40	114230	0	114230	1	114230	5329,9
114240	12865	114240	40	114240	0	114240	1	114240	5329,9
114250	12866	114250	34,4	114250	0	114250	1	114250	5329,9
114260	12867	114260	41,1	114260	0	114260	1	114260	5329,9
114270	12868	114270	51,2	114270	0	114270	1	114270	5329,9
114280	12869	114280	41,8	114280	0	114280	1	114280	5329,9
114290	12870	114290	53,8	114290	0	114290	1	114290	5329,9
114300	12871	114300	42,3	114300	0	114300	1	114300	5329,9
114310	12872	114310	41,8	114310	0	114310	1	114310	5329,9
114320	12873	114320	38,6	114320	0	114320	1	114320	5329,9
114330	12874	114330	40,7	114330	0	114330	1	114330	5329,9
114340	12875	114340	42,4	114340	0	114340	1	114340	5329,9
114350	12876	114350	42,1	114350	0	114350	1	114350	5329,9
114360	12877	114360	65	114360	0	114360	1	114360	5329,9
114370	12878	114370	44,9	114370	0	114370	1	114370	5329,9
114380	12879	114380	44,7	114380	0	114380	1	114380	5329,9
114390	12880	114390	43,5	114390	0	114390	1	114390	5329,9
114400	12881	114400	36,5	114400	0	114400	1	114400	5329,9
114410	12882	114410	57	114410	0	114410	1	114410	5329,9
114420	12883	114420	53,5	114420	0	114420	1	114420	5329,9
114430	12884	114430	75	114430	0	114430	1	114430	5329,9
114440	12885	114440	29,4	114440	0	114440	1	114440	5329,9
114450	12886	114450	49,6	114450	0	114450	1	114450	5329,9
114460	12887	114460	49,6	114460	0	114460	1	114460	5329,9
114470	12888	114470	44,8	114470	0	114470	1	114470	5329,9
114480	12889	114480	29,3	114480	0	114480	1	114480	5329,9
114490	12890	114490	55	114490	0	114490	1	114490	5329,9
114500	12891	114500	34,8	114500	0	114500	1	114500	5329,9
114510	12892	114510	55,9	114510	0	114510	1	114510	5329,9
114520	12893	114520	47,6	114520	0	114520	1	114520	5329,9
114530	12894	114530	48,9	114530	0	114530	1	114530	5329,9
114540	12895	114540	58,6	114540	0	114540	1	114540	5329,9
114550	12896	114550	48,6	114550	0	114550	1	114550	5329,9
114560	12897	114560	60,8	114560	0	114560	1	114560	5329,9
114570	12898	114570	38,9	114570	0	114570	1	114570	5329,9
114580	12899	114580	50,8	114580	0	114580	1	114580	5329,9
114590	12900	114590	55,6	114590	0	114590	1	114590	5329,9
114600	12901	114600	27,6	114600	0	114600	1	114600	5329,9
114610	12902	114610	26,4	114610	0	114610	1	114610	5329,9
114620	12903	114620	24,7	114620	0	114620	1	114620	5329,9
114630	12904	114630	33,4	114630	0	114630	1	114630	5329,9
114640	12905	114640	41,8	114640	0	114640	3	114640	5329,9
114650	12906	114650	61,7	114650	0	114650	1	114650	5329,9
114660	12907	114660	44,7	114660	0	114660	1	114660	5329,9
114670	12908	114670	55,4	114670	0	114670	1	114670	5329,9
114680	12909	114680	21,4	114680	0	114680	1	114680	5329,9
114690	12910	114690	26	114690	0	114690	1	114690	5329,9
114700	12911	114700	33,5	114700	0	114700	1	114700	5329,9
114710	12912	114710	49,2	114710	0	114710	1	114710	5329,9
114720	12913	114720	47	114720	0	114720	1	114720	5329,9
114730	12914	114730	50,2	114730	0	114730	1	114730	5329,9
114740	12915	114740	45,1	114740	0	114740	1	114740	5329,9
114750	12916	114750	46,1	114750	0	114750	1	114750	5329,9
114760	12917	114760	51,2	114760	0	114760	1	114760	5329,9
114770	12918	114770	48,2	114770	0	114770	1	114770	5329,9
114780	12919	114780	59,3	114780	0	114780	1	114780	5329,9
114790	12920	114790	40,5	114790	0	114790	1	114790	5329,9
114800	12921	114800	46,2	114800	0	114800	1	114800	5329,9
114810	12922	114810	46,2	114810	0	114810	1	114810	5329,9
114820	12923	114820	58,1	114820	0	114820	1	114820	5329,9
114830	12924	114830	42	114830	0	114830	1	114830	5329,9
114840	12925	114840	46,4	114840	0	114840	1	114840	5329,9
114850	12926	114850	49,3	114850	0	114850	1	114850	5329,9
114860	12927	114860	54,1	114860	0	114860	1	114860	5329,9
114870	12928	114870	51,5	114870	0	114870	1	114870	5329,9
114880	12929	114880	57,6	114880	0	114880	1	114880	5329,9
114890	12930	114890	52,2	114890	0	114890	1	114890	5329,9
114900	12931	114900	49,3	114900	0	114900	1	114900	5329,9
114910	12932	114910	49,1	114910	0	114910	1	114910	5329,9
114920	12933	114920	48,6	114920	0	114920	1	114920	5329,9
114930	12934	114930	41	114930	0	114930	1	114930	5329,9
114940	12935	114940	48,7	114940	0	114940	1	114940	5329,9
114950	12936	114950	47,3	114950	0	114950	1	114950	5329,9
114960	12937	114960	76	114960	0	114960	1	114960	5329,9
114970	12938	114970	44,7	114970	0	114970	1	114970	5329,9
114980	12939	114980	49,7	114980	0	114980	1	114980	5329,9
114990	12940	114990	47,9	114990	0	114990	1	114990	5329,9
115000	12941	115000	50,3	115000	0	115000	1	115000	5329,9
115010	12942	115010	46,5	115010	0	115010	1	115010	5329,9
115020	12943	115020	26,8	115020	0	115020	1	115020	5329,9
115030	12944	115030	53,2	115030	0	115030	1	115030	5329,9
115040	12945	115040	46,6	115040	0	115040	1	115040	5329,9
115050	12946	115050	44	115050	0	115050	1	115050	5329,9
115060	12947	115060	48,6	115060	0	115060	1	115060	5329,9
115070	12948	115070	47,8	115070	0	115070	1	115070	5329,9
115080	12949	115080	50,2	115080	0	115080	1	115080	5329,9
115090	12950	115090	43,6	115090	0	115090	1	115090	5329,9
115100	12951	115100	43,7	115100	0	115100	1	115100	5329,9
115110	12952	115110	40	115110	0	115110	1	115110	5329,9
115120	12953	115120	45,4	115120	0	115120	1	115120	5329,9
115130	12954	115130	42,2	115130	0	115130	3	115130	5329,9
115140	12955	115140	75,2	115140	0	115140	1	115140	5329,9
115150	12956	115150	43,1	115150	0	115150	3	115150	5329,9
115160	12957	115160	55,2	115160	0	115160	1	115160	5329,9
115170	12958	115170	49,9	115170	0	115170	1	115170	5329,9
115180	12959	115180	42	115180	0	115180	1	115180	5329,9
115190	12960	115190	46,9	115190	0	115190	1	115190	5329,9
115200	12961	115200	46,1	115200	0	115200	1	115200	5329,9
115210	12962	115210	40,7	115210	0	115210	1	115210	5329,9
115220	12963	115220	43,5	115220	0	115220	1	115220	5329,9
115230	12964	115230	49,7	115230	0	115230	1	115230	5329,9
115240	12965	115240	49	115240	0	115240	1	115240	5329,9
115250	12966	115250	46,8	115250	0	115250	1	115250	5329,9
115260	12967	115260	46,8	115260	0	115260	1	115260	5329,9
115270	12968	115270	60,6	115270	0	115270	1	115270	5329,9
115280	12969	115280	51,3	115280	0	115280	1	115280	5329,9
115290	12970	115290	45,1	115290	0	115290	1	115290	5329,9
115300	12971	115300	40	115300	0	115300	1	115300	5329,9
115310	12972	115310	26	115310	0	115310	1	115310	5329,9
115320	12973	115320	45,2	115320	0	115320	1	115320	5329,9
115330	12974	115330	55,7	115330	0	115330	1	115330	5329,9
115340	12975	115340	47,4	115340	0	115340	1	115340	5329,9
115350	12976	115350	44,8	115350	0	115350	1	115350	5329,9
115360	12977	115360	47,8	115360	0	115360	1	115360	5329,9
115370	12978	115370	53	115370	0	115370	1	115370	5329,9
115380	12979	115380	42,1	115380	0	115380	1	115380	5329,9
115390	12980	115390	48,3	115390	0	115390	1	115390	5329,9
115400	12981	115400	39,8	115400	0	115400	1	115400	5329,9
115410	12982	115410	47,4	115410	0	115410	1	115410	5329,9
115420	12983	115420	52,2	115420	0	115420	1	115420	5329,9
115430	12984	115430	53,1	115430	0	115430	1	115430	5329,9
115440	12985	115440	43,9	115440	0	115440	1	115440	5329,9
115450	12986	115450	44,4	115450	0	115450	1	115450	5329,9
115460	12987	115460	46	115460	0	115460	1	115460	5329,9
115470	12988	115470	45,4	115470	0	115470	1	115470	5329,9
115480	12989	115480	49,8	115480	0	115480	1	115480	5329,9
115490	12990	115490	28,6	115490	0	115490	1	115490	5329,9
115500	12991	115500	25,5	115500	0	115500	1	115500	5329,9
115510	12992	115510	47,1	115510	0	115510	1	115510	5329,9
115520	12993	115520	46	115520	0	115520	1	115520	5329,9
115530	12994	115530	46	115530	0	115530	1	115530	5329,9
115540	12995	115540	22,3	115540	0	115540	1	115540	5329,9
115550	12996	115550	23,6	115550	0	115550	1	115550	5329,9
115560	12997	115560	44,9	115560	0	115560	1	115560	5329,9
115570	12998	115570	44,3	115570	0	115570	1	115570	5329,9
115580	12999	115580	46,3	115580	0	115580	1	115580	5329,9
115590	13000	115590	48,4	115590	0	115590	1	115590	5329,9
115600	13001	115600	46,8	115600	0	115600	1	115600	5329,9
115610	13002	115610	47,9	115610	0	115610	1	115610	5329,9
115620	13003	115620	32,8	115620	0	115620	1	115620	5329,9
115630	13004	115630	47,7	115630	0	115630	1	115630	5329,9
115640	13005	115640	48,4	115640	0	115640	3	115640	5329,9
115650	13006	115650	69,7	115650	0	115650	1	115650	5329,9
115660	13007	115660	45,6	115660	0	115660	1	115660	5329,9
115670	13008	115670	43,7	115670	0	115670	1	115670	5329,9
115680	13009	115680	39,9	115680	0	115680	1	115680	5329,9
115690	13010	115690	49,9	115690	0	115690	1	115690	5329,9
115700	13011	115700	45	115700	0	115700	1	115700	5329,9
115710	13012	115710	50,5	115710	0	115710	1	115710	5329,9
115720	13013	115720	44,7	115720	0	115720	1	115720	5329,9
115730	13014	115730	46,2	115730	0	115730	1	115730	5329,9
115740	13015	115740	45,9	115740	0	115740	1	115740	5329,9
115750	13016	115750	45,3	115750	0	115750	1	115750	5329,9
115760	13017	115760	48,4	115760	0	115760	1	115760	5329,9
115770	13018	115770	50,4	115770	0	115770	1	115770	5329,9
115780	13019	115780	61,5	115780	0	115780	1	115780	5329,9
115790	13020	115790	53,1	115790	0	115790	1	115790	5329,9
115800	13021	115800	57,4	115800	0	115800	1	115800	5329,9
115810	13022	115810	52,6	115810	0	115810	1	115810	5329,9
115820	13023	115820	51	115820	0	115820	1	115820	5329,9
115830	13024	115830	43,4	115830	0	115830	1	115830	5329,9
115840	13025	115840	44,1	115840	0	115840	1	115840	5329,9
115850	13026	115850	45,8	115850	0	115850	1	115850	5329,9
115860	13027	115860	47,6	115860	0	115860	1	115860	5329,9
115870	13028	115870	45,1	115870	0	115870	1	115870	5329,9
115880	13029	115880	50,1	115880	0	115880	1	115880	5329,9
115890	13030	115890	47	115890	0	115890	1	115890	5329,9
115900	13031	115900	51,5	115900	0	115900	1	115900	5329,9
115910	13032	115910	49,9	115910	0	115910	1	115910	5329,9
115920	13033	115920	54,9	115920	0	115920	1	115920	5329,9
115930	13034	115930	37,8	115930	0	115930	1	115930	5329,9
115940	13035	115940	62,1	115940	0	115940	1	115940	5329,9
115950	13036	115950	57,5	115950	0	115950	1	115950	5329,9
115960	13037	115960	48,3	115960	0	115960	1	115960	5329,9
115970	13038	115970	52,1	115970	0	115970	1	115970	5329,9
115980	13039	115980	44,1	115980	0	115980	1	115980	5329,9
115990	13040	115990	45,2	115990	0	115990	1	115990	5329,9
116000	13041	116000	37,9	116000	0	116000	1	116000	5329,9
116010	13042	116010	44,5	116010	0	116010	1	116010	5329,9
116020	13043	116020	45,8	116020	0	116020	1	116020	5329,9
116030	13044	116030	46,6	116030	0	116030	1	116030	5329,9
116040	13045	116040	43	116040	0	116040	1	116040	5329,9
116050	13046	116050	44	116050	0	116050	1	116050	5329,9
116060	13047	116060	47,2	116060	0	116060	1	116060	5329,9
116070	13048	116070	49,6	116070	0	116070	1	116070	5329,9
116080	13049	116080	47,5	116080	0	116080	1	116080	5329,9
116090	13050	116090	40,7	116090	0	116090	1	116090	5329,9
116100	13051	116100	48,1	116100	0	116100	1	116100	5329,9
116110	13052	116110	43	116110	0	116110	1	116110	5329,9
116120	13053	116120	39,2	116120	0	116120	1	116120	5329,9
116130	13054	116130	48,5	116130	0	116130	1	116130	5329,9
116140	13055	116140	66	116140	0	116140	1	116140	5329,9
116150	13056	116150	36,6	116150	0	116150	1	116150	5329,9
116160	13057	116160	43	116160	0	116160	1	116160	5329,9
116170	13058	116170	53,9	116170	0	116170	1	116170	5329,9
116180	13059	116180	42,6	116180	0	116180	1	116180	5329,9
116190	13060	116190	40,8	116190	0	116190	1	116190	5329,9
116200	13061	116200	42,8	116200	0	116200	1	116200	5329,9
116210	13062	116210	41,4	116210	0	116210	1	116210	5329,9
116220	13063	116220	35,4	116220	0	116220	1	116220	5329,9
116230	13064	116230	43,1	116230	0	116230	1	116230	5329,9
116240	13065	116240	42,5	116240	0	116240	1	116240	5329,9
116250	13066	116250	46,5	116250	0	116250	1	116250	5329,9
116260	13067	116260	40,8	116260	0	116260	1	116260	5329,9
116270	13068	116270	47	116270	0	116270	1	116270	5329,9
116280	13069	116280	46,3	116280	0	116280	1	116280	5329,9
116290	13070	116290	42,6	116290	0	116290	1	116290	5329,9
116300	13071	116300	45,8	116300	0	116300	1	116300	5329,9
116310	13072	116310	35,7	116310	0	116310	1	116310	5329,9
116320	13073	116320	32,9	116320	0	116320	1	116320	5329,9
116330	13074	116330	43,6	116330	0	116330	1	116330	5329,9
116340	13075	116340	54,2	116340	0	116340	1	116340	5329,9
116350	13076	116350	45,5	116350	0	116350	1	116350	5329,9
116360	13077	116360	44,7	116360	0	116360	1	116360	5329,9
116370	13078	116370	30,7	116370	0	116370	1	116370	5329,9
116380	13079	116380	45,1	116380	0	116380	1	116380	5329,9
116390	13080	116390	39,9	116390	0	116390	1	116390	5329,9
116400	13081	116400	43,3	116400	0	116400	1	116400	5329,9
116410	13082	116410	39,8	116410	0	116410	1	116410	5329,9
116420	13083	116420	34,7	116420	0	116420	1	116420	5329,9
116430	13084	116430	54,7	116430	0	116430	1	116430	5329,9
116440	13085	116440	46,7	116440	0	116440	1	116440	5329,9
116450	13086	116450	41,5	116450	0	116450	1	116450	5329,9
116460	13087	116460	40,2	116460	0	116460	1	116460	5329,9
116470	13088	116470	46,4	116470	0	116470	1	116470	5329,9
116480	13089	116480	41,3	116480	0	116480	1	116480	5329,9
116490	13090	116490	40,3	116490	0	116490	1	116490	5329,9
116500	13091	116500	45,3	116500	0	116500	1	116500	5329,9
116510	13092	116510	44,6	116510	0	116510	1	116510	5329,9
116520	13093	116520	27,3	116520	0	116520	1	116520	5329,9
116530	13094	116530	45	116530	0	116530	1	116530	5329,9
116540	13095	116540	45,1	116540	0	116540	1	116540	5329,9
116550	13096	116550	43,2	116550	0	116550	1	116550	5329,9
116560	13097	116560	39,6	116560	0	116560	1	116560	5329,9
116570	13098	116570	46,9	116570	0	116570	1	116570	5329,9
116580	13099	116580	49,6	116580	0	116580	1	116580	5329,9
116590	13100	116590	41,3	116590	0	116590	1	116590	5329,9
116600	13101	116600	51,3	116600	0	116600	1	116600	5329,9
116610	13102	116610	48,7	116610	0	116610	1	116610	5329,9
116620	13103	116620	47,2	116620	0	116620	1	116620	5329,9
116630	13104	116630	40,7	116630	0	116630	1	116630	5329,9
116640	13105	116640	46,8	116640	0	116640	3	116640	5329,9
116650	13106	116650	69,7	116650	0	116650	1	116650	5329,9
116660	13107	116660	47	116660	0	116660	1	116660	5329,9
116670	13108	116670	47	116670	0	116670	1	116670	5329,9
116680	13109	116680	43,3	116680	0	116680	1	116680	5329,9
116690	13110	116690	48,3	116690	0	116690	1	116690	5329,9
116700	13111	116700	47,3	116700	0	116700	1	116700	5329,9
116710	13112	116710	45	116710	0	116710	1	116710	5329,9
116720	13113	116720	43,7	116720	0	116720	1	116720	5329,9
116730	13114	116730	43,5	116730	0	116730	1	116730	5329,9
116740	13115	116740	49,2	116740	0	116740	1	116740	5329,9
116750	13116	116750	54,8	116750	0	116750	1	116750	5329,9
116760	13117	116760	46,9	116760	0	116760	1	116760	5329,9
116770	13118	116770	51,1	116770	0	116770	1	116770	5329,9
116780	13119	116780	48,5	116780	0	116780	1	116780	5329,9
116790	13120	116790	47,6	116790	0	116790	1	116790	5329,9
116800	13121	116800	47,2	116800	0	116800	1	116800	5329,9
116810	13122	116810	48	116810	0	116810	1	116810	5329,9
116820	13123	116820	37,3	116820	0	116820	1	116820	5329,9
116830	13124	116830	47,6	116830	0	116830	1	116830	5329,9
116840	13125	116840	49,4	116840	0	116840	1	116840	5329,9
116850	13126	116850	47	116850	0	116850	1	116850	5329,9
116860	13127	116860	49,4	116860	0	116860	1	116860	5329,9
116870	13128	116870	48,5	116870	0	116870	1	116870	5329,9
116880	13129	116880	58,7	116880	0	116880	1	116880	5329,9
116890	13130	116890	47,5	116890	0	116890	1	116890	5329,9
116900	13131	116900	51,2	116900	0	116900	1	116900	5329,9
116910	13132	116910	58,1	116910	0	116910	1	116910	5329,9
116920	13133	116920	40,2	116920	0	116920	1	116920	5329,9
116930	13134	116930	24,8	116930	0	116930	1	116930	5329,9
116940	13135	116940	37,5	116940	0	116940	1	116940	5329,9
116950	13136	116950	63,9	116950	0	116950	1	116950	5329,9
116960	13137	116960	35,7	116960	0	116960	1	116960	5329,9
116970	13138	116970	42,5	116970	0	116970	1	116970	5329,9
116980	13139	116980	29	116980	0	116980	1	116980	5329,9
116990	13140	116990	35,7	116990	0	116990	1	116990	5329,9
117000	13141	117000	40,7	117000	0	117000	1	117000	5329,9
117010	13142	117010	44,5	117010	0	117010	1	117010	5329,9
117020	13143	117020	47,5	117020	0	117020	1	117020	5329,9
117030	13144	117030	45,5	117030	0	117030	1	117030	5329,9
117040	13145	117040	42,6	117040	0	117040	1	117040	5329,9
117050	13146	117050	29,3	117050	0	117050	1	117050	5329,9
117060	13147	117060	27,8	117060	0	117060	1	117060	5329,9
117070	13148	117070	28,5	117070	0	117070	1	117070	5329,9
117080	13149	117080	28,6	117080	0	117080	1	117080	5329,9
117090	13150	117090	32	117090	0	117090	1	117090	5329,9
117100	13151	117100	29	117100	0	117100	1	117100	5329,9
117110	13152	117110	32,6	117110	0	117110	1	117110	5329,9
117120	13153	117120	29,6	117120	0	117120	1	117120	5329,9
117130	13154	117130	39,5	117130	0	117130	1	117130	5329,9
117140	13155	117140	28,3	117140	0	117140	1	117140	5329,9
117150	13156	117150	29,7	117150	0	117150	1	117150	5329,9
117160	13157	117160	40,7	117160	0	117160	1	117160	5329,9
117170	13158	117170	35,4	117170	0	117170	1	117170	5329,9
117180	13159	117180	34,7	117180	0	117180	1	117180	5329,9
117190	13160	117190	37,6	117190	0	117190	1	117190	5329,9
117200	13161	117200	35,6	117200	0	117200	1	117200	5329,9
117210	13162	117210	27,2	117210	0	117210	1	117210	5329,9
117220	13163	117220	28,4	117220	0	117220	1	117220	5329,9
117230	13164	117230	31,2	117230	0	117230	1	117230	5329,9
117240	13165	117240	41,6	117240	0	117240	1	117240	5329,9
117250	13166	117250	60,5	117250	0	117250	1	117250	5329,9
117260	13167	117260	50,2	117260	0	117260	1	117260	5329,9
117270	13168	117270	52,7	117270	0	117270	1	117270	5329,9
117280	13169	117280	40,7	117280	0	117280	1	117280	5329,9
117290	13170	117290	39,7	117290	0	117290	1	117290	5329,9
117300	13171	117300	26,9	117300	0	117300	1	117300	5329,9
117310	13172	117310	54,5	117310	0	117310	1	117310	5329,9
117320	13173	117320	33,2	117320	0	117320	1	117320	5329,9
117330	13174	117330	35,1	117330	0	117330	1	117330	5329,9
117340	13175	117340	34,9	117340	0	117340	1	117340	5329,9
117350	13176	117350	34	117350	0	117350	1	117350	5329,9
117360	13177	117360	25,9	117360	0	117360	1	117360	5329,9
117370	13178	117370	35,3	117370	0	117370	1	117370	5329,9
117380	13179	117380	50,3	117380	0	117380	1	117380	5329,9
117390	13180	117390	38,5	117390	0	117390	1	117390	5329,9
117400	13181	117400	38,1	117400	0	117400	1	117400	5329,9
117410	13182	117410	32,3	117410	0	117410	1	117410	5329,9
117420	13183	117420	35,6	117420	0	117420	1	117420	5329,9
117430	13184	117430	32,9	117430	0	117430	1	117430	5329,9
117440	13185	117440	28,8	117440	0	117440	1	117440	5329,9
117450	13186	117450	42,9	117450	0	117450	1	117450	5329,9
117460	13187	117460	43,7	117460	0	117460	1	117460	5329,9
117470	13188	117470	42,9	117470	0	117470	1	117470	5329,9
117480	13189	117480	45	117480	0	117480	1	117480	5329,9
117490	13190	117490	40,6	117490	0	117490	1	117490	5329,9
117500	13191	117500	40,8	117500	0	117500	1	117500	5329,9
117510	13192	117510	40	117510	0	117510	1	117510	5329,9
117520	13193	117520	51,4	117520	0	117520	1	117520	5329,9
117530	13194	117530	53,7	117530	0	117530	1	117530	5329,9
117540	13195	117540	56,1	117540	0	117540	1	117540	5329,9
117550	13196	117550	42,4	117550	0	117550	1	117550	5329,9
117560	13197	117560	43,5	117560	0	117560	1	117560	5329,9
117570	13198	117570	52,4	117570	0	117570	1	117570	5329,9
117580	13199	117580	43,2	117580	0	117580	1	117580	5329,9
117590	13200	117590	49,8	117590	0	117590	1	117590	5329,9
117600	13201	117600	45,9	117600	0	117600	1	117600	5329,9
117610	13202	117610	53,2	117610	0	117610	1	117610	5329,9
117620	13203	117620	55,1	117620	0	117620	1	117620	5329,9
117630	13204	117630	49,9	117630	0	117630	1	117630	5329,9
117640	13205	117640	114	117640	0	117640	3	117640	5329,9
117650	13206	117650	64,5	117650	0	117650	1	117650	5329,9
117660	13207	117660	41,5	117660	0	117660	1	117660	5329,9
117670	13208	117670	49,4	117670	0	117670	1	117670	5329,9
117680	13209	117680	66,9	117680	0	117680	1	117680	5329,9
117690	13210	117690	48,4	117690	0	117690	1	117690	5329,9
117700	13211	117700	34,6	117700	0	117700	1	117700	5329,9
117710	13212	117710	30,4	117710	0	117710	1	117710	5329,9
117720	13213	117720	48	117720	0	117720	1	117720	5329,9
117730	13214	117730	47,1	117730	0	117730	1	117730	5329,9
117740	13215	117740	49,2	117740	0	117740	1	117740	5329,9
117750	13216	117750	55,4	117750	0	117750	1	117750	5329,9
117760	13217	117760	47	117760	0	117760	1	117760	5329,9
117770	13218	117770	46	117770	0	117770	1	117770	5329,9
117780	13219	117780	46,1	117780	0	117780	1	117780	5329,9
117790	13220	117790	32,8	117790	0	117790	1	117790	5329,9
117800	13221	117800	40,2	117800	0	117800	1	117800	5329,9
117810	13222	117810	46,1	117810	0	117810	1	117810	5329,9
117820	13223	117820	45,6	117820	0	117820	1	117820	5329,9
117830	13224	117830	40,7	117830	0	117830	1	117830	5329,9
117840	13225	117840	57,9	117840	0	117840	1	117840	5329,9
117850	13226	117850	51,6	117850	0	117850	1	117850	5329,9
117860	13227	117860	51,9	117860	0	117860	1	117860	5329,9
117870	13228	117870	48,7	117870	0	117870	1	117870	5329,9
117880	13229	117880	43,8	117880	0	117880	1	117880	5329,9
117890	13230	117890	42,8	117890	0	117890	1	117890	5329,9
117900	13231	117900	41,2	117900	0	117900	1	117900	5329,9
117910	13232	117910	43,2	117910	0	117910	1	117910	5329,9
117920	13233	117920	39,8	117920	0	117920	1	117920	5329,9
117930	13234	117930	41,1	117930	0	117930	1	117930	5329,9
117940	13235	117940	43	117940	0	117940	1	117940	5329,9
117950	13236	117950	47,1	117950	0	117950	1	117950	5329,9
117960	13237	117960	25,8	117960	0	117960	1	117960	5329,9
117970	13238	117970	22,4	117970	0	117970	1	117970	5329,9
117980	13239	117980	45,2	117980	0	117980	1	117980	5329,9
117990	13240	117990	46,3	117990	0	117990	1	117990	5329,9
118000	13241	118000	28,4	118000	0	118000	1	118000	5329,9
118010	13242	118010	49	118010	0	118010	1	118010	5329,9
118020	13243	118020	50,2	118020	0	118020	1	118020	5329,9
118030	13244	118030	54,1	118030	0	118030	1	118030	5329,9
118040	13245	118040	45,2	118040	0	118040	1	118040	5329,9
118050	13246	118050	47,1	118050	0	118050	1	118050	5329,9
118060	13247	118060	55,2	118060	0	118060	1	118060	5329,9
118070	13248	118070	40,8	118070	0	118070	1	118070	5329,9
118080	13249	118080	58,7	118080	0	118080	1	118080	5329,9
118090	13250	118090	41,2	118090	0	118090	1	118090	5329,9
118100	13251	118100	42,5	118100	0	118100	1	118100	5329,9
118110	13252	118110	49,3	118110	0	118110	1	118110	5329,9
118120	13253	118120	51,8	118120	0	118120	1	118120	5329,9
118130	13254	118130	41,2	118130	0	118130	1	118130	5329,9
118140	13255	118140	49,6	118140	0	118140	1	118140	5329,9
118150	13256	118150	45,3	118150	0	118150	1	118150	5329,9
118160	13257	118160	52,5	118160	0	118160	3	118160	5329,9
118170	13258	118170	51,5	118170	0	118170	1	118170	5329,9
118180	13259	118180	57,2	118180	0	118180	1	118180	5329,9
118190	13260	118190	47,8	118190	0	118190	1	118190	5329,9
118200	13261	118200	44,4	118200	0	118200	1	118200	5329,9
118210	13262	118210	43,1	118210	0	118210	1	118210	5329,9
118220	13263	118220	41,4	118220	0	118220	1	118220	5329,9
118230	13264	118230	62,3	118230	0	118230	1	118230	5329,9
118240	13265	118240	56,7	118240	0	118240	1	118240	5329,9
118250	13266	118250	45,6	118250	0	118250	1	118250	5329,9
118260	13267	118260	40,7	118260	0	118260	1	118260	5329,9
118270	13268	118270	54,4	118270	0	118270	1	118270	5329,9
118280	13269	118280	48	118280	0	118280	1	118280	5329,9
118290	13270	118290	48,1	118290	0	118290	1	118290	5329,9
118300	13271	118300	45,6	118300	0	118300	1	118300	5329,9
118310	13272	118310	41	118310	0	118310	1	118310	5329,9
118320	13273	118320	46,9	118320	0	118320	1	118320	5329,9
118330	13274	118330	43,9	118330	0	118330	1	118330	5329,9
118340	13275	118340	45,7	118340	0	118340	1	118340	5329,9
118350	13276	118350	42,4	118350	0	118350	1	118350	5329,9
118360	13277	118360	46,4	118360	0	118360	1	118360	5329,9
118370	13278	118370	48,6	118370	0	118370	1	118370	5329,9
118380	13279	118380	40,6	118380	0	118380	1	118380	5329,9
118390	13280	118390	42,7	118390	0	118390	1	118390	5329,9
118400	13281	118400	42,5	118400	0	118400	1	118400	5329,9
118410	13282	118410	41,4	118410	0	118410	1	118410	5329,9
118420	13283	118420	46,9	118420	0	118420	1	118420	5329,9
118430	13284	118430	45,5	118430	0	118430	1	118430	5329,9
118440	13285	118440	43,3	118440	0	118440	1	118440	5329,9
118450	13286	118450	43,5	118450	0	118450	1	118450	5329,9
118460	13287	118460	43	118460	0	118460	1	118460	5329,9
118470	13288	118470	41,8	118470	0	118470	1	118470	5329,9
118480	13289	118480	41,5	118480	0	118480	1	118480	5329,9
118490	13290	118490	41,1	118490	0	118490	1	118490	5329,9
118500	13291	118500	40	118500	0	118500	1	118500	5329,9
118510	13292	118510	41,8	118510	0	118510	1	118510	5329,9
118520	13293	118520	41,6	118520	0	118520	1	118520	5329,9
118530	13294	118530	41,5	118530	0	118530	1	118530	5329,9
118540	13295	118540	41,9	118540	0	118540	1	118540	5329,9
118550	13296	118550	43,8	118550	0	118550	1	118550	5329,9
118560	13297	118560	44,6	118560	0	118560	1	118560	5329,9
118570	13298	118570	40,6	118570	0	118570	1	118570	5329,9
118580	13299	118580	44,2	118580	0	118580	1	118580	5329,9
118590	13300	118590	45	118590	0	118590	1	118590	5329,9
118600	13301	118600	42,1	118600	0	118600	1	118600	5329,9
118610	13302	118610	47,9	118610	0	118610	1	118610	5329,9
118620	13303	118620	45,8	118620	0	118620	1	118620	5329,9
118630	13304	118630	45	118630	0	118630	1	118630	5329,9
118640	13305	118640	49,4	118640	0	118640	3	118640	5329,9
118650	13306	118650	71,4	118650	0	118650	1	118650	5329,9
118660	13307	118660	53,4	118660	0	118660	1	118660	5329,9
118670	13308	118670	45,8	118670	0	118670	1	118670	5329,9
118680	13309	118680	51,1	118680	0	118680	1	118680	5329,9
118690	13310	118690	50,1	118690	0	118690	1	118690	5329,9
118700	13311	118700	42,8	118700	0	118700	1	118700	5329,9
118710	13312	118710	40,7	118710	0	118710	1	118710	5329,9
118720	13313	118720	45,2	118720	0	118720	1	118720	5329,9
118730	13314	118730	40,5	118730	0	118730	1	118730	5329,9
118740	13315	118740	39,9	118740	0	118740	1	118740	5329,9
118750	13316	118750	40,1	118750	0	118750	1	118750	5329,9
118760	13317	118760	45,7	118760	0	118760	1	118760	5329,9
118770	13318	118770	46,3	118770	0	118770	1	118770	5329,9
118780	13319	118780	48,2	118780	0	118780	1	118780	5329,9
118790	13320	118790	38,8	118790	0	118790	1	118790	5329,9
118800	13321	118800	51	118800	0	118800	1	118800	5329,9
118810	13322	118810	26,9	118810	0	118810	1	118810	5329,9
118820	13323	118820	40,5	118820	0	118820	1	118820	5329,9
118830	13324	118830	43,8	118830	0	118830	1	118830	5329,9
118840	13325	118840	42,1	118840	0	118840	1	118840	5329,9
118850	13326	118850	35,6	118850	0	118850	1	118850	5329,9
118860	13327	118860	29,5	118860	0	118860	1	118860	5329,9
118870	13328	118870	43,2	118870	0	118870	1	118870	5329,9
118880	13329	118880	43,8	118880	0	118880	1	118880	5329,9
118890	13330	118890	49,9	118890	0	118890	1	118890	5329,9
118900	13331	118900	47,5	118900	0	118900	1	118900	5329,9
118910	13332	118910	56,5	118910	0	118910	1	118910	5329,9
118920	13333	118920	47,9	118920	0	118920	1	118920	5329,9
118930	13334	118930	51,2	118930	0	118930	1	118930	5329,9
118940	13335	118940	60,3	118940	0	118940	1	118940	5329,9
118950	13336	118950	58,9	118950	0	118950	1	118950	5329,9
118960	13337	118960	42,3	118960	0	118960	1	118960	5329,9
118970	13338	118970	40,4	118970	0	118970	1	118970	5329,9
118980	13339	118980	43,2	118980	0	118980	1	118980	5329,9
118990	13340	118990	44	118990	0	118990	1	118990	5329,9
119000	13341	119000	44,1	119000	0	119000	1	119000	5329,9
119010	13342	119010	40,3	119010	0	119010	1	119010	5329,9
119020	13343	119020	36,6	119020	0	119020	1	119020	5329,9
119030	13344	119030	37,5	119030	0	119030	1	119030	5329,9
119040	13345	119040	40	119040	0	119040	1	119040	5329,9
119050	13346	119050	38,4	119050	0	119050	1	119050	5329,9
119060	13347	119060	93,8	119060	0	119060	1	119060	5329,9
119070	13348	119070	49,6	119070	0	119070	1	119070	5329,9
119080	13349	119080	41,6	119080	0	119080	1	119080	5329,9
119090	13350	119090	49,4	119090	0	119090	1	119090	5329,9
119100	13351	119100	53	119100	0	119100	1	119100	5329,9
119110	13352	119110	45,8	119110	0	119110	1	119110	5329,9
119120	13353	119120	58,4	119120	0	119120	1	119120	5329,9
119130	13354	119130	39,7	119130	0	119130	1	119130	5329,9
119140	13355	119140	40,5	119140	0	119140	1	119140	5329,9
119150	13356	119150	41,3	119150	0	119150	1	119150	5329,9
119160	13357	119160	41,2	119160	0	119160	1	119160	5329,9
119170	13358	119170	43,2	119170	0	119170	1	119170	5329,9
119180	13359	119180	43,3	119180	0	119180	1	119180	5329,9
119190	13360	119190	43	119190	0	119190	1	119190	5329,9
119200	13361	119200	45,5	119200	0	119200	1	119200	5329,9
119210	13362	119210	48,3	119210	0	119210	1	119210	5329,9
119220	13363	119220	51,8	119220	0	119220	1	119220	5329,9
119230	13364	119230	51,7	119230	0	119230	1	119230	5329,9
119240	13365	119240	46,7	119240	0	119240	1	119240	5329,9
119250	13366	119250	45,4	119250	0	119250	1	119250	5329,9
119260	13367	119260	43,4	119260	0	119260	1	119260	5329,9
119270	13368	119270	47,6	119270	0	119270	1	119270	5329,9
119280	13369	119280	41,5	119280	0	119280	1	119280	5329,9
119290	13370	119290	48,8	119290	0	119290	1	119290	5329,9
119300	13371	119300	45,5	119300	0	119300	1	119300	5329,9
119310	13372	119310	41,2	119310	0	119310	1	119310	5329,9
119320	13373	119320	43,5	119320	0	119320	1	119320	5329,9
119330	13374	119330	40,5	119330	0	119330	1	119330	5329,9
119340	13375	119340	42,4	119340	0	119340	1	119340	5329,9
119350	13376	119350	46,5	119350	0	119350	1	119350	5329,9
119360	13377	119360	45,5	119360	0	119360	1	119360	5329,9
119370	13378	119370	40,8	119370	0	119370	1	119370	5329,9
119380	13379	119380	42,7	119380	0	119380	1	119380	5329,9
119390	13380	119390	38,9	119390	0	119390	1	119390	5329,9
119400	13381	119400	43,5	119400	0	119400	1	119400	5329,9
119410	13382	119410	41,7	119410	0	119410	1	119410	5329,9
119420	13383	119420	43,1	119420	0	119420	1	119420	5329,9
119430	13384	119430	41,1	119430	0	119430	1	119430	5329,9
119440	13385	119440	52,4	119440	0	119440	1	119440	5329,9
119450	13386	119450	49,1	119450	0	119450	1	119450	5329,9
119460	13387	119460	46,6	119460	0	119460	1	119460	5329,9
119470	13388	119470	46	119470	0	119470	1	119470	5329,9
119480	13389	119480	48,5	119480	0	119480	1	119480	5329,9
119490	13390	119490	44,8	119490	0	119490	1	119490	5329,9
119500	13391	119500	33,5	119500	0	119500	1	119500	5329,9
119510	13392	119510	45,6	119510	0	119510	1	119510	5329,9
119520	13393	119520	47,8	119520	0	119520	1	119520	5329,9
119530	13394	119530	28,3	119530	0	119530	1	119530	5329,9
119540	13395	119540	46,5	119540	0	119540	1	119540	5329,9
119550	13396	119550	42,1	119550	0	119550	1	119550	5329,9
119560	13397	119560	53,1	119560	0	119560	1	119560	5329,9
119570	13398	119570	49	119570	0	119570	1	119570	5329,9
119580	13399	119580	44,4	119580	0	119580	1	119580	5329,9
119590	13400	119590	40,7	119590	0	119590	1	119590	5329,9
119600	13401	119600	46,3	119600	0	119600	1	119600	5329,9
119610	13402	119610	45,3	119610	0	119610	1	119610	5329,9
119620	13403	119620	40,9	119620	0	119620	1	119620	5329,9
119630	13404	119630	45,3	119630	0	119630	1	119630	5329,9
119640	13405	119640	42,9	119640	0	119640	3	119640	5329,9
119650	13406	119650	72,4	119650	0	119650	1	119650	5329,9
119660	13407	119660	29,6	119660	0	119660	1	119660	5329,9
119670	13408	119670	44	119670	0	119670	1	119670	5329,9
119680	13409	119680	33,3	119680	0	119680	1	119680	5329,9
119690	13410	119690	24,5	119690	0	119690	1	119690	5329,9
119700	13411	119700	53,5	119700	0	119700	1	119700	5329,9
119710	13412	119710	41,5	119710	0	119710	1	119710	5329,9
119720	13413	119720	40,6	119720	0	119720	1	119720	5329,9
119730	13414	119730	43,4	119730	0	119730	1	119730	5329,9
119740	13415	119740	54,7	119740	0	119740	1	119740	5329,9
119750	13416	119750	41,5	119750	0	119750	1	119750	5329,9
119760	13417	119760	39,4	119760	0	119760	1	119760	5329,9
119770	13418	119770	41,9	119770	0	119770	1	119770	5329,9
119780	13419	119780	37,7	119780	0	119780	1	119780	5329,9
119790	13420	119790	44,9	119790	0	119790	1	119790	5329,9
119800	13421	119800	53,1	119800	0	119800	1	119800	5329,9
119810	13422	119810	51,7	119810	0	119810	1	119810	5329,9
119820	13423	119820	41	119820	0	119820	1	119820	5329,9
119830	13424	119830	51,1	119830	0	119830	1	119830	5329,9
119840	13425	119840	40,9	119840	0	119840	1	119840	5329,9
119850	13426	119850	42,9	119850	0	119850	1	119850	5329,9
119860	13427	119860	45,2	119860	0	119860	1	119860	5329,9
119870	13428	119870	42	119870	0	119870	1	119870	5329,9
119880	13429	119880	36,9	119880	0	119880	1	119880	5329,9
119890	13430	119890	44	119890	0	119890	1	119890	5329,9
119900	13431	119900	48,4	119900	0	119900	1	119900	5329,9
119910	13432	119910	34,2	119910	0	119910	1	119910	5329,9
119920	13433	119920	42,7	119920	0	119920	1	119920	5329,9
119930	13434	119930	46,1	119930	0	119930	1	119930	5329,9
119940	13435	119940	54	119940	0	119940	1	119940	5329,9
119950	13436	119950	49,4	119950	0	119950	1	119950	5329,9
119960	13437	119960	49,2	119960	0	119960	1	119960	5329,9
119970	13438	119970	51,6	119970	0	119970	1	119970	5329,9
119980	13439	119980	53,1	119980	0	119980	1	119980	5329,9
119990	13440	119990	50	119990	0	119990	1	119990	5329,9
120000	13441	120000	55,8	120000	0	120000	1	120000	5329,9
120010	13442	120010	41,9	120010	0	120010	1	120010	5329,9
120020	13443	120020	49,6	120020	0	120020	1	120020	5329,9
120030	13444	120030	53,7	120030	0	120030	1	120030	5329,9
120040	13445	120040	58,7	120040	0	120040	1	120040	5329,9
120050	13446	120050	41,4	120050	0	120050	1	120050	5329,9
120060	13447	120060	48,6	120060	0	120060	1	120060	5329,9
120070	13448	120070	55,5	120070	0	120070	1	120070	5329,9
120080	13449	120080	41	120080	0	120080	1	120080	5329,9
120090	13450	120090	44	120090	0	120090	1	120090	5329,9
120100	13451	120100	40,9	120100	0	120100	1	120100	5329,9
120110	13452	120110	42,6	120110	0	120110	1	120110	5329,9
120120	13453	120120	26,3	120120	0	120120	1	120120	5329,9
120130	13454	120130	43,2	120130	0	120130	1	120130	5329,9
120140	13455	120140	40,7	120140	0	120140	1	120140	5329,9
120150	13456	120150	45,2	120150	0	120150	1	120150	5329,9
120160	13457	120160	32,6	120160	0	120160	1	120160	5329,9
120170	13458	120170	43	120170	0	120170	1	120170	5329,9
120180	13459	120180	43,2	120180	0	120180	1	120180	5329,9
120190	13460	120190	39,9	120190	0	120190	1	120190	5329,9
120200	13461	120200	43,7	120200	0	120200	1	120200	5329,9
120210	13462	120210	46,1	120210	0	120210	1	120210	5329,9
120220	13463	120220	44,3	120220	0	120220	1	120220	5329,9
120230	13464	120230	45,1	120230	0	120230	1	120230	5329,9
120240	13465	120240	43,1	120240	0	120240	1	120240	5329,9
120250	13466	120250	39,8	120250	0	120250	1	120250	5329,9
120260	13467	120260	40,5	120260	0	120260	1	120260	5329,9
120270	13468	120270	40,2	120270	0	120270	1	120270	5329,9
120280	13469	120280	46,8	120280	0	120280	1	120280	5329,9
120290	13470	120290	44,6	120290	0	120290	1	120290	5329,9
120300	13471	120300	37,9	120300	0	120300	1	120300	5329,9
120310	13472	120310	42	120310	0	120310	1	120310	5329,9
120320	13473	120320	41,1	120320	0	120320	1	120320	5329,9
120330	13474	120330	40,9	120330	0	120330	1	120330	5329,9
120340	13475	120340	48,2	120340	0	120340	1	120340	5329,9
120350	13476	120350	56,8	120350	0	120350	1	120350	5329,9
120360	13477	120360	39,6	120360	0	120360	1	120360	5329,9
120370	13478	120370	45,2	120370	0	120370	1	120370	5329,9
120380	13479	120380	40,7	120380	0	120380	1	120380	5329,9
120390	13480	120390	40,7	120390	0	120390	1	120390	5329,9
120400	13481	120400	45,4	120400	0	120400	1	120400	5329,9
120410	13482	120410	40,5	120410	0	120410	1	120410	5329,9
120420	13483	120420	46,1	120420	0	120420	1	120420	5329,9
120430	13484	120430	45,2	120430	0	120430	1	120430	5329,9
120440	13485	120440	45,8	120440	0	120440	1	120440	5329,9
120450	13486	120450	42,2	120450	0	120450	1	120450	5329,9
120460	13487	120460	42,6	120460	0	120460	1	120460	5329,9
120470	13488	120470	41,1	120470	0	120470	1	120470	5329,9
120480	13489	120480	42,9	120480	0	120480	1	120480	5329,9
120490	13490	120490	41,8	120490	0	120490	1	120490	5329,9
120500	13491	120500	47	120500	0	120500	1	120500	5329,9
120510	13492	120510	46,6	120510	0	120510	1	120510	5329,9
120520	13493	120520	51,9	120520	0	120520	1	120520	5329,9
120530	13494	120530	37,3	120530	0	120530	1	120530	5329,9
120540	13495	120540	37,2	120540	0	120540	1	120540	5329,9
120550	13496	120550	58,8	120550	0	120550	1	120550	5329,9
120560	13497	120560	42,8	120560	0	120560	1	120560	5329,9
120570	13498	120570	52,4	120570	0	120570	1	120570	5329,9
120580	13499	120580	43,7	120580	0	120580	1	120580	5329,9
120590	13500	120590	40,3	120590	0	120590	1	120590	5329,9
120600	13501	120600	42,1	120600	0	120600	1	120600	5329,9
120610	13502	120610	39,9	120610	0	120610	1	120610	5329,9
120620	13503	120620	42	120620	0	120620	1	120620	5329,9
120630	13504	120630	41,4	120630	0	120630	1	120630	5329,9
120640	13505	120640	43,3	120640	0	120640	3	120640	5329,9
120650	13506	120650	68,4	120650	0	120650	1	120650	5329,9
120660	13507	120660	44,2	120660	0	120660	1	120660	5329,9
120670	13508	120670	42,8	120670	0	120670	1	120670	5329,9
120680	13509	120680	45,1	120680	0	120680	1	120680	5329,9
120690	13510	120690	53,9	120690	0	120690	1	120690	5329,9
120700	13511	120700	40,3	120700	0	120700	1	120700	5329,9
120710	13512	120710	44,9	120710	0	120710	1	120710	5329,9
120720	13513	120720	45,7	120720	0	120720	1	120720	5329,9
120730	13514	120730	31,9	120730	0	120730	1	120730	5329,9
120740	13515	120740	36,3	120740	0	120740	1	120740	5329,9
120750	13516	120750	49,8	120750	0	120750	1	120750	5329,9
120760	13517	120760	48,4	120760	0	120760	1	120760	5329,9
120770	13518	120770	53,5	120770	0	120770	1	120770	5329,9
120780	13519	120780	42,4	120780	0	120780	1	120780	5329,9
120790	13520	120790	31,1	120790	0	120790	1	120790	5329,9
120800	13521	120800	53,2	120800	0	120800	1	120800	5329,9
120810	13522	120810	51,5	120810	0	120810	1	120810	5329,9
120820	13523	120820	43	120820	0	120820	1	120820	5329,9
120830	13524	120830	54,1	120830	0	120830	1	120830	5329,9
120840	13525	120840	47,6	120840	0	120840	1	120840	5329,9
120850	13526	120850	50,8	120850	0	120850	1	120850	5329,9
120860	13527	120860	50,4	120860	0	120860	1	120860	5329,9
120870	13528	120870	43,3	120870	0	120870	1	120870	5329,9
120880	13529	120880	54,6	120880	0	120880	1	120880	5329,9
120890	13530	120890	42,9	120890	0	120890	1	120890	5329,9
120900	13531	120900	57,2	120900	0	120900	1	120900	5329,9
120910	13532	120910	44,6	120910	0	120910	1	120910	5329,9
120920	13533	120920	47,8	120920	0	120920	1	120920	5329,9
120930	13534	120930	39,9	120930	0	120930	1	120930	5329,9
120940	13535	120940	42,7	120940	0	120940	1	120940	5329,9
120950	13536	120950	42,5	120950	0	120950	1	120950	5329,9
120960	13537	120960	41,6	120960	0	120960	1	120960	5329,9
120970	13538	120970	46,3	120970	0	120970	1	120970	5329,9
120980	13539	120980	50,3	120980	0	120980	1	120980	5329,9
120990	13540	120990	54,8	120990	0	120990	1	120990	5329,9
121000	13541	121000	43	121000	0	121000	1	121000	5329,9
121010	13542	121010	39,4	121010	0	121010	1	121010	5329,9
121020	13543	121020	25,8	121020	0	121020	1	121020	5329,9
121030	13544	121030	46,8	121030	0	121030	1	121030	5329,9
121040	13545	121040	52,7	121040	0	121040	1	121040	5329,9
121050	13546	121050	41,4	121050	0	121050	1	121050	5329,9
121060	13547	121060	39,1	121060	0	121060	1	121060	5329,9
121070	13548	121070	39	121070	0	121070	1	121070	5329,9
121080	13549	121080	41,7	121080	0	121080	1	121080	5329,9
121090	13550	121090	40,6	121090	0	121090	1	121090	5329,9
121100	13551	121100	40	121100	0	121100	1	121100	5329,9
121110	13552	121110	44,1	121110	0	121110	1	121110	5329,9
121120	13553	121120	42,2	121120	0	121120	1	121120	5329,9
121130	13554	121130	44,5	121130	0	121130	1	121130	5329,9
121140	13555	121140	39,6	121140	0	121140	1	121140	5329,9
121150	13556	121150	39,8	121150	0	121150	1	121150	5329,9
121160	13557	121160	38,7	121160	0	121160	1	121160	5329,9
121170	13558	121170	39,4	121170	0	121170	1	121170	5329,9
121180	13559	121180	38,7	121180	0	121180	1	121180	5329,9
121190	13560	121190	43	121190	0	121190	1	121190	5329,9
121200	13561	121200	41,7	121200	0	121200	1	121200	5329,9
121210	13562	121210	41,1	121210	0	121210	1	121210	5329,9
121220	13563	121220	37,6	121220	0	121220	1	121220	5329,9
121230	13564	121230	41,5	121230	0	121230	1	121230	5329,9
121240	13565	121240	40,7	121240	0	121240	1	121240	5329,9
121250	13566	121250	43,7	121250	0	121250	1	121250	5329,9
121260	13567	121260	44,7	121260	0	121260	1	121260	5329,9
121270	13568	121270	51,5	121270	0	121270	1	121270	5329,9
121280	13569	121280	53,9	121280	0	121280	1	121280	5329,9
121290	13570	121290	40,7	121290	0	121290	1	121290	5329,9
121300	13571	121300	48,5	121300	0	121300	1	121300	5329,9
121310	13572	121310	38,4	121310	0	121310	1	121310	5329,9
121320	13573	121320	52,3	121320	0	121320	1	121320	5329,9
121330	13574	121330	48,1	121330	0	121330	1	121330	5329,9
121340	13575	121340	46,6	121340	0	121340	1	121340	5329,9
121350	13576	121350	40,8	121350	0	121350	1	121350	5329,9
121360	13577	121360	43,4	121360	0	121360	1	121360	5329,9
121370	13578	121370	46,9	121370	0	121370	1	121370	5329,9
121380	13579	121380	46	121380	0	121380	1	121380	5329,9
121390	13580	121390	47,4	121390	0	121390	1	121390	5329,9
121400	13581	121400	30,4	121400	0	121400	1	121400	5329,9
121410	13582	121410	38,6	121410	0	121410	1	121410	5329,9
121420	13583	121420	57,2	121420	0	121420	1	121420	5329,9
121430	13584	121430	47,6	121430	0	121430	1	121430	5329,9
121440	13585	121440	48,2	121440	0	121440	1	121440	5329,9
121450	13586	121450	44,5	121450	0	121450	1	121450	5329,9
121460	13587	121460	46,5	121460	0	121460	1	121460	5329,9
121470	13588	121470	45,2	121470	0	121470	1	121470	5329,9
121480	13589	121480	41,8	121480	0	121480	1	121480	5329,9
121490	13590	121490	41,5	121490	0	121490	1	121490	5329,9
121500	13591	121500	39,3	121500	0	121500	1	121500	5329,9
121510	13592	121510	43,7	121510	0	121510	1	121510	5329,9
121520	13593	121520	43,2	121520	0	121520	1	121520	5329,9
121530	13594	121530	46,5	121530	0	121530	1	121530	5329,9
121540	13595	121540	55,1	121540	0	121540	1	121540	5329,9
121550	13596	121550	41,3	121550	0	121550	1	121550	5329,9
121560	13597	121560	44,7	121560	0	121560	1	121560	5329,9
121570	13598	121570	40	121570	0	121570	1	121570	5329,9
121580	13599	121580	41,4	121580	0	121580	1	121580	5329,9
121590	13600	121590	43,7	121590	0	121590	1	121590	5329,9
121600	13601	121600	41,6	121600	0	121600	1	121600	5329,9
121610	13602	121610	43	121610	0	121610	1	121610	5329,9
121620	13603	121620	49,1	121620	0	121620	1	121620	5329,9
121630	13604	121630	45,3	121630	0	121630	1	121630	5329,9
121640	13605	121640	47,4	121640	0	121640	3	121640	5329,9
121650	13606	121650	71,2	121650	0	121650	1	121650	5329,9
121660	13607	121660	44,1	121660	0	121660	1	121660	5329,9
121670	13608	121670	47,4	121670	0	121670	1	121670	5329,9
121680	13609	121680	46,2	121680	0	121680	1	121680	5329,9
121690	13610	121690	40,3	121690	0	121690	1	121690	5329,9
121700	13611	121700	43	121700	0	121700	1	121700	5329,9
121710	13612	121710	42,6	121710	0	121710	1	121710	5329,9
121720	13613	121720	41,5	121720	0	121720	1	121720	5329,9
121730	13614	121730	40,3	121730	0	121730	1	121730	5329,9
121740	13615	121740	44,6	121740	0	121740	1	121740	5329,9
121750	13616	121750	41,6	121750	0	121750	1	121750	5329,9
121760	13617	121760	42,5	121760	0	121760	1	121760	5329,9
121770	13618	121770	39,8	121770	0	121770	1	121770	5329,9
121780	13619	121780	41	121780	0	121780	1	121780	5329,9
121790	13620	121790	43,7	121790	0	121790	1	121790	5329,9
121800	13621	121800	44,9	121800	0	121800	1	121800	5329,9
121810	13622	121810	48,4	121810	0	121810	1	121810	5329,9
121820	13623	121820	39,5	121820	0	121820	1	121820	5329,9
121830	13624	121830	43,7	121830	0	121830	1	121830	5329,9
121840	13625	121840	52,6	121840	0	121840	1	121840	5329,9
121850	13626	121850	55,3	121850	0	121850	1	121850	5329,9
121860	13627	121860	50,1	121860	0	121860	1	121860	5329,9
121870	13628	121870	42,1	121870	0	121870	1	121870	5329,9
121880	13629	121880	42,6	121880	0	121880	1	121880	5329,9
121890	13630	121890	43,9	121890	0	121890	1	121890	5329,9
121900	13631	121900	44,5	121900	0	121900	1	121900	5329,9
121910	13632	121910	36,5	121910	0	121910	1	121910	5329,9
121920	13633	121920	34,7	121920	0	121920	1	121920	5329,9
121930	13634	121930	46	121930	0	121930	1	121930	5329,9
121940	13635	121940	41,6	121940	0	121940	1	121940	5329,9
121950	13636	121950	47,3	121950	0	121950	1	121950	5329,9
121960	13637	121960	39,9	121960	0	121960	1	121960	5329,9
121970	13638	121970	41,5	121970	0	121970	1	121970	5329,9
121980	13639	121980	46,8	121980	0	121980	1	121980	5329,9
121990	13640	121990	156,2	121990	0	121990	1	121990	5329,9
122000	13641	122000	45,5	122000	0	122000	1	122000	5329,9
122010	13642	122010	40,8	122010	0	122010	1	122010	5329,9
122020	13643	122020	42,9	122020	0	122020	1	122020	5329,9
122030	13644	122030	44,8	122030	0	122030	1	122030	5329,9
122040	13645	122040	41,4	122040	0	122040	1	122040	5329,9
122050	13646	122050	47	122050	0	122050	1	122050	5329,9
122060	13647	122060	44,1	122060	0	122060	1	122060	5329,9
122070	13648	122070	33,8	122070	0	122070	1	122070	5329,9
122080	13649	122080	43,5	122080	0	122080	1	122080	5329,9
122090	13650	122090	43,6	122090	0	122090	1	122090	5329,9
122100	13651	122100	41	122100	0	122100	1	122100	5329,9
122110	13652	122110	39,2	122110	0	122110	1	122110	5329,9
122120	13653	122120	55,1	122120	0	122120	1	122120	5329,9
122130	13654	122130	50,9	122130	0	122130	1	122130	5329,9
122140	13655	122140	53,9	122140	0	122140	1	122140	5329,9
122150	13656	122150	41,2	122150	0	122150	1	122150	5329,9
122160	13657	122160	91,8	122160	0	122160	1	122160	5329,9
122170	13658	122170	50	122170	0	122170	1	122170	5329,9
122180	13659	122180	42,7	122180	0	122180	1	122180	5329,9
122190	13660	122190	46,7	122190	0	122190	1	122190	5329,9
122200	13661	122200	42,8	122200	0	122200	1	122200	5329,9
122210	13662	122210	50,7	122210	0	122210	1	122210	5329,9
122220	13663	122220	53,3	122220	0	122220	1	122220	5329,9
122230	13664	122230	33,5	122230	0	122230	1	122230	5329,9
122240	13665	122240	34,4	122240	0	122240	1	122240	5329,9
122250	13666	122250	44,5	122250	0	122250	1	122250	5329,9
122260	13667	122260	26,3	122260	0	122260	1	122260	5329,9
122270	13668	122270	27,1	122270	0	122270	1	122270	5329,9
122280	13669	122280	30,5	122280	0	122280	1	122280	5329,9
122290	13670	122290	48,4	122290	0	122290	1	122290	5329,9
122300	13671	122300	56,2	122300	0	122300	1	122300	5329,9
122310	13672	122310	42,9	122310	0	122310	1	122310	5329,9
122320	13673	122320	43,6	122320	0	122320	1	122320	5329,9
122330	13674	122330	41,3	122330	0	122330	1	122330	5329,9
122340	13675	122340	42,6	122340	0	122340	1	122340	5329,9
122350	13676	122350	41,2	122350	0	122350	1	122350	5329,9
122360	13677	122360	34,7	122360	0	122360	1	122360	5329,9
122370	13678	122370	40,3	122370	0	122370	1	122370	5329,9
122380	13679	122380	39,4	122380	0	122380	1	122380	5329,9
122390	13680	122390	40,2	122390	0	122390	1	122390	5329,9
122400	13681	122400	32,6	122400	0	122400	1	122400	5329,9
122410	13682	122410	44,6	122410	0	122410	1	122410	5329,9
122420	13683	122420	42,5	122420	0	122420	1	122420	5329,9
122430	13684	122430	50	122430	0	122430	1	122430	5329,9
122440	13685	122440	42,7	122440	0	122440	1	122440	5329,9
122450	13686	122450	40,9	122450	0	122450	1	122450	5329,9
122460	13687	122460	46,8	122460	0	122460	1	122460	5329,9
122470	13688	122470	41,8	122470	0	122470	1	122470	5329,9
122480	13689	122480	40,9	122480	0	122480	1	122480	5329,9
122490	13690	122490	39,9	122490	0	122490	1	122490	5329,9
122500	13691	122500	43,9	122500	0	122500	1	122500	5329,9
122510	13692	122510	46,7	122510	0	122510	1	122510	5329,9
122520	13693	122520	60,6	122520	0	122520	1	122520	5329,9
122530	13694	122530	48,5	122530	0	122530	1	122530	5329,9
122540	13695	122540	47,2	122540	0	122540	1	122540	5329,9
122550	13696	122550	44,9	122550	0	122550	1	122550	5329,9
122560	13697	122560	43,3	122560	0	122560	1	122560	5329,9
122570	13698	122570	45,3	122570	0	122570	1	122570	5329,9
122580	13699	122580	39,1	122580	0	122580	1	122580	5329,9
122590	13700	122590	44,7	122590	0	122590	1	122590	5329,9
122600	13701	122600	52,5	122600	0	122600	1	122600	5329,9
122610	13702	122610	42	122610	0	122610	1	122610	5329,9
122620	13703	122620	42,5	122620	0	122620	1	122620	5329,9
122630	13704	122630	45,8	122630	0	122630	1	122630	5329,9
122640	13705	122640	44,5	122640	0	122640	3	122640	5329,9
122650	13706	122650	62,3	122650	0	122650	1	122650	5329,9
122660	13707	122660	45,9	122660	0	122660	1	122660	5329,9
122670	13708	122670	46,2	122670	0	122670	1	122670	5329,9
122680	13709	122680	41,7	122680	0	122680	1	122680	5329,9
122690	13710	122690	46,7	122690	0	122690	1	122690	5329,9
122700	13711	122700	41,5	122700	0	122700	1	122700	5329,9
122710	13712	122710	44	122710	0	122710	1	122710	5329,9
122720	13713	122720	48,2	122720	0	122720	1	122720	5329,9
122730	13714	122730	49,5	122730	0	122730	1	122730	5329,9
122740	13715	122740	45,8	122740	0	122740	1	122740	5329,9
122750	13716	122750	44,9	122750	0	122750	1	122750	5329,9
122760	13717	122760	43,8	122760	0	122760	1	122760	5329,9
122770	13718	122770	44,1	122770	0	122770	1	122770	5329,9
122780	13719	122780	46,8	122780	0	122780	1	122780	5329,9
122790	13720	122790	43,3	122790	0	122790	1	122790	5329,9
122800	13721	122800	42,6	122800	0	122800	1	122800	5329,9
122810	13722	122810	46,1	122810	0	122810	1	122810	5329,9
122820	13723	122820	27,3	122820	0	122820	1	122820	5329,9
122830	13724	122830	42,6	122830	0	122830	1	122830	5329,9
122840	13725	122840	46	122840	0	122840	1	122840	5329,9
122850	13726	122850	41,4	122850	0	122850	1	122850	5329,9
122860	13727	122860	39,5	122860	0	122860	1	122860	5329,9
122870	13728	122870	48,4	122870	0	122870	1	122870	5329,9
122880	13729	122880	45,5	122880	0	122880	1	122880	5329,9
122890	13730	122890	46	122890	0	122890	1	122890	5329,9
122900	13731	122900	43,7	122900	0	122900	1	122900	5329,9
122910	13732	122910	46,1	122910	0	122910	1	122910	5329,9
122920	13733	122920	46,5	122920	0	122920	1	122920	5329,9
122930	13734	122930	44,7	122930	0	122930	1	122930	5329,9
122940	13735	122940	82,2	122940	0	122940	1	122940	5329,9
122950	13736	122950	26,9	122950	0	122950	1	122950	5329,9
122960	13737	122960	50,1	122960	0	122960	1	122960	5329,9
122970	13738	122970	54,9	122970	0	122970	1	122970	5329,9
122980	13739	122980	44,5	122980	0	122980	1	122980	5329,9
122990	13740	122990	48,9	122990	0	122990	1	122990	5329,9
123000	13741	123000	38,6	123000	0	123000	1	123000	5329,9
123010	13742	123010	50	123010	0	123010	1	123010	5329,9
123020	13743	123020	53,1	123020	0	123020	1	123020	5329,9
123030	13744	123030	54,4	123030	0	123030	1	123030	5329,9
123040	13745	123040	40,9	123040	0	123040	1	123040	5329,9
123050	13746	123050	43,8	123050	0	123050	1	123050	5329,9
123060	13747	123060	43,2	123060	0	123060	1	123060	5329,9
123070	13748	123070	47,1	123070	0	123070	1	123070	5329,9
123080	13749	123080	45,5	123080	0	123080	1	123080	5329,9
123090	13750	123090	43	123090	0	123090	1	123090	5329,9
123100	13751	123100	43,2	123100	0	123100	1	123100	5329,9
123110	13752	123110	44,8	123110	0	123110	1	123110	5329,9
123120	13753	123120	26,8	123120	0	123120	1	123120	5329,9
123130	13754	123130	50,2	123130	0	123130	1	123130	5329,9
123140	13755	123140	47,3	123140	0	123140	1	123140	5329,9
123150	13756	123150	40,9	123150	0	123150	1	123150	5329,9
123160	13757	123160	49,9	123160	0	123160	1	123160	5329,9
123170	13758	123170	51,9	123170	0	123170	1	123170	5329,9
123180	13759	123180	49,2	123180	0	123180	1	123180	5329,9
123190	13760	123190	40,4	123190	0	123190	1	123190	5329,9
123200	13761	123200	43,5	123200	0	123200	1	123200	5329,9
123210	13762	123210	46,3	123210	0	123210	1	123210	5329,9
123220	13763	123220	48,3	123220	0	123220	1	123220	5329,9
123230	13764	123230	45,8	123230	0	123230	1	123230	5329,9
123240	13765	123240	33	123240	0	123240	1	123240	5329,9
123250	13766	123250	46,1	123250	0	123250	1	123250	5329,9
123260	13767	123260	47,8	123260	0	123260	1	123260	5329,9
123270	13768	123270	44,9	123270	0	123270	1	123270	5329,9
123280	13769	123280	38,5	123280	0	123280	1	123280	5329,9
123290	13770	123290	48,2	123290	0	123290	1	123290	5329,9
123300	13771	123300	27,8	123300	0	123300	1	123300	5329,9
123310	13772	123310	49	123310	0	123310	1	123310	5329,9
123320	13773	123320	37,7	123320	0	123320	1	123320	5329,9
123330	13774	123330	36,2	123330	0	123330	1	123330	5329,9
123340	13775	123340	34,7	123340	0	123340	1	123340	5329,9
123350	13776	123350	36	123350	0	123350	1	123350	5329,9
123360	13777	123360	42,2	123360	0	123360	1	123360	5329,9
123370	13778	123370	34	123370	0	123370	1	123370	5329,9
123380	13779	123380	50	123380	0	123380	1	123380	5329,9
123390	13780	123390	32,8	123390	0	123390	1	123390	5329,9
123400	13781	123400	37,5	123400	0	123400	1	123400	5329,9
123410	13782	123410	52,4	123410	0	123410	1	123410	5329,9
123420	13783	123420	33,1	123420	0	123420	1	123420	5329,9
123430	13784	123430	41	123430	0	123430	1	123430	5329,9
123440	13785	123440	48,6	123440	0	123440	1	123440	5329,9
123450	13786	123450	50,3	123450	0	123450	1	123450	5329,9
123460	13787	123460	49,1	123460	0	123460	1	123460	5329,9
123470	13788	123470	54,2	123470	0	123470	1	123470	5329,9
123480	13789	123480	43	123480	0	123480	1	123480	5329,9
123490	13790	123490	34,4	123490	0	123490	1	123490	5329,9
123500	13791	123500	34,3	123500	0	123500	1	123500	5329,9
123510	13792	123510	46,3	123510	0	123510	1	123510	5329,9
123520	13793	123520	21,9	123520	0	123520	1	123520	5329,9
123530	13794	123530	44,2	123530	0	123530	1	123530	5329,9
123540	13795	123540	48,4	123540	0	123540	1	123540	5329,9
123550	13796	123550	43,5	123550	0	123550	1	123550	5329,9
123560	13797	123560	57,6	123560	0	123560	1	123560	5329,9
123570	13798	123570	47,5	123570	0	123570	1	123570	5329,9
123580	13799	123580	43,7	123580	0	123580	1	123580	5329,9
123590	13800	123590	43,7	123590	0	123590	1	123590	5329,9
123600	13801	123600	43,1	123600	0	123600	1	123600	5329,9
123610	13802	123610	40,8	123610	0	123610	1	123610	5329,9
123620	13803	123620	47,1	123620	0	123620	1	123620	5329,9
123630	13804	123630	41,2	123630	0	123630	1	123630	5329,9
123640	13805	123640	46	123640	0	123640	3	123640	5329,9
123650	13806	123650	65,5	123650	0	123650	1	123650	5329,9
123660	13807	123660	46,2	123660	0	123660	1	123660	5329,9
123670	13808	123670	41,8	123670	0	123670	1	123670	5329,9
123680	13809	123680	39,1	123680	0	123680	1	123680	5329,9
123690	13810	123690	41,7	123690	0	123690	1	123690	5329,9
123700	13811	123700	41	123700	0	123700	1	123700	5329,9
123710	13812	123710	44,6	123710	0	123710	1	123710	5329,9
123720	13813	123720	51,7	123720	0	123720	1	123720	5329,9
123730	13814	123730	45,8	123730	0	123730	1	123730	5329,9
123740	13815	123740	42,3	123740	0	123740	1	123740	5329,9
123750	13816	123750	38,6	123750	0	123750	1	123750	5329,9
123760	13817	123760	45,1	123760	0	123760	1	123760	5329,9
123770	13818	123770	62,4	123770	0	123770	1	123770	5329,9
123780	13819	123780	44,9	123780	0	123780	1	123780	5329,9
123790	13820	123790	47,5	123790	0	123790	1	123790	5329,9
123800	13821	123800	51,7	123800	0	123800	1	123800	5329,9
123810	13822	123810	46,3	123810	0	123810	1	123810	5329,9
123820	13823	123820	42,7	123820	0	123820	1	123820	5329,9
123830	13824	123830	41,4	123830	0	123830	1	123830	5329,9
123840	13825	123840	40,2	123840	0	123840	1	123840	5329,9
123850	13826	123850	44	123850	0	123850	1	123850	5329,9
123860	13827	123860	43,5	123860	0	123860	1	123860	5329,9
123870	13828	123870	51,9	123870	0	123870	1	123870	5329,9
123880	13829	123880	49,5	123880	0	123880	1	123880	5329,9
123890	13830	123890	46,6	123890	0	123890	1	123890	5329,9
123900	13831	123900	52,1	123900	0	123900	1	123900	5329,9
123910	13832	123910	48,8	123910	0	123910	1	123910	5329,9
123920	13833	123920	40,1	123920	0	123920	1	123920	5329,9
123930	13834	123930	21,7	123930	0	123930	1	123930	5329,9
123940	13835	123940	46,8	123940	0	123940	1	123940	5329,9
123950	13836	123950	27,3	123950	0	123950	1	123950	5329,9
123960	13837	123960	53,6	123960	0	123960	1	123960	5329,9
123970	13838	123970	46,5	123970	0	123970	1	123970	5329,9
123980	13839	123980	41,4	123980	0	123980	1	123980	5329,9
123990	13840	123990	44	123990	0	123990	1	123990	5329,9
124000	13841	124000	50,3	124000	0	124000	1	124000	5329,9
124010	13842	124010	56,1	124010	0	124010	1	124010	5329,9
124020	13843	124020	40,7	124020	0	124020	1	124020	5329,9
124030	13844	124030	43,4	124030	0	124030	1	124030	5329,9
124040	13845	124040	47,5	124040	0	124040	1	124040	5329,9
124050	13846	124050	43	124050	0	124050	1	124050	5329,9
124060	13847	124060	44,9	124060	0	124060	1	124060	5329,9
124070	13848	124070	40,6	124070	0	124070	1	124070	5329,9
124080	13849	124080	41,4	124080	0	124080	1	124080	5329,9
124090	13850	124090	38,9	124090	0	124090	1	124090	5329,9
124100	13851	124100	44,5	124100	0	124100	1	124100	5329,9
124110	13852	124110	42,8	124110	0	124110	1	124110	5329,9
124120	13853	124120	43,2	124120	0	124120	1	124120	5329,9
124130	13854	124130	53,1	124130	0	124130	1	124130	5329,9
124140	13855	124140	40,3	124140	0	124140	1	124140	5329,9
124150	13856	124150	43,4	124150	0	124150	1	124150	5329,9
124160	13857	124160	46,2	124160	0	124160	1	124160	5329,9
124170	13858	124170	39,7	124170	0	124170	1	124170	5329,9
124180	13859	124180	31,6	124180	0	124180	3	124180	5329,9
124190	13860	124190	42,8	124190	0	124190	1	124190	5329,9
124200	13861	124200	41,5	124200	0	124200	1	124200	5329,9
124210	13862	124210	46,2	124210	0	124210	1	124210	5329,9
124220	13863	124220	45,1	124220	0	124220	1	124220	5329,9
124230	13864	124230	44,6	124230	0	124230	1	124230	5329,9
124240	13865	124240	43	124240	0	124240	1	124240	5329,9
124250	13866	124250	35	124250	0	124250	1	124250	5329,9
124260	13867	124260	42,4	124260	0	124260	1	124260	5329,9
124270	13868	124270	23	124270	0	124270	1	124270	5329,9
124280	13869	124280	27,4	124280	0	124280	1	124280	5329,9
124290	13870	124290	24,4	124290	0	124290	1	124290	5329,9
124300	13871	124300	38,6	124300	0	124300	1	124300	5329,9
124310	13872	124310	42,4	124310	0	124310	1	124310	5329,9
124320	13873	124320	39,6	124320	0	124320	1	124320	5329,9
124330	13874	124330	48,8	124330	0	124330	1	124330	5329,9
124340	13875	124340	48,5	124340	0	124340	1	124340	5329,9
124350	13876	124350	28,2	124350	0	124350	1	124350	5329,9
124360	13877	124360	37,4	124360	0	124360	1	124360	5329,9
124370	13878	124370	21,9	124370	0	124370	1	124370	5329,9
124380	13879	124380	29,3	124380	0	124380	1	124380	5329,9
124390	13880	124390	50,4	124390	0	124390	1	124390	5329,9
124400	13881	124400	37,6	124400	0	124400	1	124400	5329,9
124410	13882	124410	30,3	124410	0	124410	1	124410	5329,9
124420	13883	124420	28,5	124420	0	124420	1	124420	5329,9
124430	13884	124430	25,1	124430	0	124430	1	124430	5329,9
124440	13885	124440	36,4	124440	0	124440	1	124440	5329,9
124450	13886	124450	34,5	124450	0	124450	1	124450	5329,9
124460	13887	124460	35,5	124460	0	124460	1	124460	5329,9
124470	13888	124470	24,2	124470	0	124470	1	124470	5329,9
124480	13889	124480	45,3	124480	0	124480	1	124480	5329,9
124490	13890	124490	28,6	124490	0	124490	1	124490	5329,9
124500	13891	124500	29,1	124500	0	124500	1	124500	5329,9
124510	13892	124510	37,3	124510	0	124510	1	124510	5329,9
124520	13893	124520	27,9	124520	0	124520	1	124520	5329,9
124530	13894	124530	30,5	124530	0	124530	1	124530	5329,9
124540	13895	124540	22,5	124540	0	124540	1	124540	5329,9
124550	13896	124550	38,3	124550	0	124550	1	124550	5329,9
124560	13897	124560	30,5	124560	0	124560	1	124560	5329,9
124570	13898	124570	40,3	124570	0	124570	1	124570	5329,9
124580	13899	124580	30	124580	0	124580	1	124580	5329,9
124590	13900	124590	31,5	124590	0	124590	1	124590	5329,9
124600	13901	124600	27,8	124600	0	124600	1	124600	5329,9
124610	13902	124610	35,9	124610	0	124610	1	124610	5329,9
124620	13903	124620	28,2	124620	0	124620	1	124620	5329,9
124630	13904	124630	51,3	124630	0	124630	1	124630	5329,9
124640	13905	124640	35,6	124640	0	124640	3	124640	5329,9
124650	13906	124650	29,3	124650	0	124650	1	124650	5329,9
124660	13907	124660	40,2	124660	0	124660	1	124660	5329,9
124670	13908	124670	43,4	124670	0	124670	1	124670	5329,9
124680	13909	124680	43,7	124680	0	124680	1	124680	5329,9
124690	13910	124690	44,3	124690	0	124690	1	124690	5329,9
124700	13911	124700	44	124700	0	124700	1	124700	5329,9
124710	13912	124710	41,2	124710	0	124710	1	124710	5329,9
124720	13913	124720	38,4	124720	0	124720	1	124720	5329,9
124730	13914	124730	41,8	124730	0	124730	1	124730	5329,9
124740	13915	124740	46,4	124740	0	124740	1	124740	5329,9
124750	13916	124750	52	124750	0	124750	1	124750	5329,9
124760	13917	124760	41	124760	0	124760	1	124760	5329,9
124770	13918	124770	23,9	124770	0	124770	1	124770	5329,9
124780	13919	124780	41,7	124780	0	124780	1	124780	5329,9
124790	13920	124790	44,8	124790	0	124790	1	124790	5329,9
124800	13921	124800	46,2	124800	0	124800	1	124800	5329,9
124810	13922	124810	40,3	124810	0	124810	1	124810	5329,9
124820	13923	124820	43	124820	0	124820	1	124820	5329,9
124830	13924	124830	37,5	124830	0	124830	1	124830	5329,9
124840	13925	124840	42,3	124840	0	124840	1	124840	5329,9
124850	13926	124850	52,2	124850	0	124850	1	124850	5329,9
124860	13927	124860	49,9	124860	0	124860	1	124860	5329,9
124870	13928	124870	43,4	124870	0	124870	1	124870	5329,9
124880	13929	124880	40,7	124880	0	124880	1	124880	5329,9
124890	13930	124890	46,4	124890	0	124890	1	124890	5329,9
124900	13931	124900	42	124900	0	124900	1	124900	5329,9
124910	13932	124910	41	124910	0	124910	1	124910	5329,9
124920	13933	124920	36,5	124920	0	124920	1	124920	5329,9
124930	13934	124930	41,6	124930	0	124930	1	124930	5329,9
124940	13935	124940	43,1	124940	0	124940	1	124940	5329,9
124950	13936	124950	40,1	124950	0	124950	1	124950	5329,9
124960	13937	124960	43,7	124960	0	124960	1	124960	5329,9
124970	13938	124970	43,2	124970	0	124970	1	124970	5329,9
124980	13939	124980	47,9	124980	0	124980	1	124980	5329,9
124990	13940	124990	44,8	124990	0	124990	1	124990	5329,9
125000	13941	125000	38,5	125000	0	125000	1	125000	5329,9
125010	13942	125010	42,2	125010	0	125010	1	125010	5329,9
125020	13943	125020	45,7	125020	0	125020	1	125020	5329,9
125030	13944	125030	46,6	125030	0	125030	1	125030	5329,9
125040	13945	125040	46,1	125040	0	125040	1	125040	5329,9
125050	13946	125050	45,7	125050	0	125050	1	125050	5329,9
125060	13947	125060	46,8	125060	0	125060	1	125060	5329,9
125070	13948	125070	53,4	125070	0	125070	1	125070	5329,9
125080	13949	125080	57,3	125080	0	125080	1	125080	5329,9
125090	13950	125090	40,6	125090	0	125090	1	125090	5329,9
125100	13951	125100	42,9	125100	0	125100	1	125100	5329,9
125110	13952	125110	41,2	125110	0	125110	1	125110	5329,9
125120	13953	125120	37,4	125120	0	125120	1	125120	5329,9
125130	13954	125130	33,5	125130	0	125130	1	125130	5329,9
125140	13955	125140	43,9	125140	0	125140	3	125140	5329,9
125150	13956	125150	51,8	125150	0	125150	1	125150	5329,9
125160	13957	125160	37,8	125160	0	125160	1	125160	5329,9
125170	13958	125170	42,5	125170	0	125170	1	125170	5329,9
125180	13959	125180	44,4	125180	0	125180	1	125180	5329,9
125190	13960	125190	45	125190	0	125190	1	125190	5329,9
125200	13961	125200	40,2	125200	0	125200	1	125200	5329,9
125210	13962	125210	40,7	125210	0	125210	1	125210	5329,9
125220	13963	125220	34,9	125220	0	125220	1	125220	5329,9
125230	13964	125230	48,2	125230	0	125230	1	125230	5329,9
125240	13965	125240	44	125240	0	125240	1	125240	5329,9
125250	13966	125250	43,8	125250	0	125250	1	125250	5329,9
125260	13967	125260	41,7	125260	0	125260	1	125260	5329,9
125270	13968	125270	49,7	125270	0	125270	1	125270	5329,9
125280	13969	125280	42	125280	0	125280	1	125280	5329,9
125290	13970	125290	42,3	125290	0	125290	1	125290	5329,9
125300	13971	125300	42,6	125300	0	125300	1	125300	5329,9
125310	13972	125310	49,5	125310	0	125310	1	125310	5329,9
125320	13973	125320	46,8	125320	0	125320	1	125320	5329,9
125330	13974	125330	43,8	125330	0	125330	1	125330	5329,9
125340	13975	125340	46,9	125340	0	125340	1	125340	5329,9
125350	13976	125350	49,5	125350	0	125350	1	125350	5329,9
125360	13977	125360	49,9	125360	0	125360	1	125360	5329,9
125370	13978	125370	41,7	125370	0	125370	1	125370	5329,9
125380	13979	125380	52,3	125380	0	125380	1	125380	5329,9
125390	13980	125390	39,6	125390	0	125390	1	125390	5329,9
125400	13981	125400	40	125400	0	125400	1	125400	5329,9
125410	13982	125410	42,4	125410	0	125410	1	125410	5329,9
125420	13983	125420	41,6	125420	0	125420	1	125420	5329,9
125430	13984	125430	37,2	125430	0	125430	1	125430	5329,9
125440	13985	125440	44,5	125440	0	125440	1	125440	5329,9
125450	13986	125450	30,9	125450	0	125450	1	125450	5329,9
125460	13987	125460	47	125460	0	125460	1	125460	5329,9
125470	13988	125470	37,5	125470	0	125470	1	125470	5329,9
125480	13989	125480	39,1	125480	0	125480	1	125480	5329,9
125490	13990	125490	39,2	125490	0	125490	1	125490	5329,9
125500	13991	125500	45,6	125500	0	125500	1	125500	5329,9
125510	13992	125510	45,3	125510	0	125510	1	125510	5329,9
125520	13993	125520	30,2	125520	0	125520	1	125520	5329,9
125530	13994	125530	60,8	125530	0	125530	1	125530	5329,9
125540	13995	125540	44	125540	0	125540	1	125540	5329,9
125550	13996	125550	44,6	125550	0	125550	1	125550	5329,9
125560	13997	125560	48,6	125560	0	125560	1	125560	5329,9
125570	13998	125570	39,9	125570	0	125570	1	125570	5329,9
125580	13999	125580	39,8	125580	0	125580	1	125580	5329,9
125590	14000	125590	47,4	125590	0	125590	1	125590	5329,9
125600	14001	125600	41,8	125600	0	125600	1	125600	5329,9
125610	14002	125610	44,1	125610	0	125610	1	125610	5329,9
125620	14003	125620	54,5	125620	0	125620	1	125620	5329,9
125630	14004	125630	48	125630	0	125630	1	125630	5329,9
125640	14005	125640	32,2	125640	0	125640	3	125640	5329,9
125650	14006	125650	31,3	125650	0	125650	1	125650	5329,9
125660	14007	125660	24,8	125660	0	125660	1	125660	5329,9
125670	14008	125670	43,6	125670	0	125670	1	125670	5329,9
125680	14009	125680	44,9	125680	0	125680	1	125680	5329,9
125690	14010	125690	55,5	125690	0	125690	1	125690	5329,9
125700	14011	125700	57,4	125700	0	125700	1	125700	5329,9
125710	14012	125710	51,2	125710	0	125710	1	125710	5329,9
125720	14013	125720	54,3	125720	0	125720	1	125720	5329,9
125730	14014	125730	41,7	125730	0	125730	1	125730	5329,9
125740	14015	125740	40,9	125740	0	125740	1	125740	5329,9
125750	14016	125750	41,8	125750	0	125750	1	125750	5329,9
125760	14017	125760	41,1	125760	0	125760	1	125760	5329,9
125770	14018	125770	44,3	125770	0	125770	1	125770	5329,9
125780	14019	125780	47,5	125780	0	125780	1	125780	5329,9
125790	14020	125790	45,1	125790	0	125790	1	125790	5329,9
125800	14021	125800	44,2	125800	0	125800	1	125800	5329,9
125810	14022	125810	44,8	125810	0	125810	1	125810	5329,9
125820	14023	125820	45,2	125820	0	125820	1	125820	5329,9
125830	14024	125830	44	125830	0	125830	1	125830	5329,9
125840	14025	125840	41,3	125840	0	125840	1	125840	5329,9
125850	14026	125850	49,5	125850	0	125850	1	125850	5329,9
125860	14027	125860	26,2	125860	0	125860	1	125860	5329,9
125870	14028	125870	47,9	125870	0	125870	1	125870	5329,9
125880	14029	125880	46,7	125880	0	125880	1	125880	5329,9
125890	14030	125890	46,6	125890	0	125890	1	125890	5329,9
125900	14031	125900	47,2	125900	0	125900	1	125900	5329,9
125910	14032	125910	49,1	125910	0	125910	1	125910	5329,9
125920	14033	125920	43,8	125920	0	125920	1	125920	5329,9
125930	14034	125930	53,2	125930	0	125930	1	125930	5329,9
125940	14035	125940	52,3	125940	0	125940	1	125940	5329,9
125950	14036	125950	48,8	125950	0	125950	1	125950	5329,9
125960	14037	125960	46,2	125960	0	125960	1	125960	5329,9
125970	14038	125970	54,4	125970	0	125970	1	125970	5329,9
125980	14039	125980	45,2	125980	0	125980	1	125980	5329,9
125990	14040	125990	47,2	125990	0	125990	1	125990	5329,9
126000	14041	126000	39,4	126000	0	126000	1	126000	5329,9
126010	14042	126010	27,3	126010	0	126010	1	126010	5329,9
126020	14043	126020	41,7	126020	0	126020	1	126020	5329,9
126030	14044	126030	42,4	126030	0	126030	1	126030	5329,9
126040	14045	126040	44,5	126040	0	126040	1	126040	5329,9
126050	14046	126050	42,9	126050	0	126050	1	126050	5329,9
126060	14047	126060	42	126060	0	126060	1	126060	5329,9
126070	14048	126070	43,1	126070	0	126070	1	126070	5329,9
126080	14049	126080	49,1	126080	0	126080	1	126080	5329,9
126090	14050	126090	42,4	126090	0	126090	1	126090	5329,9
126100	14051	126100	39,6	126100	0	126100	1	126100	5329,9
126110	14052	126110	44,5	126110	0	126110	1	126110	5329,9
126120	14053	126120	36,6	126120	0	126120	1	126120	5329,9
126130	14054	126130	25,9	126130	0	126130	1	126130	5329,9
126140	14055	126140	41,3	126140	0	126140	1	126140	5329,9
126150	14056	126150	57,9	126150	0	126150	1	126150	5329,9
126160	14057	126160	44,1	126160	0	126160	1	126160	5329,9
126170	14058	126170	65,2	126170	0	126170	1	126170	5329,9
126180	14059	126180	48,3	126180	0	126180	1	126180	5329,9
126190	14060	126190	40,9	126190	0	126190	1	126190	5329,9
126200	14061	126200	47,5	126200	0	126200	1	126200	5329,9
126210	14062	126210	40,3	126210	0	126210	1	126210	5329,9
126220	14063	126220	46,3	126220	0	126220	1	126220	5329,9
126230	14064	126230	55,2	126230	0	126230	1	126230	5329,9
126240	14065	126240	45,2	126240	0	126240	1	126240	5329,9
126250	14066	126250	45,7	126250	0	126250	1	126250	5329,9
126260	14067	126260	52,5	126260	0	126260	1	126260	5329,9
126270	14068	126270	42,2	126270	0	126270	1	126270	5329,9
126280	14069	126280	156,9	126280	0	126280	1	126280	5329,9
126290	14070	126290	41,4	126290	0	126290	1	126290	5329,9
126300	14071	126300	42,9	126300	0	126300	1	126300	5329,9
126310	14072	126310	31,1	126310	0	126310	1	126310	5329,9
126320	14073	126320	31,2	126320	0	126320	1	126320	5329,9
126330	14074	126330	36,3	126330	0	126330	1	126330	5329,9
126340	14075	126340	43	126340	0	126340	1	126340	5329,9
126350	14076	126350	41,9	126350	0	126350	1	126350	5329,9
126360	14077	126360	44,1	126360	0	126360	1	126360	5329,9
126370	14078	126370	42,2	126370	0	126370	1	126370	5329,9
126380	14079	126380	45,4	126380	0	126380	1	126380	5329,9
126390	14080	126390	41	126390	0	126390	1	126390	5329,9
126400	14081	126400	42,5	126400	0	126400	1	126400	5329,9
126410	14082	126410	43,8	126410	0	126410	1	126410	5329,9
126420	14083	126420	40,8	126420	0	126420	1	126420	5329,9
126430	14084	126430	40,6	126430	0	126430	1	126430	5329,9
126440	14085	126440	43	126440	0	126440	1	126440	5329,9
126450	14086	126450	33,9	126450	0	126450	1	126450	5329,9
126460	14087	126460	39,6	126460	0	126460	1	126460	5329,9
126470	14088	126470	46,5	126470	0	126470	1	126470	5329,9
126480	14089	126480	36,6	126480	0	126480	1	126480	5329,9
126490	14090	126490	43,1	126490	0	126490	1	126490	5329,9
126500	14091	126500	30,1	126500	0	126500	1	126500	5329,9
126510	14092	126510	44,1	126510	0	126510	1	126510	5329,9
126520	14093	126520	24,9	126520	0	126520	1	126520	5329,9
126530	14094	126530	27,9	126530	0	126530	1	126530	5329,9
126540	14095	126540	45,4	126540	0	126540	1	126540	5329,9
126550	14096	126550	25	126550	0	126550	1	126550	5329,9
126560	14097	126560	24,3	126560	0	126560	1	126560	5329,9
126570	14098	126570	39,3	126570	0	126570	1	126570	5329,9
126580	14099	126580	46,5	126580	0	126580	1	126580	5329,9
126590	14100	126590	40,4	126590	0	126590	1	126590	5329,9
126600	14101	126600	48,2	126600	0	126600	1	126600	5329,9
126610	14102	126610	42,6	126610	0	126610	1	126610	5329,9
126620	14103	126620	49,3	126620	0	126620	1	126620	5329,9
126630	14104	126630	45,2	126630	0	126630	1	126630	5329,9
126640	14105	126640	94,7	126640	0	126640	3	126640	5329,9
126650	14106	126650	66,8	126650	0	126650	1	126650	5329,9
126660	14107	126660	43,4	126660	0	126660	1	126660	5329,9
126670	14108	126670	44,5	126670	0	126670	1	126670	5329,9
126680	14109	126680	45,1	126680	0	126680	1	126680	5329,9
126690	14110	126690	46,6	126690	0	126690	1	126690	5329,9
126700	14111	126700	49,4	126700	0	126700	1	126700	5329,9
126710	14112	126710	51	126710	0	126710	1	126710	5329,9
126720	14113	126720	28,2	126720	0	126720	1	126720	5329,9
126730	14114	126730	24	126730	0	126730	1	126730	5329,9
126740	14115	126740	24,9	126740	0	126740	1	126740	5329,9
126750	14116	126750	27	126750	0	126750	1	126750	5329,9
126760	14117	126760	39,7	126760	0	126760	1	126760	5329,9
126770	14118	126770	50,2	126770	0	126770	1	126770	5329,9
126780	14119	126780	46,5	126780	0	126780	1	126780	5329,9
126790	14120	126790	46,9	126790	0	126790	1	126790	5329,9
126800	14121	126800	50,2	126800	0	126800	1	126800	5329,9
126810	14122	126810	45,4	126810	0	126810	1	126810	5329,9
126820	14123	126820	41	126820	0	126820	1	126820	5329,9
126830	14124	126830	50,1	126830	0	126830	1	126830	5329,9
126840	14125	126840	48,9	126840	0	126840	1	126840	5329,9
126850	14126	126850	49,2	126850	0	126850	1	126850	5329,9
126860	14127	126860	44,5	126860	0	126860	1	126860	5329,9
126870	14128	126870	42,4	126870	0	126870	1	126870	5329,9
126880	14129	126880	48,4	126880	0	126880	1	126880	5329,9
126890	14130	126890	41,9	126890	0	126890	1	126890	5329,9
126900	14131	126900	42,3	126900	0	126900	1	126900	5329,9
126910	14132	126910	47,1	126910	0	126910	1	126910	5329,9
126920	14133	126920	48,5	126920	0	126920	1	126920	5329,9
126930	14134	126930	43,6	126930	0	126930	1	126930	5329,9
126940	14135	126940	47,9	126940	0	126940	1	126940	5329,9
126950	14136	126950	44,4	126950	0	126950	1	126950	5329,9
126960	14137	126960	49,9	126960	0	126960	1	126960	5329,9
126970	14138	126970	50,1	126970	0	126970	1	126970	5329,9
126980	14139	126980	42,7	126980	0	126980	1	126980	5329,9
126990	14140	126990	43,6	126990	0	126990	1	126990	5329,9
127000	14141	127000	46,8	127000	0	127000	1	127000	5329,9
127010	14142	127010	45,3	127010	0	127010	1	127010	5329,9
127020	14143	127020	39,5	127020	0	127020	1	127020	5329,9
127030	14144	127030	53,8	127030	0	127030	1	127030	5329,9
127040	14145	127040	50	127040	0	127040	1	127040	5329,9
127050	14146	127050	52,3	127050	0	127050	1	127050	5329,9
127060	14147	127060	51,4	127060	0	127060	1	127060	5329,9
127070	14148	127070	68,7	127070	0	127070	1	127070	5329,9
127080	14149	127080	48,9	127080	0	127080	1	127080	5329,9
127090	14150	127090	46,8	127090	0	127090	1	127090	5329,9
127100	14151	127100	52,7	127100	0	127100	1	127100	5329,9
127110	14152	127110	46,3	127110	0	127110	1	127110	5329,9
127120	14153	127120	56,1	127120	0	127120	1	127120	5329,9
127130	14154	127130	47	127130	0	127130	1	127130	5329,9
127140	14155	127140	49,6	127140	0	127140	1	127140	5329,9
127150	14156	127150	49,2	127150	0	127150	1	127150	5329,9
127160	14157	127160	56,1	127160	0	127160	1	127160	5329,9
127170	14158	127170	53,1	127170	0	127170	1	127170	5329,9
127180	14159	127180	51,7	127180	0	127180	1	127180	5329,9
127190	14160	127190	49,8	127190	0	127190	3	127190	5329,9
127200	14161	127200	65,3	127200	0	127200	1	127200	5329,9
127210	14162	127210	50,6	127210	0	127210	1	127210	5329,9
127220	14163	127220	45,6	127220	0	127220	1	127220	5329,9
127230	14164	127230	55,3	127230	0	127230	1	127230	5329,9
127240	14165	127240	46,4	127240	0	127240	1	127240	5329,9
127250	14166	127250	49,5	127250	0	127250	1	127250	5329,9
127260	14167	127260	50,2	127260	0	127260	1	127260	5329,9
127270	14168	127270	48	127270	0	127270	1	127270	5329,9
127280	14169	127280	44,9	127280	0	127280	1	127280	5329,9
127290	14170	127290	49,4	127290	0	127290	1	127290	5329,9
127300	14171	127300	51,3	127300	0	127300	1	127300	5329,9
127310	14172	127310	46,8	127310	0	127310	1	127310	5329,9
127320	14173	127320	51,8	127320	0	127320	1	127320	5329,9
127330	14174	127330	53,4	127330	0	127330	1	127330	5329,9
127340	14175	127340	31,1	127340	0	127340	1	127340	5329,9
127350	14176	127350	26,3	127350	0	127350	1	127350	5329,9
127360	14177	127360	29,8	127360	0	127360	1	127360	5329,9
127370	14178	127370	49,6	127370	0	127370	1	127370	5329,9
127380	14179	127380	30,6	127380	0	127380	1	127380	5329,9
127390	14180	127390	59,7	127390	0	127390	1	127390	5329,9
127400	14181	127400	36,3	127400	0	127400	1	127400	5329,9
127410	14182	127410	47,1	127410	0	127410	1	127410	5329,9
127420	14183	127420	49,5	127420	0	127420	1	127420	5329,9
127430	14184	127430	25,4	127430	0	127430	1	127430	5329,9
127440	14185	127440	46,8	127440	0	127440	1	127440	5329,9
127450	14186	127450	25,8	127450	0	127450	1	127450	5329,9
127460	14187	127460	46,7	127460	0	127460	1	127460	5329,9
127470	14188	127470	51,7	127470	0	127470	1	127470	5329,9
127480	14189	127480	49,8	127480	0	127480	1	127480	5329,9
127490	14190	127490	44,2	127490	0	127490	1	127490	5329,9
127500	14191	127500	47,4	127500	0	127500	1	127500	5329,9
127510	14192	127510	56,1	127510	0	127510	1	127510	5329,9
127520	14193	127520	42,9	127520	0	127520	1	127520	5329,9
127530	14194	127530	50,3	127530	0	127530	1	127530	5329,9
127540	14195	127540	57,8	127540	0	127540	1	127540	5329,9
127550	14196	127550	42,7	127550	0	127550	1	127550	5329,9
127560	14197	127560	46,1	127560	0	127560	1	127560	5329,9
127570	14198	127570	44,2	127570	0	127570	1	127570	5329,9
127580	14199	127580	45,7	127580	0	127580	1	127580	5329,9
127590	14200	127590	47	127590	0	127590	1	127590	5329,9
127600	14201	127600	45,9	127600	0	127600	1	127600	5329,9
127610	14202	127610	46,7	127610	0	127610	1	127610	5329,9
127620	14203	127620	53	127620	0	127620	1	127620	5329,9
127630	14204	127630	45,4	127630	0	127630	1	127630	5329,9
127640	14205	127640	50,8	127640	0	127640	3	127640	5329,9
127650	14206	127650	64,1	127650	0	127650	1	127650	5329,9
127660	14207	127660	49,8	127660	0	127660	1	127660	5329,9
127670	14208	127670	48,5	127670	0	127670	1	127670	5329,9
127680	14209	127680	45,6	127680	0	127680	1	127680	5329,9
127690	14210	127690	55	127690	0	127690	1	127690	5329,9
127700	14211	127700	49,1	127700	0	127700	1	127700	5329,9
127710	14212	127710	46,3	127710	0	127710	1	127710	5329,9
127720	14213	127720	56,7	127720	0	127720	1	127720	5329,9
127730	14214	127730	50,8	127730	0	127730	1	127730	5329,9
127740	14215	127740	43	127740	0	127740	1	127740	5329,9
127750	14216	127750	62,9	127750	0	127750	1	127750	5329,9
127760	14217	127760	44,7	127760	0	127760	1	127760	5329,9
127770	14218	127770	48,7	127770	0	127770	1	127770	5329,9
127780	14219	127780	43	127780	0	127780	1	127780	5329,9
127790	14220	127790	48,8	127790	0	127790	1	127790	5329,9
127800	14221	127800	47,5	127800	0	127800	1	127800	5329,9
127810	14222	127810	43,6	127810	0	127810	1	127810	5329,9
127820	14223	127820	56,2	127820	0	127820	1	127820	5329,9
127830	14224	127830	47	127830	0	127830	1	127830	5329,9
127840	14225	127840	51,3	127840	0	127840	1	127840	5329,9
127850	14226	127850	44,3	127850	0	127850	1	127850	5329,9
127860	14227	127860	48,4	127860	0	127860	1	127860	5329,9
127870	14228	127870	64,6	127870	0	127870	1	127870	5329,9
127880	14229	127880	51,8	127880	0	127880	1	127880	5329,9
127890	14230	127890	51,3	127890	0	127890	1	127890	5329,9
127900	14231	127900	54,2	127900	0	127900	1	127900	5329,9
127910	14232	127910	115,7	127910	0	127910	1	127910	5329,9
127920	14233	127920	47,1	127920	0	127920	1	127920	5329,9
127930	14234	127930	48,2	127930	0	127930	1	127930	5329,9
127940	14235	127940	46	127940	0	127940	1	127940	5329,9
127950	14236	127950	50,6	127950	0	127950	1	127950	5329,9
127960	14237	127960	46	127960	0	127960	1	127960	5329,9
127970	14238	127970	49,4	127970	0	127970	1	127970	5329,9
127980	14239	127980	48,5	127980	0	127980	1	127980	5329,9
127990	14240	127990	48,9	127990	0	127990	1	127990	5329,9
128000	14241	128000	55,5	128000	0	128000	1	128000	5329,9
128010	14242	128010	51,6	128010	0	128010	1	128010	5329,9
128020	14243	128020	47,5	128020	0	128020	1	128020	5329,9
128030	14244	128030	27,5	128030	0	128030	1	128030	5329,9
128040	14245	128040	49,3	128040	0	128040	1	128040	5329,9
128050	14246	128050	47,3	128050	0	128050	1	128050	5329,9
128060	14247	128060	44,4	128060	0	128060	1	128060	5329,9
128070	14248	128070	49,1	128070	0	128070	1	128070	5329,9
128080	14249	128080	50,8	128080	0	128080	1	128080	5329,9
128090	14250	128090	50	128090	0	128090	1	128090	5329,9
128100	14251	128100	47,8	128100	0	128100	1	128100	5329,9
128110	14252	128110	56,3	128110	0	128110	1	128110	5329,9
128120	14253	128120	48,5	128120	0	128120	1	128120	5329,9
128130	14254	128130	48,5	128130	0	128130	1	128130	5329,9
128140	14255	128140	44,9	128140	0	128140	1	128140	5329,9
128150	14256	128150	56,2	128150	0	128150	1	128150	5329,9
128160	14257	128160	69,1	128160	0	128160	1	128160	5329,9
128170	14258	128170	55,7	128170	0	128170	1	128170	5329,9
128180	14259	128180	50,9	128180	0	128180	1	128180	5329,9
128190	14260	128190	53,8	128190	0	128190	1	128190	5329,9
128200	14261	128200	37,8	128200	0	128200	1	128200	5329,9
128210	14262	128210	49,2	128210	0	128210	1	128210	5329,9
128220	14263	128220	26,9	128220	0	128220	1	128220	5329,9
128230	14264	128230	50,6	128230	0	128230	1	128230	5329,9
128240	14265	128240	31,6	128240	0	128240	1	128240	5329,9
128250	14266	128250	51,6	128250	0	128250	1	128250	5329,9
128260	14267	128260	118,2	128260	0	128260	1	128260	5329,9
128270	14268	128270	61,2	128270	0	128270	1	128270	5329,9
128280	14269	128280	48,3	128280	0	128280	1	128280	5329,9
128290	14270	128290	49,3	128290	0	128290	1	128290	5329,9
128300	14271	128300	48,6	128300	0	128300	1	128300	5329,9
128310	14272	128310	56,6	128310	0	128310	1	128310	5329,9
128320	14273	128320	47,2	128320	0	128320	1	128320	5329,9
128330	14274	128330	49,1	128330	0	128330	1	128330	5329,9
128340	14275	128340	51,5	128340	0	128340	1	128340	5329,9
128350	14276	128350	44,5	128350	0	128350	1	128350	5329,9
128360	14277	128360	51	128360	0	128360	1	128360	5329,9
128370	14278	128370	48,8	128370	0	128370	1	128370	5329,9
128380	14279	128380	91,8	128380	0	128380	1	128380	5329,9
128390	14280	128390	44,5	128390	0	128390	1	128390	5329,9
128400	14281	128400	44,6	128400	0	128400	1	128400	5329,9
128410	14282	128410	46,3	128410	0	128410	1	128410	5329,9
128420	14283	128420	46,2	128420	0	128420	1	128420	5329,9
128430	14284	128430	49,7	128430	0	128430	1	128430	5329,9
128440	14285	128440	46	128440	0	128440	1	128440	5329,9
128450	14286	128450	49,2	128450	0	128450	1	128450	5329,9
128460	14287	128460	40	128460	0	128460	1	128460	5329,9
128470	14288	128470	50,6	128470	0	128470	1	128470	5329,9
128480	14289	128480	44,9	128480	0	128480	1	128480	5329,9
128490	14290	128490	50,9	128490	0	128490	1	128490	5329,9
128500	14291	128500	45,9	128500	0	128500	1	128500	5329,9
128510	14292	128510	46	128510	0	128510	1	128510	5329,9
128520	14293	128520	49,3	128520	0	128520	1	128520	5329,9
128530	14294	128530	48,6	128530	0	128530	1	128530	5329,9
128540	14295	128540	42,2	128540	0	128540	1	128540	5329,9
128550	14296	128550	44,1	128550	0	128550	1	128550	5329,9
128560	14297	128560	42,9	128560	0	128560	1	128560	5329,9
128570	14298	128570	42,6	128570	0	128570	1	128570	5329,9
128580	14299	128580	67,5	128580	0	128580	1	128580	5329,9
128590	14300	128590	47,1	128590	0	128590	1	128590	5329,9
128600	14301	128600	40,4	128600	0	128600	1	128600	5329,9
128610	14302	128610	31,8	128610	0	128610	1	128610	5329,9
128620	14303	128620	39,1	128620	0	128620	1	128620	5329,9
128630	14304	128630	42,9	128630	0	128630	1	128630	5329,9
128640	14305	128640	40,7	128640	0	128640	3	128640	5329,9
128650	14306	128650	61,5	128650	0	128650	1	128650	5329,9
128660	14307	128660	44,9	128660	0	128660	1	128660	5329,9
128670	14308	128670	42,3	128670	0	128670	1	128670	5329,9
128680	14309	128680	41,3	128680	0	128680	1	128680	5329,9
128690	14310	128690	40,4	128690	0	128690	1	128690	5329,9
128700	14311	128700	44,1	128700	0	128700	1	128700	5329,9
128710	14312	128710	39,7	128710	0	128710	1	128710	5329,9
128720	14313	128720	45,7	128720	0	128720	1	128720	5329,9
128730	14314	128730	43,9	128730	0	128730	1	128730	5329,9
128740	14315	128740	39,4	128740	0	128740	1	128740	5329,9
128750	14316	128750	43,8	128750	0	128750	1	128750	5329,9
128760	14317	128760	48,3	128760	0	128760	1	128760	5329,9
128770	14318	128770	43,3	128770	0	128770	1	128770	5329,9
128780	14319	128780	39,5	128780	0	128780	1	128780	5329,9
128790	14320	128790	51,5	128790	0	128790	1	128790	5329,9
128800	14321	128800	40,2	128800	0	128800	1	128800	5329,9
128810	14322	128810	48,5	128810	0	128810	1	128810	5329,9
128820	14323	128820	27,9	128820	0	128820	1	128820	5329,9
128830	14324	128830	53,8	128830	0	128830	1	128830	5329,9
128840	14325	128840	48,4	128840	0	128840	1	128840	5329,9
128850	14326	128850	43,4	128850	0	128850	1	128850	5329,9
128860	14327	128860	41,3	128860	0	128860	1	128860	5329,9
128870	14328	128870	40,8	128870	0	128870	1	128870	5329,9
128880	14329	128880	98,8	128880	0	128880	1	128880	5329,9
128890	14330	128890	45,1	128890	0	128890	1	128890	5329,9
128900	14331	128900	47,2	128900	0	128900	1	128900	5329,9
128910	14332	128910	40,7	128910	0	128910	1	128910	5329,9
128920	14333	128920	55	128920	0	128920	1	128920	5329,9
128930	14334	128930	51,1	128930	0	128930	1	128930	5329,9
128940	14335	128940	57,6	128940	0	128940	1	128940	5329,9
128950	14336	128950	41,4	128950	0	128950	1	128950	5329,9
128960	14337	128960	40,2	128960	0	128960	1	128960	5329,9
128970	14338	128970	44,2	128970	0	128970	1	128970	5329,9
128980	14339	128980	46,4	128980	0	128980	1	128980	5329,9
128990	14340	128990	48,8	128990	0	128990	1	128990	5329,9
129000	14341	129000	49,7	129000	0	129000	1	129000	5329,9
129010	14342	129010	37,5	129010	0	129010	1	129010	5329,9
129020	14343	129020	45,7	129020	0	129020	1	129020	5329,9
129030	14344	129030	47,6	129030	0	129030	1	129030	5329,9
129040	14345	129040	29,4	129040	0	129040	1	129040	5329,9
129050	14346	129050	50,8	129050	0	129050	1	129050	5329,9
129060	14347	129060	29,2	129060	0	129060	1	129060	5329,9
129070	14348	129070	49,3	129070	0	129070	1	129070	5329,9
129080	14349	129080	40,3	129080	0	129080	1	129080	5329,9
129090	14350	129090	37,6	129090	0	129090	1	129090	5329,9
129100	14351	129100	41,6	129100	0	129100	1	129100	5329,9
129110	14352	129110	45,7	129110	0	129110	1	129110	5329,9
129120	14353	129120	40,7	129120	0	129120	1	129120	5329,9
129130	14354	129130	50,1	129130	0	129130	1	129130	5329,9
129140	14355	129140	44,2	129140	0	129140	1	129140	5329,9
129150	14356	129150	42,5	129150	0	129150	1	129150	5329,9
129160	14357	129160	40	129160	0	129160	1	129160	5329,9
129170	14358	129170	42,8	129170	0	129170	1	129170	5329,9
129180	14359	129180	42,7	129180	0	129180	1	129180	5329,9
129190	14360	129190	40,5	129190	0	129190	1	129190	5329,9
129200	14361	129200	24,1	129200	0	129200	1	129200	5329,9
129210	14362	129210	36,7	129210	0	129210	1	129210	5329,9
129220	14363	129220	43,2	129220	0	129220	1	129220	5329,9
129230	14364	129230	40,9	129230	0	129230	1	129230	5329,9
129240	14365	129240	38,9	129240	0	129240	1	129240	5329,9
129250	14366	129250	38,8	129250	0	129250	1	129250	5329,9
129260	14367	129260	43,7	129260	0	129260	1	129260	5329,9
129270	14368	129270	40,1	129270	0	129270	1	129270	5329,9
129280	14369	129280	28,7	129280	0	129280	1	129280	5329,9
129290	14370	129290	47,3	129290	0	129290	1	129290	5329,9
129300	14371	129300	49	129300	0	129300	1	129300	5329,9
129310	14372	129310	51,4	129310	0	129310	1	129310	5329,9
129320	14373	129320	42,6	129320	0	129320	1	129320	5329,9
129330	14374	129330	47	129330	0	129330	1	129330	5329,9
129340	14375	129340	53,8	129340	0	129340	1	129340	5329,9
129350	14376	129350	40,9	129350	0	129350	1	129350	5329,9
129360	14377	129360	41,1	129360	0	129360	1	129360	5329,9
129370	14378	129370	45,2	129370	0	129370	1	129370	5329,9
129380	14379	129380	45,3	129380	0	129380	1	129380	5329,9
129390	14380	129390	43,2	129390	0	129390	1	129390	5329,9
129400	14381	129400	41,6	129400	0	129400	1	129400	5329,9
129410	14382	129410	29	129410	0	129410	1	129410	5329,9
129420	14383	129420	31,5	129420	0	129420	1	129420	5329,9
129430	14384	129430	28,6	129430	0	129430	1	129430	5329,9
129440	14385	129440	39,5	129440	0	129440	1	129440	5329,9
129450	14386	129450	42,9	129450	0	129450	1	129450	5329,9
129460	14387	129460	32,7	129460	0	129460	1	129460	5329,9
129470	14388	129470	34,4	129470	0	129470	1	129470	5329,9
129480	14389	129480	43,2	129480	0	129480	1	129480	5329,9
129490	14390	129490	40,1	129490	0	129490	1	129490	5329,9
129500	14391	129500	44,9	129500	0	129500	1	129500	5329,9
129510	14392	129510	45,1	129510	0	129510	1	129510	5329,9
129520	14393	129520	51,3	129520	0	129520	1	129520	5329,9
129530	14394	129530	64,2	129530	0	129530	1	129530	5329,9
129540	14395	129540	40,8	129540	0	129540	1	129540	5329,9
129550	14396	129550	40,1	129550	0	129550	1	129550	5329,9
129560	14397	129560	42,5	129560	0	129560	1	129560	5329,9
129570	14398	129570	40,1	129570	0	129570	1	129570	5329,9
129580	14399	129580	43,3	129580	0	129580	1	129580	5329,9
129590	14400	129590	37,9	129590	0	129590	1	129590	5329,9
129600	14401	129600	42,8	129600	0	129600	1	129600	5329,9
129610	14402	129610	47,8	129610	0	129610	1	129610	5329,9
129620	14403	129620	44,2	129620	0	129620	1	129620	5329,9
129630	14404	129630	41,3	129630	0	129630	1	129630	5329,9
129640	14405	129640	44,9	129640	0	129640	3	129640	5329,9
129650	14406	129650	62	129650	0	129650	1	129650	5329,9
129660	14407	129660	44,3	129660	0	129660	1	129660	5329,9
129670	14408	129670	49,2	129670	0	129670	1	129670	5329,9
129680	14409	129680	42,5	129680	0	129680	1	129680	5329,9
129690	14410	129690	109,7	129690	0	129690	1	129690	5329,9
129700	14411	129700	49,2	129700	0	129700	1	129700	5329,9
129710	14412	129710	48,8	129710	0	129710	1	129710	5329,9
129720	14413	129720	48,8	129720	0	129720	1	129720	5329,9
129730	14414	129730	50,2	129730	0	129730	1	129730	5329,9
129740	14415	129740	39,9	129740	0	129740	1	129740	5329,9
129750	14416	129750	39,7	129750	0	129750	1	129750	5329,9
129760	14417	129760	48,7	129760	0	129760	1	129760	5329,9
129770	14418	129770	43,6	129770	0	129770	1	129770	5329,9
129780	14419	129780	41,5	129780	0	129780	1	129780	5329,9
129790	14420	129790	41,9	129790	0	129790	1	129790	5329,9
129800	14421	129800	45,9	129800	0	129800	1	129800	5329,9
129810	14422	129810	40,6	129810	0	129810	1	129810	5329,9
129820	14423	129820	49,5	129820	0	129820	1	129820	5329,9
129830	14424	129830	44,8	129830	0	129830	1	129830	5329,9
129840	14425	129840	45	129840	0	129840	1	129840	5329,9
129850	14426	129850	32,7	129850	0	129850	1	129850	5329,9
129860	14427	129860	19,7	129860	0	129860	1	129860	5329,9
129870	14428	129870	43,3	129870	0	129870	1	129870	5329,9
129880	14429	129880	45,7	129880	0	129880	1	129880	5329,9
129890	14430	129890	22,1	129890	0	129890	1	129890	5329,9
129900	14431	129900	22	129900	0	129900	1	129900	5329,9
129910	14432	129910	21,4	129910	0	129910	1	129910	5329,9
129920	14433	129920	38,8	129920	0	129920	1	129920	5329,9
129930	14434	129930	20,7	129930	0	129930	1	129930	5329,9
129940	14435	129940	23,5	129940	0	129940	1	129940	5329,9
129950	14436	129950	24,1	129950	0	129950	1	129950	5329,9
129960	14437	129960	38,3	129960	0	129960	1	129960	5329,9
129970	14438	129970	29,7	129970	0	129970	1	129970	5329,9
129980	14439	129980	40,8	129980	0	129980	1	129980	5329,9
129990	14440	129990	46,4	129990	0	129990	1	129990	5329,9
130000	14441	130000	36,7	130000	0	130000	1	130000	5329,9
130010	14442	130010	47,2	130010	0	130010	1	130010	5329,9
130020	14443	130020	45,1	130020	0	130020	1	130020	5329,9
130030	14444	130030	36,3	130030	0	130030	1	130030	5329,9
130040	14445	130040	47	130040	0	130040	1	130040	5329,9
130050	14446	130050	41,6	130050	0	130050	1	130050	5329,9
130060	14447	130060	44,4	130060	0	130060	1	130060	5329,9
130070	14448	130070	45,2	130070	0	130070	1	130070	5329,9
130080	14449	130080	44,1	130080	0	130080	1	130080	5329,9
130090	14450	130090	38,1	130090	0	130090	1	130090	5329,9
130100	14451	130100	52,2	130100	0	130100	1	130100	5329,9
130110	14452	130110	35	130110	0	130110	1	130110	5329,9
130120	14453	130120	28	130120	0	130120	1	130120	5329,9
130130	14454	130130	44	130130	0	130130	1	130130	5329,9
130140	14455	130140	26,7	130140	0	130140	1	130140	5329,9
130150	14456	130150	43,8	130150	0	130150	3	130150	5329,9
130160	14457	130160	51	130160	0	130160	1	130160	5329,9
130170	14458	130170	32,9	130170	0	130170	1	130170	5329,9
130180	14459	130180	46,2	130180	0	130180	1	130180	5329,9
130190	14460	130190	39,6	130190	0	130190	1	130190	5329,9
130200	14461	130200	27,2	130200	0	130200	1	130200	5329,9
130210	14462	130210	34,3	130210	0	130210	1	130210	5329,9
130220	14463	130220	42,7	130220	0	130220	1	130220	5329,9
130230	14464	130230	43,8	130230	0	130230	1	130230	5329,9
130240	14465	130240	27,9	130240	0	130240	1	130240	5329,9
130250	14466	130250	28	130250	0	130250	1	130250	5329,9
130260	14467	130260	36,7	130260	0	130260	1	130260	5329,9
130270	14468	130270	41,2	130270	0	130270	1	130270	5329,9
130280	14469	130280	24,7	130280	0	130280	1	130280	5329,9
130290	14470	130290	42,4	130290	0	130290	1	130290	5329,9
130300	14471	130300	35,8	130300	0	130300	1	130300	5329,9
130310	14472	130310	28,3	130310	0	130310	1	130310	5329,9
130320	14473	130320	35,2	130320	0	130320	1	130320	5329,9
130330	14474	130330	22,4	130330	0	130330	1	130330	5329,9
130340	14475	130340	23,1	130340	0	130340	1	130340	5329,9
130350	14476	130350	24,5	130350	0	130350	1	130350	5329,9
130360	14477	130360	38,4	130360	0	130360	1	130360	5329,9
130370	14478	130370	23,1	130370	0	130370	1	130370	5329,9
130380	14479	130380	22,6	130380	0	130380	1	130380	5329,9
130390	14480	130390	19,6	130390	0	130390	1	130390	5329,9
130400	14481	130400	21,5	130400	0	130400	1	130400	5329,9
130410	14482	130410	45,6	130410	0	130410	1	130410	5329,9
130420	14483	130420	45,2	130420	0	130420	1	130420	5329,9
130430	14484	130430	46	130430	0	130430	1	130430	5329,9
130440	14485	130440	27,1	130440	0	130440	1	130440	5329,9
130450	14486	130450	45,2	130450	0	130450	1	130450	5329,9
130460	14487	130460	34,8	130460	0	130460	1	130460	5329,9
130470	14488	130470	22,9	130470	0	130470	1	130470	5329,9
130480	14489	130480	24,2	130480	0	130480	1	130480	5329,9
130490	14490	130490	30,1	130490	0	130490	1	130490	5329,9
130500	14491	130500	36,9	130500	0	130500	1	130500	5329,9
130510	14492	130510	33,6	130510	0	130510	1	130510	5329,9
130520	14493	130520	75,5	130520	0	130520	1	130520	5329,9
130530	14494	130530	45,3	130530	0	130530	1	130530	5329,9
130540	14495	130540	41,8	130540	0	130540	1	130540	5329,9
130550	14496	130550	44,7	130550	0	130550	1	130550	5329,9
130560	14497	130560	45,3	130560	0	130560	1	130560	5329,9
130570	14498	130570	44,6	130570	0	130570	1	130570	5329,9
130580	14499	130580	38,7	130580	0	130580	1	130580	5329,9
130590	14500	130590	50	130590	0	130590	1	130590	5329,9
130600	14501	130600	39,8	130600	0	130600	1	130600	5329,9
130610	14502	130610	37	130610	0	130610	1	130610	5329,9
130620	14503	130620	25,7	130620	0	130620	1	130620	5329,9
130630	14504	130630	24	130630	0	130630	1	130630	5329,9
130640	14505	130640	37,3	130640	0	130640	3	130640	5329,9
130650	14506	130650	44,8	130650	0	130650	1	130650	5329,9
130660	14507	130660	23,3	130660	0	130660	1	130660	5329,9
130670	14508	130670	29,5	130670	0	130670	1	130670	5329,9
130680	14509	130680	41	130680	0	130680	1	130680	5329,9
130690	14510	130690	39,2	130690	0	130690	1	130690	5329,9
130700	14511	130700	44,4	130700	0	130700	1	130700	5329,9
130710	14512	130710	36,9	130710	0	130710	1	130710	5329,9
130720	14513	130720	46,7	130720	0	130720	1	130720	5329,9
130730	14514	130730	32	130730	0	130730	1	130730	5329,9
130740	14515	130740	43,5	130740	0	130740	1	130740	5329,9
130750	14516	130750	43,7	130750	0	130750	1	130750	5329,9
130760	14517	130760	25,1	130760	0	130760	1	130760	5329,9
130770	14518	130770	30,5	130770	0	130770	1	130770	5329,9
130780	14519	130780	26,8	130780	0	130780	1	130780	5329,9
130790	14520	130790	30,8	130790	0	130790	1	130790	5329,9
130800	14521	130800	42,4	130800	0	130800	1	130800	5329,9
130810	14522	130810	20,6	130810	0	130810	1	130810	5329,9
130820	14523	130820	38,8	130820	0	130820	1	130820	5329,9
130830	14524	130830	39	130830	0	130830	1	130830	5329,9
130840	14525	130840	49,4	130840	0	130840	1	130840	5329,9
130850	14526	130850	39,5	130850	0	130850	1	130850	5329,9
130860	14527	130860	36,2	130860	0	130860	1	130860	5329,9
130870	14528	130870	39,8	130870	0	130870	1	130870	5329,9
130880	14529	130880	39,5	130880	0	130880	1	130880	5329,9
130890	14530	130890	46,5	130890	0	130890	1	130890	5329,9
130900	14531	130900	43,2	130900	0	130900	1	130900	5329,9
130910	14532	130910	45,6	130910	0	130910	1	130910	5329,9
130920	14533	130920	38,7	130920	0	130920	1	130920	5329,9
130930	14534	130930	43,2	130930	0	130930	1	130930	5329,9
130940	14535	130940	39,9	130940	0	130940	1	130940	5329,9
130950	14536	130950	42,8	130950	0	130950	1	130950	5329,9
130960	14537	130960	41,9	130960	0	130960	1	130960	5329,9
130970	14538	130970	38,3	130970	0	130970	1	130970	5329,9
130980	14539	130980	41,9	130980	0	130980	1	130980	5329,9
130990	14540	130990	44,7	130990	0	130990	1	130990	5329,9
131000	14541	131000	41,1	131000	0	131000	1	131000	5329,9
131010	14542	131010	41,5	131010	0	131010	1	131010	5329,9
131020	14543	131020	51,7	131020	0	131020	1	131020	5329,9
131030	14544	131030	50,9	131030	0	131030	1	131030	5329,9
131040	14545	131040	45,9	131040	0	131040	1	131040	5329,9
131050	14546	131050	52,9	131050	0	131050	1	131050	5329,9
131060	14547	131060	43,1	131060	0	131060	1	131060	5329,9
131070	14548	131070	46	131070	0	131070	1	131070	5329,9
131080	14549	131080	103,2	131080	0	131080	1	131080	5329,9
131090	14550	131090	40,1	131090	0	131090	1	131090	5329,9
131100	14551	131100	35,6	131100	0	131100	1	131100	5329,9
131110	14552	131110	39,4	131110	0	131110	1	131110	5329,9
131120	14553	131120	43,7	131120	0	131120	1	131120	5329,9
131130	14554	131130	43,9	131130	0	131130	1	131130	5329,9
131140	14555	131140	49,5	131140	0	131140	1	131140	5329,9
131150	14556	131150	39	131150	0	131150	1	131150	5329,9
131160	14557	131160	44,5	131160	0	131160	1	131160	5329,9
131170	14558	131170	41,3	131170	0	131170	1	131170	5329,9
131180	14559	131180	41	131180	0	131180	1	131180	5329,9
131190	14560	131190	40,8	131190	0	131190	1	131190	5329,9
131200	14561	131200	44,3	131200	0	131200	1	131200	5329,9
131210	14562	131210	44,1	131210	0	131210	1	131210	5329,9
131220	14563	131220	44,2	131220	0	131220	1	131220	5329,9
131230	14564	131230	37,7	131230	0	131230	1	131230	5329,9
131240	14565	131240	40,8	131240	0	131240	1	131240	5329,9
131250	14566	131250	21,7	131250	0	131250	1	131250	5329,9
131260	14567	131260	41,3	131260	0	131260	1	131260	5329,9
131270	14568	131270	38,6	131270	0	131270	1	131270	5329,9
131280	14569	131280	37,3	131280	0	131280	1	131280	5329,9
131290	14570	131290	38,5	131290	0	131290	1	131290	5329,9
131300	14571	131300	38,3	131300	0	131300	1	131300	5329,9
131310	14572	131310	42,3	131310	0	131310	1	131310	5329,9
131320	14573	131320	38,3	131320	0	131320	1	131320	5329,9
131330	14574	131330	41	131330	0	131330	1	131330	5329,9
131340	14575	131340	39,7	131340	0	131340	1	131340	5329,9
131350	14576	131350	41,7	131350	0	131350	1	131350	5329,9
131360	14577	131360	42,4	131360	0	131360	1	131360	5329,9
131370	14578	131370	44,6	131370	0	131370	1	131370	5329,9
131380	14579	131380	43,4	131380	0	131380	1	131380	5329,9
131390	14580	131390	42,5	131390	0	131390	1	131390	5329,9
131400	14581	131400	54,4	131400	0	131400	1	131400	5329,9
131410	14582	131410	42,3	131410	0	131410	1	131410	5329,9
131420	14583	131420	42,7	131420	0	131420	1	131420	5329,9
131430	14584	131430	45,1	131430	0	131430	1	131430	5329,9
131440	14585	131440	46,7	131440	0	131440	1	131440	5329,9
131450	14586	131450	39,7	131450	0	131450	1	131450	5329,9
131460	14587	131460	38,6	131460	0	131460	1	131460	5329,9
131470	14588	131470	42,8	131470	0	131470	1	131470	5329,9
131480	14589	131480	49,8	131480	0	131480	1	131480	5329,9
131490	14590	131490	43,6	131490	0	131490	1	131490	5329,9
131500	14591	131500	39	131500	0	131500	1	131500	5329,9
131510	14592	131510	44,1	131510	0	131510	1	131510	5329,9
131520	14593	131520	34,7	131520	0	131520	1	131520	5329,9
131530	14594	131530	38,2	131530	0	131530	1	131530	5329,9
131540	14595	131540	40,9	131540	0	131540	1	131540	5329,9
131550	14596	131550	31,9	131550	0	131550	1	131550	5329,9
131560	14597	131560	27,2	131560	0	131560	1	131560	5329,9
131570	14598	131570	64,7	131570	0	131570	1	131570	5329,9
131580	14599	131580	22,1	131580	0	131580	1	131580	5329,9
131590	14600	131590	25,2	131590	0	131590	1	131590	5329,9
131600	14601	131600	22,6	131600	0	131600	1	131600	5329,9
131610	14602	131610	24,4	131610	0	131610	1	131610	5329,9
131620	14603	131620	23,3	131620	0	131620	1	131620	5329,9
131630	14604	131630	23,9	131630	0	131630	1	131630	5329,9
131640	14605	131640	31,6	131640	0	131640	3	131640	5329,9
131650	14606	131650	59	131650	0	131650	1	131650	5329,9
131660	14607	131660	26,7	131660	0	131660	1	131660	5329,9
131670	14608	131670	21,3	131670	0	131670	1	131670	5329,9
131680	14609	131680	49,2	131680	0	131680	1	131680	5329,9
131690	14610	131690	24,9	131690	0	131690	1	131690	5329,9
131700	14611	131700	42,7	131700	0	131700	1	131700	5329,9
131710	14612	131710	37,3	131710	0	131710	1	131710	5329,9
131720	14613	131720	42,8	131720	0	131720	1	131720	5329,9
131730	14614	131730	55,3	131730	0	131730	1	131730	5329,9
131740	14615	131740	46,8	131740	0	131740	1	131740	5329,9
131750	14616	131750	44,4	131750	0	131750	1	131750	5329,9
131760	14617	131760	44,6	131760	0	131760	1	131760	5329,9
131770	14618	131770	43,4	131770	0	131770	1	131770	5329,9
131780	14619	131780	42,4	131780	0	131780	1	131780	5329,9
131790	14620	131790	42,7	131790	0	131790	1	131790	5329,9
131800	14621	131800	49,9	131800	0	131800	1	131800	5329,9
131810	14622	131810	45,4	131810	0	131810	1	131810	5329,9
131820	14623	131820	41,9	131820	0	131820	1	131820	5329,9
131830	14624	131830	42,9	131830	0	131830	1	131830	5329,9
131840	14625	131840	45,9	131840	0	131840	1	131840	5329,9
131850	14626	131850	46,4	131850	0	131850	1	131850	5329,9
131860	14627	131860	40,6	131860	0	131860	1	131860	5329,9
131870	14628	131870	41,6	131870	0	131870	1	131870	5329,9
131880	14629	131880	40,3	131880	0	131880	1	131880	5329,9
131890	14630	131890	38,9	131890	0	131890	1	131890	5329,9
131900	14631	131900	36,5	131900	0	131900	1	131900	5329,9
131910	14632	131910	25,6	131910	0	131910	1	131910	5329,9
131920	14633	131920	31,9	131920	0	131920	1	131920	5329,9
131930	14634	131930	39,9	131930	0	131930	1	131930	5329,9
131940	14635	131940	43,3	131940	0	131940	1	131940	5329,9
131950	14636	131950	42,1	131950	0	131950	1	131950	5329,9
131960	14637	131960	40,3	131960	0	131960	1	131960	5329,9
131970	14638	131970	37,9	131970	0	131970	1	131970	5329,9
131980	14639	131980	38,7	131980	0	131980	1	131980	5329,9
131990	14640	131990	41,3	131990	0	131990	1	131990	5329,9
132000	14641	132000	44,7	132000	0	132000	1	132000	5329,9
132010	14642	132010	45	132010	0	132010	1	132010	5329,9
132020	14643	132020	50	132020	0	132020	1	132020	5329,9
132030	14644	132030	47,4	132030	0	132030	1	132030	5329,9
132040	14645	132040	46,3	132040	0	132040	1	132040	5329,9
132050	14646	132050	50,8	132050	0	132050	1	132050	5329,9
132060	14647	132060	46,9	132060	0	132060	1	132060	5329,9
132070	14648	132070	54,3	132070	0	132070	1	132070	5329,9
132080	14649	132080	46,3	132080	0	132080	1	132080	5329,9
132090	14650	132090	56,6	132090	0	132090	1	132090	5329,9
132100	14651	132100	34,8	132100	0	132100	1	132100	5329,9
132110	14652	132110	37,4	132110	0	132110	1	132110	5329,9
132120	14653	132120	46,7	132120	0	132120	1	132120	5329,9
132130	14654	132130	41,4	132130	0	132130	1	132130	5329,9
132140	14655	132140	54,3	132140	0	132140	1	132140	5329,9
132150	14656	132150	27,1	132150	0	132150	1	132150	5329,9
132160	14657	132160	35,5	132160	0	132160	1	132160	5329,9
132170	14658	132170	36,6	132170	0	132170	1	132170	5329,9
132180	14659	132180	34,7	132180	0	132180	1	132180	5329,9
132190	14660	132190	36	132190	0	132190	1	132190	5329,9
132200	14661	132200	27,5	132200	0	132200	1	132200	5329,9
132210	14662	132210	38,1	132210	0	132210	1	132210	5329,9
132220	14663	132220	52,5	132220	0	132220	1	132220	5329,9
132230	14664	132230	37,4	132230	0	132230	1	132230	5329,9
132240	14665	132240	27,6	132240	0	132240	1	132240	5329,9
132250	14666	132250	30	132250	0	132250	1	132250	5329,9
132260	14667	132260	44,4	132260	0	132260	1	132260	5329,9
132270	14668	132270	55,8	132270	0	132270	1	132270	5329,9
132280	14669	132280	28	132280	0	132280	1	132280	5329,9
132290	14670	132290	28	132290	0	132290	1	132290	5329,9
132300	14671	132300	27,8	132300	0	132300	1	132300	5329,9
132310	14672	132310	37,1	132310	0	132310	1	132310	5329,9
132320	14673	132320	27,8	132320	0	132320	1	132320	5329,9
132330	14674	132330	51,8	132330	0	132330	1	132330	5329,9
132340	14675	132340	26,4	132340	0	132340	1	132340	5329,9
132350	14676	132350	27	132350	0	132350	1	132350	5329,9
132360	14677	132360	53,3	132360	0	132360	1	132360	5329,9
132370	14678	132370	38	132370	0	132370	1	132370	5329,9
132380	14679	132380	27,6	132380	0	132380	1	132380	5329,9
132390	14680	132390	43	132390	0	132390	1	132390	5329,9
132400	14681	132400	53,4	132400	0	132400	1	132400	5329,9
132410	14682	132410	55	132410	0	132410	1	132410	5329,9
132420	14683	132420	53,9	132420	0	132420	1	132420	5329,9
132430	14684	132430	54,8	132430	0	132430	1	132430	5329,9
132440	14685	132440	27	132440	0	132440	1	132440	5329,9
132450	14686	132450	41,4	132450	0	132450	1	132450	5329,9
132460	14687	132460	41,9	132460	0	132460	1	132460	5329,9
132470	14688	132470	29,6	132470	0	132470	1	132470	5329,9
132480	14689	132480	20,9	132480	0	132480	1	132480	5329,9
132490	14690	132490	24,6	132490	0	132490	1	132490	5329,9
132500	14691	132500	22	132500	0	132500	1	132500	5329,9
132510	14692	132510	20,3	132510	0	132510	1	132510	5329,9
132520	14693	132520	20,7	132520	0	132520	1	132520	5329,9
132530	14694	132530	27,6	132530	0	132530	1	132530	5329,9
132540	14695	132540	30,4	132540	0	132540	1	132540	5329,9
132550	14696	132550	23,2	132550	0	132550	1	132550	5329,9
132560	14697	132560	22,2	132560	0	132560	1	132560	5329,9
132570	14698	132570	23,2	132570	0	132570	1	132570	5329,9
132580	14699	132580	31	132580	0	132580	1	132580	5329,9
132590	14700	132590	23,1	132590	0	132590	1	132590	5329,9
132600	14701	132600	37	132600	0	132600	1	132600	5329,9
132610	14702	132610	24,7	132610	0	132610	1	132610	5329,9
132620	14703	132620	23,8	132620	0	132620	1	132620	5329,9
132630	14704	132630	28,2	132630	0	132630	1	132630	5329,9
132640	14705	132640	30,7	132640	0	132640	3	132640	5329,9
132650	14706	132650	45,6	132650	0	132650	1	132650	5329,9
132660	14707	132660	42,2	132660	0	132660	1	132660	5329,9
132670	14708	132670	38,7	132670	0	132670	1	132670	5329,9
132680	14709	132680	31,2	132680	0	132680	1	132680	5329,9
132690	14710	132690	41,8	132690	0	132690	1	132690	5329,9
132700	14711	132700	27,9	132700	0	132700	1	132700	5329,9
132710	14712	132710	32,1	132710	0	132710	1	132710	5329,9
132720	14713	132720	24,9	132720	0	132720	1	132720	5329,9
132730	14714	132730	98,6	132730	0	132730	1	132730	5329,9
132740	14715	132740	27	132740	0	132740	1	132740	5329,9
132750	14716	132750	44,1	132750	0	132750	1	132750	5329,9
132760	14717	132760	39	132760	0	132760	1	132760	5329,9
132770	14718	132770	34,3	132770	0	132770	1	132770	5329,9
132780	14719	132780	46,6	132780	0	132780	1	132780	5329,9
132790	14720	132790	40,9	132790	0	132790	1	132790	5329,9
132800	14721	132800	43	132800	0	132800	1	132800	5329,9
132810	14722	132810	37,2	132810	0	132810	1	132810	5329,9
132820	14723	132820	37,2	132820	0	132820	1	132820	5329,9
132830	14724	132830	44,5	132830	0	132830	1	132830	5329,9
132840	14725	132840	29,4	132840	0	132840	1	132840	5329,9
132850	14726	132850	28,1	132850	0	132850	1	132850	5329,9
132860	14727	132860	30,9	132860	0	132860	1	132860	5329,9
132870	14728	132870	35,9	132870	0	132870	1	132870	5329,9
132880	14729	132880	43,7	132880	0	132880	1	132880	5329,9
132890	14730	132890	48,4	132890	0	132890	1	132890	5329,9
132900	14731	132900	48,3	132900	0	132900	1	132900	5329,9
132910	14732	132910	43,1	132910	0	132910	1	132910	5329,9
132920	14733	132920	38,4	132920	0	132920	1	132920	5329,9
132930	14734	132930	43,1	132930	0	132930	1	132930	5329,9
132940	14735	132940	26,8	132940	0	132940	1	132940	5329,9
132950	14736	132950	38,5	132950	0	132950	1	132950	5329,9
132960	14737	132960	51	132960	0	132960	1	132960	5329,9
132970	14738	132970	39	132970	0	132970	1	132970	5329,9
132980	14739	132980	20,2	132980	0	132980	1	132980	5329,9
132990	14740	132990	33,8	132990	0	132990	1	132990	5329,9
133000	14741	133000	43	133000	0	133000	1	133000	5329,9
133010	14742	133010	25,6	133010	0	133010	1	133010	5329,9
133020	14743	133020	32,6	133020	0	133020	1	133020	5329,9
133030	14744	133030	53,3	133030	0	133030	1	133030	5329,9
133040	14745	133040	25,1	133040	0	133040	1	133040	5329,9
133050	14746	133050	27,9	133050	0	133050	1	133050	5329,9
133060	14747	133060	22,5	133060	0	133060	1	133060	5329,9
133070	14748	133070	24,1	133070	0	133070	1	133070	5329,9
133080	14749	133080	21,5	133080	0	133080	1	133080	5329,9
133090	14750	133090	32,6	133090	0	133090	1	133090	5329,9
133100	14751	133100	50,1	133100	0	133100	1	133100	5329,9
133110	14752	133110	44,9	133110	0	133110	1	133110	5329,9
133120	14753	133120	46,7	133120	0	133120	1	133120	5329,9
133130	14754	133130	48,3	133130	0	133130	1	133130	5329,9
133140	14755	133140	42,2	133140	0	133140	1	133140	5329,9
133150	14756	133150	53,9	133150	0	133150	1	133150	5329,9
133160	14757	133160	48,3	133160	0	133160	1	133160	5329,9
133170	14758	133170	42,9	133170	0	133170	1	133170	5329,9
133180	14759	133180	32,8	133180	0	133180	1	133180	5329,9
133190	14760	133190	40,8	133190	0	133190	1	133190	5329,9
133200	14761	133200	41,1	133200	0	133200	1	133200	5329,9
133210	14762	133210	41,6	133210	0	133210	3	133210	5329,9
133220	14763	133220	114,2	133220	0	133220	1	133220	5329,9
133230	14764	133230	46,3	133230	0	133230	1	133230	5329,9
133240	14765	133240	46	133240	0	133240	1	133240	5329,9
133250	14766	133250	41,6	133250	0	133250	1	133250	5329,9
133260	14767	133260	41,6	133260	0	133260	1	133260	5329,9
133270	14768	133270	56	133270	0	133270	1	133270	5329,9
133280	14769	133280	46,8	133280	0	133280	1	133280	5329,9
133290	14770	133290	47,4	133290	0	133290	1	133290	5329,9
133300	14771	133300	32,7	133300	0	133300	1	133300	5329,9
133310	14772	133310	37,2	133310	0	133310	1	133310	5329,9
133320	14773	133320	47	133320	0	133320	1	133320	5329,9
133330	14774	133330	25,1	133330	0	133330	1	133330	5329,9
133340	14775	133340	29	133340	0	133340	1	133340	5329,9
133350	14776	133350	27,4	133350	0	133350	1	133350	5329,9
133360	14777	133360	42,6	133360	0	133360	1	133360	5329,9
133370	14778	133370	40	133370	0	133370	1	133370	5329,9
133380	14779	133380	38,2	133380	0	133380	1	133380	5329,9
133390	14780	133390	54,8	133390	0	133390	1	133390	5329,9
133400	14781	133400	41	133400	0	133400	1	133400	5329,9
133410	14782	133410	41,5	133410	0	133410	1	133410	5329,9
133420	14783	133420	51	133420	0	133420	1	133420	5329,9
133430	14784	133430	40,2	133430	0	133430	1	133430	5329,9
133440	14785	133440	37,5	133440	0	133440	1	133440	5329,9
133450	14786	133450	42,6	133450	0	133450	1	133450	5329,9
133460	14787	133460	31,7	133460	0	133460	1	133460	5329,9
133470	14788	133470	37,8	133470	0	133470	1	133470	5329,9
133480	14789	133480	24,5	133480	0	133480	1	133480	5329,9
133490	14790	133490	21,7	133490	0	133490	1	133490	5329,9
133500	14791	133500	23,1	133500	0	133500	1	133500	5329,9
133510	14792	133510	39,8	133510	0	133510	1	133510	5329,9
133520	14793	133520	28	133520	0	133520	1	133520	5329,9
133530	14794	133530	41,6	133530	0	133530	1	133530	5329,9
133540	14795	133540	42,1	133540	0	133540	1	133540	5329,9
133550	14796	133550	45,9	133550	0	133550	1	133550	5329,9
133560	14797	133560	51,8	133560	0	133560	1	133560	5329,9
133570	14798	133570	48,5	133570	0	133570	1	133570	5329,9
133580	14799	133580	40,9	133580	0	133580	1	133580	5329,9
133590	14800	133590	46,3	133590	0	133590	1	133590	5329,9
133600	14801	133600	44,8	133600	0	133600	1	133600	5329,9
133610	14802	133610	41,8	133610	0	133610	1	133610	5329,9
133620	14803	133620	33,9	133620	0	133620	1	133620	5329,9
133630	14804	133630	26,9	133630	0	133630	1	133630	5329,9
133640	14805	133640	20,8	133640	0	133640	3	133640	5329,9
133650	14806	133650	32,7	133650	0	133650	1	133650	5329,9
133660	14807	133660	23,8	133660	0	133660	1	133660	5329,9
133670	14808	133670	26,2	133670	0	133670	1	133670	5329,9
133680	14809	133680	23,8	133680	0	133680	1	133680	5329,9
133690	14810	133690	25,6	133690	0	133690	1	133690	5329,9
133700	14811	133700	31,9	133700	0	133700	1	133700	5329,9
133710	14812	133710	39,9	133710	0	133710	1	133710	5329,9
133720	14813	133720	47,9	133720	0	133720	1	133720	5329,9
133730	14814	133730	48,9	133730	0	133730	1	133730	5329,9
133740	14815	133740	49,2	133740	0	133740	1	133740	5329,9
133750	14816	133750	53	133750	0	133750	1	133750	5329,9
133760	14817	133760	45,1	133760	0	133760	1	133760	5329,9
133770	14818	133770	44,8	133770	0	133770	1	133770	5329,9
133780	14819	133780	39,3	133780	0	133780	1	133780	5329,9
133790	14820	133790	45,3	133790	0	133790	1	133790	5329,9
133800	14821	133800	41	133800	0	133800	1	133800	5329,9
133810	14822	133810	40,3	133810	0	133810	1	133810	5329,9
133820	14823	133820	30,7	133820	0	133820	1	133820	5329,9
133830	14824	133830	42,9	133830	0	133830	1	133830	5329,9
133840	14825	133840	43,8	133840	0	133840	1	133840	5329,9
133850	14826	133850	48,9	133850	0	133850	1	133850	5329,9
133860	14827	133860	43,2	133860	0	133860	1	133860	5329,9
133870	14828	133870	33,4	133870	0	133870	1	133870	5329,9
133880	14829	133880	47,9	133880	0	133880	1	133880	5329,9
133890	14830	133890	42,7	133890	0	133890	1	133890	5329,9
133900	14831	133900	49,9	133900	0	133900	1	133900	5329,9
133910	14832	133910	50,9	133910	0	133910	1	133910	5329,9
133920	14833	133920	49,1	133920	0	133920	1	133920	5329,9
133930	14834	133930	43,4	133930	0	133930	1	133930	5329,9
133940	14835	133940	50,8	133940	0	133940	1	133940	5329,9
133950	14836	133950	42,8	133950	0	133950	1	133950	5329,9
133960	14837	133960	52	133960	0	133960	1	133960	5329,9
133970	14838	133970	51,2	133970	0	133970	1	133970	5329,9
133980	14839	133980	48,1	133980	0	133980	1	133980	5329,9
133990	14840	133990	44,3	133990	0	133990	1	133990	5329,9
134000	14841	134000	43,5	134000	0	134000	1	134000	5329,9
134010	14842	134010	46	134010	0	134010	1	134010	5329,9
134020	14843	134020	47,4	134020	0	134020	1	134020	5329,9
134030	14844	134030	46,7	134030	0	134030	1	134030	5329,9
134040	14845	134040	31,9	134040	0	134040	1	134040	5329,9
134050	14846	134050	49,8	134050	0	134050	1	134050	5329,9
134060	14847	134060	45,5	134060	0	134060	1	134060	5329,9
134070	14848	134070	44,1	134070	0	134070	1	134070	5329,9
134080	14849	134080	40,7	134080	0	134080	1	134080	5329,9
134090	14850	134090	42,2	134090	0	134090	1	134090	5329,9
134100	14851	134100	56,4	134100	0	134100	1	134100	5329,9
134110	14852	134110	40,4	134110	0	134110	1	134110	5329,9
134120	14853	134120	41,8	134120	0	134120	1	134120	5329,9
134130	14854	134130	44,3	134130	0	134130	1	134130	5329,9
134140	14855	134140	41,7	134140	0	134140	1	134140	5329,9
134150	14856	134150	38,9	134150	0	134150	1	134150	5329,9
134160	14857	134160	45,5	134160	0	134160	1	134160	5329,9
134170	14858	134170	48,9	134170	0	134170	1	134170	5329,9
134180	14859	134180	52,9	134180	0	134180	1	134180	5329,9
134190	14860	134190	45,3	134190	0	134190	1	134190	5329,9
134200	14861	134200	27,6	134200	0	134200	1	134200	5329,9
134210	14862	134210	36,9	134210	0	134210	1	134210	5329,9
134220	14863	134220	45,7	134220	0	134220	1	134220	5329,9
134230	14864	134230	48,5	134230	0	134230	1	134230	5329,9
134240	14865	134240	44,5	134240	0	134240	1	134240	5329,9
134250	14866	134250	41,9	134250	0	134250	1	134250	5329,9
134260	14867	134260	43,6	134260	0	134260	1	134260	5329,9
134270	14868	134270	37,6	134270	0	134270	1	134270	5329,9
134280	14869	134280	42,9	134280	0	134280	1	134280	5329,9
134290	14870	134290	40	134290	0	134290	1	134290	5329,9
134300	14871	134300	42,7	134300	0	134300	1	134300	5329,9
134310	14872	134310	39,6	134310	0	134310	1	134310	5329,9
134320	14873	134320	46,2	134320	0	134320	1	134320	5329,9
134330	14874	134330	40	134330	0	134330	1	134330	5329,9
134340	14875	134340	41,1	134340	0	134340	1	134340	5329,9
134350	14876	134350	45,9	134350	0	134350	1	134350	5329,9
134360	14877	134360	44,8	134360	0	134360	1	134360	5329,9
134370	14878	134370	41,5	134370	0	134370	1	134370	5329,9
134380	14879	134380	43,7	134380	0	134380	1	134380	5329,9
134390	14880	134390	38,1	134390	0	134390	1	134390	5329,9
134400	14881	134400	37,4	134400	0	134400	1	134400	5329,9
134410	14882	134410	39,6	134410	0	134410	1	134410	5329,9
134420	14883	134420	31,3	134420	0	134420	1	134420	5329,9
134430	14884	134430	44,6	134430	0	134430	1	134430	5329,9
134440	14885	134440	42,6	134440	0	134440	1	134440	5329,9
134450	14886	134450	53,8	134450	0	134450	1	134450	5329,9
134460	14887	134460	46,9	134460	0	134460	1	134460	5329,9
134470	14888	134470	45,7	134470	0	134470	1	134470	5329,9
134480	14889	134480	41,7	134480	0	134480	1	134480	5329,9
134490	14890	134490	44,5	134490	0	134490	1	134490	5329,9
134500	14891	134500	50,3	134500	0	134500	1	134500	5329,9
134510	14892	134510	56,9	134510	0	134510	1	134510	5329,9
134520	14893	134520	43,9	134520	0	134520	1	134520	5329,9
134530	14894	134530	41,6	134530	0	134530	1	134530	5329,9
134540	14895	134540	43,5	134540	0	134540	1	134540	5329,9
134550	14896	134550	45,2	134550	0	134550	1	134550	5329,9
134560	14897	134560	47,2	134560	0	134560	1	134560	5329,9
134570	14898	134570	40,9	134570	0	134570	1	134570	5329,9
134580	14899	134580	43,6	134580	0	134580	1	134580	5329,9
134590	14900	134590	67,3	134590	0	134590	1	134590	5329,9
134600	14901	134600	42	134600	0	134600	1	134600	5329,9
134610	14902	134610	45,5	134610	0	134610	1	134610	5329,9
134620	14903	134620	46,6	134620	0	134620	1	134620	5329,9
134630	14904	134630	49,7	134630	0	134630	1	134630	5329,9
134640	14905	134640	41,4	134640	0	134640	3	134640	5329,9
134650	14906	134650	67,5	134650	0	134650	1	134650	5329,9
134660	14907	134660	35,4	134660	0	134660	1	134660	5329,9
134670	14908	134670	46,9	134670	0	134670	1	134670	5329,9
134680	14909	134680	49,8	134680	0	134680	1	134680	5329,9
134690	14910	134690	41,5	134690	0	134690	1	134690	5329,9
134700	14911	134700	46,9	134700	0	134700	1	134700	5329,9
134710	14912	134710	47	134710	0	134710	1	134710	5329,9
134720	14913	134720	43,1	134720	0	134720	1	134720	5329,9
134730	14914	134730	47,5	134730	0	134730	1	134730	5329,9
134740	14915	134740	35,9	134740	0	134740	1	134740	5329,9
134750	14916	134750	22,2	134750	0	134750	1	134750	5329,9
134760	14917	134760	47,4	134760	0	134760	1	134760	5329,9
134770	14918	134770	43	134770	0	134770	1	134770	5329,9
134780	14919	134780	36,7	134780	0	134780	1	134780	5329,9
134790	14920	134790	37,5	134790	0	134790	1	134790	5329,9
134800	14921	134800	41,7	134800	0	134800	1	134800	5329,9
134810	14922	134810	44,6	134810	0	134810	1	134810	5329,9
134820	14923	134820	32,7	134820	0	134820	1	134820	5329,9
134830	14924	134830	27,6	134830	0	134830	1	134830	5329,9
134840	14925	134840	33,1	134840	0	134840	1	134840	5329,9
134850	14926	134850	27,2	134850	0	134850	1	134850	5329,9
134860	14927	134860	44,3	134860	0	134860	1	134860	5329,9
134870	14928	134870	26,9	134870	0	134870	1	134870	5329,9
134880	14929	134880	31,4	134880	0	134880	1	134880	5329,9
134890	14930	134890	47,3	134890	0	134890	1	134890	5329,9
134900	14931	134900	27,1	134900	0	134900	1	134900	5329,9
134910	14932	134910	26,6	134910	0	134910	1	134910	5329,9
134920	14933	134920	37,6	134920	0	134920	1	134920	5329,9
134930	14934	134930	26,1	134930	0	134930	1	134930	5329,9
134940	14935	134940	26,3	134940	0	134940	1	134940	5329,9
134950	14936	134950	41,2	134950	0	134950	1	134950	5329,9
134960	14937	134960	25,8	134960	0	134960	1	134960	5329,9
134970	14938	134970	33,5	134970	0	134970	1	134970	5329,9
134980	14939	134980	35,3	134980	0	134980	1	134980	5329,9
134990	14940	134990	47,3	134990	0	134990	1	134990	5329,9
135000	14941	135000	44,9	135000	0	135000	1	135000	5329,9
135010	14942	135010	49,6	135010	0	135010	1	135010	5329,9
135020	14943	135020	43,5	135020	0	135020	1	135020	5329,9
135030	14944	135030	53,1	135030	0	135030	1	135030	5329,9
135040	14945	135040	27	135040	0	135040	1	135040	5329,9
135050	14946	135050	41,9	135050	0	135050	1	135050	5329,9
135060	14947	135060	25,5	135060	0	135060	1	135060	5329,9
135070	14948	135070	23,6	135070	0	135070	1	135070	5329,9
135080	14949	135080	49	135080	0	135080	1	135080	5329,9
135090	14950	135090	34,8	135090	0	135090	1	135090	5329,9
135100	14951	135100	53,1	135100	0	135100	1	135100	5329,9
135110	14952	135110	43,8	135110	0	135110	1	135110	5329,9
135120	14953	135120	57,8	135120	0	135120	1	135120	5329,9
135130	14954	135130	55,7	135130	0	135130	1	135130	5329,9
135140	14955	135140	44,8	135140	0	135140	1	135140	5329,9
135150	14956	135150	50,9	135150	0	135150	1	135150	5329,9
135160	14957	135160	46	135160	0	135160	1	135160	5329,9
135170	14958	135170	57,2	135170	0	135170	1	135170	5329,9
135180	14959	135180	52,1	135180	0	135180	1	135180	5329,9
135190	14960	135190	55,1	135190	0	135190	1	135190	5329,9
135200	14961	135200	44,5	135200	0	135200	1	135200	5329,9
135210	14962	135210	42	135210	0	135210	1	135210	5329,9
135220	14963	135220	43,7	135220	0	135220	1	135220	5329,9
135230	14964	135230	43,5	135230	0	135230	1	135230	5329,9
135240	14965	135240	41,3	135240	0	135240	1	135240	5329,9
135250	14966	135250	46,6	135250	0	135250	1	135250	5329,9
135260	14967	135260	46	135260	0	135260	1	135260	5329,9
135270	14968	135270	43	135270	0	135270	1	135270	5329,9
135280	14969	135280	42,9	135280	0	135280	1	135280	5329,9
135290	14970	135290	31,1	135290	0	135290	1	135290	5329,9
135300	14971	135300	44,1	135300	0	135300	1	135300	5329,9
135310	14972	135310	40,3	135310	0	135310	1	135310	5329,9
135320	14973	135320	33	135320	0	135320	1	135320	5329,9
135330	14974	135330	34,3	135330	0	135330	1	135330	5329,9
135340	14975	135340	24,8	135340	0	135340	1	135340	5329,9
135350	14976	135350	50,1	135350	0	135350	1	135350	5329,9
135360	14977	135360	38,2	135360	0	135360	1	135360	5329,9
135370	14978	135370	40,4	135370	0	135370	1	135370	5329,9
135380	14979	135380	40,3	135380	0	135380	1	135380	5329,9
135390	14980	135390	37,4	135390	0	135390	1	135390	5329,9
135400	14981	135400	25,7	135400	0	135400	1	135400	5329,9
135410	14982	135410	35,3	135410	0	135410	1	135410	5329,9
135420	14983	135420	29,8	135420	0	135420	1	135420	5329,9
135430	14984	135430	39,3	135430	0	135430	1	135430	5329,9
135440	14985	135440	40,6	135440	0	135440	1	135440	5329,9
135450	14986	135450	43,3	135450	0	135450	1	135450	5329,9
135460	14987	135460	40	135460	0	135460	1	135460	5329,9
135470	14988	135470	33,7	135470	0	135470	1	135470	5329,9
135480	14989	135480	23,1	135480	0	135480	1	135480	5329,9
135490	14990	135490	40,9	135490	0	135490	1	135490	5329,9
135500	14991	135500	40,1	135500	0	135500	1	135500	5329,9
135510	14992	135510	36,8	135510	0	135510	1	135510	5329,9
135520	14993	135520	35,9	135520	0	135520	1	135520	5329,9
135530	14994	135530	40,7	135530	0	135530	1	135530	5329,9
135540	14995	135540	40,8	135540	0	135540	1	135540	5329,9
135550	14996	135550	38,1	135550	0	135550	1	135550	5329,9
135560	14997	135560	41,8	135560	0	135560	1	135560	5329,9
135570	14998	135570	43,2	135570	0	135570	1	135570	5329,9
135580	14999	135580	40,7	135580	0	135580	1	135580	5329,9
135590	15000	135590	46	135590	0	135590	1	135590	5329,9
135600	15001	135600	48,6	135600	0	135600	1	135600	5329,9
135610	15002	135610	51,7	135610	0	135610	1	135610	5329,9
135620	15003	135620	54,6	135620	0	135620	1	135620	5329,9
135630	15004	135630	44,2	135630	0	135630	1	135630	5329,9
135640	15005	135640	41,2	135640	0	135640	3	135640	5329,9
135650	15006	135650	54,4	135650	0	135650	1	135650	5329,9
135660	15007	135660	39,2	135660	0	135660	1	135660	5329,9
135670	15008	135670	33,9	135670	0	135670	1	135670	5329,9
135680	15009	135680	40,2	135680	0	135680	1	135680	5329,9
135690	15010	135690	43,6	135690	0	135690	1	135690	5329,9
135700	15011	135700	43	135700	0	135700	1	135700	5329,9
135710	15012	135710	54,5	135710	0	135710	1	135710	5329,9
135720	15013	135720	47,1	135720	0	135720	1	135720	5329,9
135730	15014	135730	57,7	135730	0	135730	1	135730	5329,9
135740	15015	135740	48,4	135740	0	135740	1	135740	5329,9
135750	15016	135750	49,5	135750	0	135750	1	135750	5329,9
135760	15017	135760	50,3	135760	0	135760	1	135760	5329,9
135770	15018	135770	32,4	135770	0	135770	1	135770	5329,9
135780	15019	135780	51,3	135780	0	135780	1	135780	5329,9
135790	15020	135790	46,4	135790	0	135790	1	135790	5329,9
135800	15021	135800	49,1	135800	0	135800	1	135800	5329,9
135810	15022	135810	45,6	135810	0	135810	1	135810	5329,9
135820	15023	135820	45,7	135820	0	135820	1	135820	5329,9
135830	15024	135830	45,6	135830	0	135830	1	135830	5329,9
135840	15025	135840	43,9	135840	0	135840	1	135840	5329,9
135850	15026	135850	37,8	135850	0	135850	1	135850	5329,9
135860	15027	135860	38,6	135860	0	135860	1	135860	5329,9
135870	15028	135870	38,5	135870	0	135870	1	135870	5329,9
135880	15029	135880	42,3	135880	0	135880	1	135880	5329,9
135890	15030	135890	44,2	135890	0	135890	1	135890	5329,9
135900	15031	135900	45,5	135900	0	135900	1	135900	5329,9
135910	15032	135910	49,2	135910	0	135910	1	135910	5329,9
135920	15033	135920	24,5	135920	0	135920	1	135920	5329,9
135930	15034	135930	41	135930	0	135930	1	135930	5329,9
135940	15035	135940	38,8	135940	0	135940	1	135940	5329,9
135950	15036	135950	40,7	135950	0	135950	1	135950	5329,9
135960	15037	135960	47,6	135960	0	135960	1	135960	5329,9
135970	15038	135970	49,9	135970	0	135970	1	135970	5329,9
135980	15039	135980	40,9	135980	0	135980	1	135980	5329,9
135990	15040	135990	43	135990	0	135990	1	135990	5329,9
136000	15041	136000	40,8	136000	0	136000	1	136000	5329,9
136010	15042	136010	45,6	136010	0	136010	1	136010	5329,9
136020	15043	136020	53,3	136020	0	136020	1	136020	5329,9
136030	15044	136030	98,4	136030	0	136030	1	136030	5329,9
136040	15045	136040	67,7	136040	0	136040	1	136040	5329,9
136050	15046	136050	39,9	136050	0	136050	1	136050	5329,9
136060	15047	136060	44,5	136060	0	136060	1	136060	5329,9
136070	15048	136070	42,9	136070	0	136070	1	136070	5329,9
136080	15049	136080	54,1	136080	0	136080	1	136080	5329,9
136090	15050	136090	48,6	136090	0	136090	1	136090	5329,9
136100	15051	136100	51,7	136100	0	136100	1	136100	5329,9
136110	15052	136110	50,2	136110	0	136110	1	136110	5329,9
136120	15053	136120	42,3	136120	0	136120	1	136120	5329,9
136130	15054	136130	45,8	136130	0	136130	1	136130	5329,9
136140	15055	136140	35,8	136140	0	136140	1	136140	5329,9
136150	15056	136150	36,8	136150	0	136150	1	136150	5329,9
136160	15057	136160	44,3	136160	0	136160	1	136160	5329,9
136170	15058	136170	41,7	136170	0	136170	1	136170	5329,9
136180	15059	136180	45,5	136180	0	136180	1	136180	5329,9
136190	15060	136190	42,9	136190	0	136190	1	136190	5329,9
136200	15061	136200	46,5	136200	0	136200	1	136200	5329,9
136210	15062	136210	44,3	136210	0	136210	1	136210	5329,9
136220	15063	136220	44,9	136220	0	136220	3	136220	5329,9
136230	15064	136230	65,1	136230	0	136230	1	136230	5329,9
136240	15065	136240	44,8	136240	0	136240	1	136240	5329,9
136250	15066	136250	42,6	136250	0	136250	1	136250	5329,9
136260	15067	136260	44,5	136260	0	136260	1	136260	5329,9
136270	15068	136270	55,1	136270	0	136270	1	136270	5329,9
136280	15069	136280	39,3	136280	0	136280	1	136280	5329,9
136290	15070	136290	45,9	136290	0	136290	1	136290	5329,9
136300	15071	136300	49,7	136300	0	136300	1	136300	5329,9
136310	15072	136310	46,8	136310	0	136310	1	136310	5329,9
136320	15073	136320	58,4	136320	0	136320	1	136320	5329,9
136330	15074	136330	53,5	136330	0	136330	1	136330	5329,9
136340	15075	136340	51,9	136340	0	136340	1	136340	5329,9
136350	15076	136350	41,7	136350	0	136350	1	136350	5329,9
136360	15077	136360	45,9	136360	0	136360	1	136360	5329,9
136370	15078	136370	46,7	136370	0	136370	1	136370	5329,9
136380	15079	136380	41	136380	0	136380	1	136380	5329,9
136390	15080	136390	42,7	136390	0	136390	1	136390	5329,9
136400	15081	136400	42,8	136400	0	136400	1	136400	5329,9
136410	15082	136410	41	136410	0	136410	1	136410	5329,9
136420	15083	136420	42,7	136420	0	136420	1	136420	5329,9
136430	15084	136430	48,2	136430	0	136430	1	136430	5329,9
136440	15085	136440	44,9	136440	0	136440	1	136440	5329,9
136450	15086	136450	43,6	136450	0	136450	1	136450	5329,9
136460	15087	136460	40	136460	0	136460	1	136460	5329,9
136470	15088	136470	43,9	136470	0	136470	1	136470	5329,9
136480	15089	136480	43	136480	0	136480	1	136480	5329,9
136490	15090	136490	41,7	136490	0	136490	1	136490	5329,9
136500	15091	136500	45,1	136500	0	136500	1	136500	5329,9
136510	15092	136510	41	136510	0	136510	1	136510	5329,9
136520	15093	136520	30,1	136520	0	136520	1	136520	5329,9
136530	15094	136530	38,9	136530	0	136530	1	136530	5329,9
136540	15095	136540	38,4	136540	0	136540	1	136540	5329,9
136550	15096	136550	38,4	136550	0	136550	1	136550	5329,9
136560	15097	136560	30	136560	0	136560	1	136560	5329,9
136570	15098	136570	33,1	136570	0	136570	1	136570	5329,9
136580	15099	136580	45	136580	0	136580	1	136580	5329,9
136590	15100	136590	46,3	136590	0	136590	1	136590	5329,9
136600	15101	136600	40,5	136600	0	136600	1	136600	5329,9
136610	15102	136610	43,5	136610	0	136610	1	136610	5329,9
136620	15103	136620	45,6	136620	0	136620	1	136620	5329,9
136630	15104	136630	46,8	136630	0	136630	1	136630	5329,9
136640	15105	136640	51,6	136640	0	136640	3	136640	5329,9
136650	15106	136650	69,9	136650	0	136650	1	136650	5329,9
136660	15107	136660	52,3	136660	0	136660	1	136660	5329,9
136670	15108	136670	37,6	136670	0	136670	1	136670	5329,9
136680	15109	136680	42,4	136680	0	136680	1	136680	5329,9
136690	15110	136690	40,4	136690	0	136690	1	136690	5329,9
136700	15111	136700	46,7	136700	0	136700	1	136700	5329,9
136710	15112	136710	40	136710	0	136710	1	136710	5329,9
136720	15113	136720	44,5	136720	0	136720	1	136720	5329,9
136730	15114	136730	40,1	136730	0	136730	1	136730	5329,9
136740	15115	136740	42,2	136740	0	136740	1	136740	5329,9
136750	15116	136750	45,9	136750	0	136750	1	136750	5329,9
136760	15117	136760	46,7	136760	0	136760	1	136760	5329,9
136770	15118	136770	43,3	136770	0	136770	1	136770	5329,9
136780	15119	136780	41,9	136780	0	136780	1	136780	5329,9
136790	15120	136790	46,3	136790	0	136790	1	136790	5329,9
136800	15121	136800	30,6	136800	0	136800	1	136800	5329,9
136810	15122	136810	29,9	136810	0	136810	1	136810	5329,9
136820	15123	136820	50,6	136820	0	136820	1	136820	5329,9
136830	15124	136830	43,3	136830	0	136830	1	136830	5329,9
136840	15125	136840	39,7	136840	0	136840	1	136840	5329,9
136850	15126	136850	46,7	136850	0	136850	1	136850	5329,9
136860	15127	136860	41,9	136860	0	136860	1	136860	5329,9
136870	15128	136870	50,8	136870	0	136870	1	136870	5329,9
136880	15129	136880	43,6	136880	0	136880	1	136880	5329,9
136890	15130	136890	41,3	136890	0	136890	1	136890	5329,9
136900	15131	136900	44,5	136900	0	136900	1	136900	5329,9
136910	15132	136910	45,5	136910	0	136910	1	136910	5329,9
136920	15133	136920	43,6	136920	0	136920	1	136920	5329,9
136930	15134	136930	49,6	136930	0	136930	1	136930	5329,9
136940	15135	136940	41,8	136940	0	136940	1	136940	5329,9
136950	15136	136950	44,1	136950	0	136950	1	136950	5329,9
136960	15137	136960	44,4	136960	0	136960	1	136960	5329,9
136970	15138	136970	45,8	136970	0	136970	1	136970	5329,9
136980	15139	136980	39,8	136980	0	136980	1	136980	5329,9
136990	15140	136990	43,9	136990	0	136990	1	136990	5329,9
137000	15141	137000	47,4	137000	0	137000	1	137000	5329,9
137010	15142	137010	43	137010	0	137010	1	137010	5329,9
137020	15143	137020	45,9	137020	0	137020	1	137020	5329,9
137030	15144	137030	53,6	137030	0	137030	1	137030	5329,9
137040	15145	137040	45,1	137040	0	137040	1	137040	5329,9
EOF
